"Time EST","Dew Point (°C)","Relative Humidity (%)"
"2018-03-01 00:02","3.9","95"
"2018-03-01 00:22","3.1","95"
"2018-03-01 00:42","2.6","97"
"2018-03-01 01:02","2.4","98"
"2018-03-01 01:22","2.4","99"
"2018-03-01 01:42","2.3","99"
"2018-03-01 02:02","2.3","99"
"2018-03-01 02:22","2.2","99"
"2018-03-01 02:42","2.2","99"
"2018-03-01 03:02","2.2","99"
"2018-03-01 03:22","2.2","99"
"2018-03-01 03:42","2.2","99"
"2018-03-01 04:02","2.1","99"
"2018-03-01 04:22","2.0","99"
"2018-03-01 04:42","1.9","99"
"2018-03-01 05:02","1.9","99"
"2018-03-01 05:22","1.8","99"
"2018-03-01 05:42","1.8","99"
"2018-03-01 06:02","1.8","99"
"2018-03-01 06:22","1.9","99"
"2018-03-01 06:42","1.9","99"
"2018-03-01 07:02","2.0","99"
"2018-03-01 07:22","2.0","99"
"2018-03-01 08:42","2.2","99"
"2018-03-01 09:02","2.3","99"
"2018-03-01 09:22","2.3","99"
"2018-03-01 09:42","2.5","99"
"2018-03-01 10:02","2.3","99"
"2018-03-01 10:22","2.5","99"
"2018-03-01 10:42","2.4","98"
"2018-03-01 11:02","2.5","97"
"2018-03-01 11:22","2.3","97"
"2018-03-01 11:42","2.5","97"
"2018-03-01 12:02","2.4","97"
"2018-03-01 12:22","2.2","96"
"2018-03-01 12:42","2.3","95"
"2018-03-01 13:02","2.3","93"
"2018-03-01 13:22","2.0","93"
"2018-03-01 13:42","2.0","93"
"2018-03-01 14:02","2.2","93"
"2018-03-01 14:22","2.2","92"
"2018-03-01 14:42","2.0","91"
"2018-03-01 15:02","1.8","91"
"2018-03-01 15:22","1.3","90"
"2018-03-01 15:42","1.2","90"
"2018-03-01 16:02","1.3","91"
"2018-03-01 16:22","1.2","91"
"2018-03-01 16:42","1.2","91"
"2018-03-01 17:02","1.0","91"
"2018-03-01 17:22","1.0","92"
"2018-03-01 17:42","1.0","92"
"2018-03-01 18:02","1.0","94"
"2018-03-01 18:22","1.1","95"
"2018-03-01 18:42","1.2","97"
"2018-03-01 19:02","1.4","97"
"2018-03-01 19:22","1.1","97"
"2018-03-01 19:42","1.0","99"
"2018-03-01 20:02","0.9","99"
"2018-03-01 20:22","0.7","99"
"2018-03-01 20:42","0.6","99"
"2018-03-01 21:02","0.6","99"
"2018-03-01 21:22","0.4","99"
"2018-03-01 21:42","0.3","99"
"2018-03-01 22:02","0.3","99"
"2018-03-01 22:22","0.3","99"
"2018-03-01 22:42","0.2","99"
"2018-03-01 23:02","0.0","99"
"2018-03-01 23:22","-0.1","99"
"2018-03-01 23:42","-0.3","99"
"2018-03-02 00:02","-0.3","99"
"2018-03-02 00:22","-0.4","99"
"2018-03-02 00:42","-0.4","99"
"2018-03-02 01:02","-0.4","99"
"2018-03-02 01:22","-0.6","99"
"2018-03-02 01:42","-0.8","99"
"2018-03-02 02:02","-0.9","99"
"2018-03-02 02:22","-0.9","99"
"2018-03-02 02:42","-1.0","99"
"2018-03-02 03:02","-1.0","99"
"2018-03-02 03:22","-1.1","99"
"2018-03-02 03:42","-1.1","99"
"2018-03-02 04:02","-1.1","99"
"2018-03-02 04:22","-1.2","99"
"2018-03-02 04:42","-1.2","99"
"2018-03-02 05:02","-1.2","99"
"2018-03-02 05:22","-1.4","99"
"2018-03-02 05:42","-1.5","99"
"2018-03-02 06:02","-1.4","99"
"2018-03-02 06:22","-1.6","99"
"2018-03-02 06:42","-1.5","99"
"2018-03-02 07:02","-1.6","99"
"2018-03-02 07:22","-1.5","99"
"2018-03-02 07:42","-1.5","99"
"2018-03-02 08:02","-1.6","99"
"2018-03-02 08:22","-1.4","99"
"2018-03-02 08:42","-1.2","99"
"2018-03-02 09:02","-1.0","99"
"2018-03-02 09:22","-0.9","99"
"2018-03-02 09:42","-1.0","99"
"2018-03-02 10:02","-1.0","99"
"2018-03-02 10:22","-0.7","99"
"2018-03-02 10:42","-0.6","99"
"2018-03-02 11:02","-1.1","97"
"2018-03-02 11:22","-0.9","97"
"2018-03-02 11:42","-1.0","96"
"2018-03-02 12:02","-1.2","94"
"2018-03-02 12:22","-0.9","92"
"2018-03-02 12:42","-1.2","89"
"2018-03-02 13:02","-1.3","86"
"2018-03-02 13:22","-1.9","83"
"2018-03-02 13:42","-2.1","80"
"2018-03-02 14:02","-1.7","82"
"2018-03-02 14:22","-1.7","82"
"2018-03-02 14:42","-2.1","79"
"2018-03-02 15:02","-2.4","76"
"2018-03-02 15:22","-2.2","73"
"2018-03-02 15:42","-2.7","72"
"2018-03-02 16:02","-2.9","72"
"2018-03-02 16:22","-2.3","75"
"2018-03-02 16:42","-2.5","75"
"2018-03-02 17:02","-2.6","74"
"2018-03-02 17:22","-2.7","76"
"2018-03-02 17:42","-2.5","78"
"2018-03-02 18:02","-3.2","78"
"2018-03-02 18:22","-3.3","78"
"2018-03-02 18:42","-3.6","77"
"2018-03-02 19:02","-3.5","78"
"2018-03-02 19:22","-3.3","80"
"2018-03-02 19:42","-3.4","80"
"2018-03-02 20:02","-3.4","80"
"2018-03-02 20:22","-3.2","82"
"2018-03-02 20:42","-3.1","82"
"2018-03-02 21:02","-3.2","82"
"2018-03-02 21:22","-3.2","82"
"2018-03-02 21:42","-3.1","83"
"2018-03-02 22:02","-3.2","83"
"2018-03-02 22:22","-3.1","84"
"2018-03-02 22:42","-3.0","85"
"2018-03-02 23:02","-3.0","86"
"2018-03-02 23:22","-3.1","87"
"2018-03-02 23:42","-3.5","86"
"2018-03-03 00:02","-4.0","85"
"2018-03-03 00:22","-4.3","85"
"2018-03-03 00:42","-4.7","86"
"2018-03-03 01:02","-4.9","88"
"2018-03-03 01:22","-4.7","88"
"2018-03-03 01:42","-4.3","90"
"2018-03-03 02:02","-4.0","90"
"2018-03-03 02:22","-3.8","90"
"2018-03-03 02:42","-3.6","89"
"2018-03-03 03:02","-3.9","87"
"2018-03-03 03:22","-4.2","87"
"2018-03-03 03:42","-4.3","88"
"2018-03-03 04:02","-4.7","90"
"2018-03-03 04:22","-4.8","91"
"2018-03-03 04:42","-4.8","91"
"2018-03-03 05:02","-5.2","92"
"2018-03-03 05:22","-5.4","93"
"2018-03-03 05:42","-5.0","93"
"2018-03-03 06:02","-5.0","93"
"2018-03-03 06:22","-5.2","94"
"2018-03-03 06:42","-5.2","94"
"2018-03-03 07:02","-5.5","94"
"2018-03-03 07:22","-5.2","95"
"2018-03-03 07:42","-3.9","95"
"2018-03-03 08:02","-3.4","89"
"2018-03-03 08:22","-3.6","85"
"2018-03-03 08:42","-3.6","84"
"2018-03-03 09:02","-3.4","83"
"2018-03-03 09:22","-3.3","82"
"2018-03-03 09:42","-3.0","82"
"2018-03-03 10:02","-3.1","81"
"2018-03-03 10:22","-3.4","79"
"2018-03-03 10:42","-3.4","78"
"2018-03-03 11:02","-3.3","76"
"2018-03-03 11:22","-3.6","72"
"2018-03-03 11:42","-3.7","71"
"2018-03-03 12:02","-4.0","70"
"2018-03-03 12:22","-3.8","68"
"2018-03-03 12:42","-4.0","66"
"2018-03-03 13:02","-4.0","65"
"2018-03-03 13:22","-4.3","63"
"2018-03-03 13:42","-4.4","61"
"2018-03-03 14:02","-3.9","59"
"2018-03-03 14:22","-4.3","58"
"2018-03-03 14:42","-4.5","59"
"2018-03-03 15:02","-4.6","59"
"2018-03-03 15:22","-4.4","58"
"2018-03-03 15:42","-4.6","58"
"2018-03-03 16:02","-4.5","60"
"2018-03-03 16:22","-4.6","61"
"2018-03-03 16:42","-4.3","61"
"2018-03-03 17:02","-4.5","61"
"2018-03-03 17:22","-4.6","62"
"2018-03-03 17:42","-4.6","65"
"2018-03-03 18:02","-4.4","69"
"2018-03-03 18:22","-4.2","74"
"2018-03-03 18:42","-3.9","76"
"2018-03-03 19:02","-3.8","79"
"2018-03-03 19:22","-3.6","82"
"2018-03-03 19:42","-3.5","84"
"2018-03-03 20:02","-3.4","85"
"2018-03-03 20:22","-3.4","86"
"2018-03-03 20:42","-3.3","86"
"2018-03-03 21:02","-3.5","85"
"2018-03-03 21:22","-3.8","85"
"2018-03-03 21:42","-3.9","86"
"2018-03-03 22:02","-3.9","86"
"2018-03-03 22:22","-3.8","88"
"2018-03-03 22:42","-3.8","89"
"2018-03-03 23:02","-4.1","91"
"2018-03-03 23:22","-4.3","92"
"2018-03-03 23:42","-4.5","94"
"2018-03-04 00:03","-4.5","95"
"2018-03-04 00:22","-4.7","96"
"2018-03-04 00:42","-5.0","97"
"2018-03-04 01:02","-5.7","97"
"2018-03-04 01:22","-5.7","98"
"2018-03-04 01:42","-5.6","98"
"2018-03-04 02:02","-5.8","99"
"2018-03-04 02:22","-5.9","99"
"2018-03-04 02:43","-5.3","99"
"2018-03-04 03:02","-4.8","97"
"2018-03-04 03:22","-5.1","96"
"2018-03-04 03:42","-5.6","95"
"2018-03-04 04:02","-5.4","94"
"2018-03-04 04:22","-5.4","91"
"2018-03-04 04:42","-5.4","87"
"2018-03-04 05:02","-5.5","85"
"2018-03-04 05:22","-5.7","85"
"2018-03-04 05:42","-5.7","85"
"2018-03-04 06:02","-5.9","83"
"2018-03-04 06:22","-6.1","83"
"2018-03-04 06:42","-6.3","84"
"2018-03-04 07:02","-6.2","84"
"2018-03-04 07:22","-6.0","81"
"2018-03-04 07:42","-5.9","78"
"2018-03-04 08:02","-5.9","74"
"2018-03-04 08:22","-5.9","71"
"2018-03-04 08:42","-6.2","68"
"2018-03-04 09:02","-6.2","65"
"2018-03-04 09:22","-6.4","63"
"2018-03-04 09:42","-7.0","57"
"2018-03-04 10:02","-7.5","58"
"2018-03-04 10:22","-7.5","57"
"2018-03-04 10:42","-7.8","53"
"2018-03-04 11:02","-8.4","51"
"2018-03-04 11:22","-8.6","50"
"2018-03-04 11:42","-8.5","49"
"2018-03-04 12:02","-9.5","46"
"2018-03-04 12:22","-9.2","46"
"2018-03-04 12:42","-9.7","45"
"2018-03-04 13:02","-9.7","44"
"2018-03-04 13:22","-9.8","43"
"2018-03-04 13:42","-9.2","43"
"2018-03-04 14:02","-9.4","42"
"2018-03-04 14:22","-9.6","42"
"2018-03-04 14:42","-10.1","40"
"2018-03-04 15:02","-10.5","39"
"2018-03-04 15:22","-10.7","39"
"2018-03-04 15:42","-10.1","39"
"2018-03-04 16:02","-10.2","41"
"2018-03-04 16:22","-10.1","42"
"2018-03-04 16:42","-10.0","43"
"2018-03-04 17:02","-9.5","45"
"2018-03-04 17:22","-9.4","46"
"2018-03-04 17:42","-9.5","48"
"2018-03-04 18:02","-9.4","51"
"2018-03-04 18:22","-8.7","56"
"2018-03-04 18:42","-8.5","59"
"2018-03-04 19:02","-8.1","63"
"2018-03-04 19:22","-7.6","65"
"2018-03-04 19:42","-7.3","67"
"2018-03-04 20:02","-7.3","68"
"2018-03-04 20:22","-7.3","68"
"2018-03-04 20:42","-7.3","70"
"2018-03-04 21:02","-7.3","71"
"2018-03-04 21:22","-7.4","71"
"2018-03-04 21:42","-7.1","74"
"2018-03-04 22:02","-6.9","76"
"2018-03-04 22:22","-6.8","78"
"2018-03-04 22:42","-6.6","79"
"2018-03-04 23:02","-6.5","81"
"2018-03-04 23:22","-6.5","82"
"2018-03-04 23:42","-6.4","82"
"2018-03-05 00:02","-6.8","82"
"2018-03-05 00:22","-7.1","82"
"2018-03-05 00:42","-7.8","76"
"2018-03-05 01:02","-8.3","71"
"2018-03-05 01:22","-8.9","71"
"2018-03-05 01:42","-9.0","69"
"2018-03-05 02:02","-9.3","70"
"2018-03-05 02:22","-9.3","71"
"2018-03-05 02:42","-9.4","73"
"2018-03-05 03:02","-9.1","75"
"2018-03-05 03:22","-9.2","75"
"2018-03-05 03:42","-9.2","77"
"2018-03-05 04:02","-9.1","79"
"2018-03-05 04:22","-9.1","80"
"2018-03-05 04:42","-9.2","82"
"2018-03-05 05:02","-9.2","85"
"2018-03-05 05:22","-9.2","87"
"2018-03-05 05:42","-9.6","88"
"2018-03-05 06:02","-10.5","89"
"2018-03-05 06:22","-10.0","91"
"2018-03-05 06:42","-9.2","92"
"2018-03-05 07:02","-8.8","92"
"2018-03-05 07:22","-7.6","92"
"2018-03-05 07:42","-6.1","91"
"2018-03-05 08:02","-6.0","83"
"2018-03-05 08:22","-6.3","74"
"2018-03-05 08:42","-6.5","68"
"2018-03-05 09:02","-6.8","63"
"2018-03-05 09:22","-6.8","63"
"2018-03-05 09:42","-7.4","62"
"2018-03-05 10:02","-7.1","61"
"2018-03-05 10:22","-7.3","64"
"2018-03-05 10:42","-7.2","66"
"2018-03-05 11:02","-6.9","64"
"2018-03-05 11:22","-7.0","63"
"2018-03-05 11:42","-6.5","62"
"2018-03-05 12:02","-6.2","62"
"2018-03-05 12:22","-5.8","61"
"2018-03-05 12:42","-5.8","60"
"2018-03-05 13:02","-6.3","61"
"2018-03-05 13:22","-5.5","59"
"2018-03-05 13:42","-5.4","59"
"2018-03-05 14:02","-5.2","60"
"2018-03-05 14:22","-5.3","60"
"2018-03-05 14:42","-4.6","58"
"2018-03-05 15:02","-5.2","56"
"2018-03-05 15:22","-5.1","51"
"2018-03-05 15:42","-5.0","52"
"2018-03-05 16:02","-5.0","51"
"2018-03-05 16:22","-5.3","57"
"2018-03-05 16:42","-4.9","67"
"2018-03-05 17:02","-4.6","72"
"2018-03-05 17:22","-3.9","73"
"2018-03-05 17:42","-4.3","76"
"2018-03-05 18:02","-4.3","80"
"2018-03-05 18:22","-4.1","83"
"2018-03-05 18:42","-4.6","86"
"2018-03-05 19:02","-4.2","88"
"2018-03-05 19:22","-5.0","90"
"2018-03-05 19:42","-4.4","92"
"2018-03-05 20:02","-5.3","93"
"2018-03-05 20:22","-4.7","94"
"2018-03-05 20:42","-5.8","95"
"2018-03-05 21:02","-5.9","96"
"2018-03-05 21:22","-4.8","96"
"2018-03-05 21:42","-4.5","97"
"2018-03-05 22:02","-4.3","96"
"2018-03-05 22:22","-4.5","96"
"2018-03-05 22:42","-4.5","96"
"2018-03-05 23:02","-4.6","95"
"2018-03-05 23:22","-3.8","95"
"2018-03-05 23:42","-4.0","93"
"2018-03-06 00:02","-3.8","92"
"2018-03-06 00:22","-3.8","91"
"2018-03-06 00:42","-3.8","91"
"2018-03-06 01:02","-3.9","90"
"2018-03-06 01:22","-4.1","90"
"2018-03-06 01:42","-4.1","90"
"2018-03-06 02:02","-4.0","90"
"2018-03-06 02:22","-4.1","90"
"2018-03-06 02:42","-4.1","88"
"2018-03-06 03:02","-4.3","85"
"2018-03-06 03:22","-4.3","85"
"2018-03-06 03:42","-4.4","85"
"2018-03-06 04:02","-4.4","85"
"2018-03-06 04:22","-4.4","85"
"2018-03-06 04:42","-4.4","85"
"2018-03-06 05:02","-4.5","86"
"2018-03-06 05:22","-4.4","86"
"2018-03-06 05:42","-4.3","87"
"2018-03-06 06:02","-4.3","87"
"2018-03-06 06:22","-4.5","86"
"2018-03-06 06:42","-4.4","87"
"2018-03-06 07:02","-4.4","87"
"2018-03-06 07:22","-4.5","86"
"2018-03-06 07:42","-4.5","85"
"2018-03-06 08:02","-4.4","83"
"2018-03-06 08:22","-4.7","83"
"2018-03-06 08:42","-4.5","82"
"2018-03-06 09:02","-4.6","81"
"2018-03-06 09:22","-4.5","81"
"2018-03-06 09:42","-4.2","80"
"2018-03-06 10:02","-4.2","80"
"2018-03-06 10:22","-4.2","78"
"2018-03-06 10:42","-4.1","73"
"2018-03-06 11:02","-4.5","72"
"2018-03-06 11:22","-4.2","68"
"2018-03-06 11:42","-4.1","69"
"2018-03-06 12:02","-3.9","67"
"2018-03-06 12:22","-4.2","68"
"2018-03-06 12:42","-3.6","69"
"2018-03-06 13:02","-3.8","68"
"2018-03-06 13:22","-3.5","68"
"2018-03-06 13:42","-3.6","68"
"2018-03-06 14:02","-3.3","66"
"2018-03-06 14:22","-3.4","65"
"2018-03-06 14:42","-3.4","67"
"2018-03-06 15:02","-3.1","67"
"2018-03-06 15:22","-2.8","68"
"2018-03-06 15:42","-2.8","69"
"2018-03-06 16:02","-2.5","69"
"2018-03-06 16:22","-1.9","73"
"2018-03-06 16:42","-0.3","86"
"2018-03-06 17:02","0.3","91"
"2018-03-06 17:22","0.4","93"
"2018-03-06 17:42","0.6","96"
"2018-03-06 18:02","0.7","98"
"2018-03-06 18:22","0.5","99"
"2018-03-06 18:42","0.4","99"
"2018-03-06 19:02","0.4","99"
"2018-03-06 19:22","0.6","99"
"2018-03-06 19:42","0.3","99"
"2018-03-06 20:02","0.2","99"
"2018-03-06 20:22","-0.4","99"
"2018-03-06 20:42","-0.8","99"
"2018-03-06 21:02","-1.1","99"
"2018-03-06 21:22","-1.0","99"
"2018-03-06 21:42","-0.9","99"
"2018-03-06 22:02","-1.4","99"
"2018-03-06 22:22","-2.2","99"
"2018-03-06 22:42","-2.3","99"
"2018-03-06 23:02","-1.6","99"
"2018-03-06 23:22","-2.9","99"
"2018-03-06 23:42","-3.0","99"
"2018-03-07 00:02","-2.5","99"
"2018-03-07 00:22","-2.4","99"
"2018-03-07 00:42","-2.9","99"
"2018-03-07 01:02","-2.9","99"
"2018-03-07 01:22","-2.9","99"
"2018-03-07 01:42","-2.9","99"
"2018-03-07 02:02","-3.6","99"
"2018-03-07 02:22","-4.1","99"
"2018-03-07 02:42","-4.4","99"
"2018-03-07 03:02","-2.9","99"
"2018-03-07 03:22","-4.0","99"
"2018-03-07 03:42","-3.7","99"
"2018-03-07 04:02","-4.8","99"
"2018-03-07 04:22","-3.6","99"
"2018-03-07 04:42","-4.1","99"
"2018-03-07 05:02","-4.5","99"
"2018-03-07 05:22","-4.7","99"
"2018-03-07 05:42","-4.4","99"
"2018-03-07 06:02","-4.1","99"
"2018-03-07 06:22","-4.3","99"
"2018-03-07 06:42","-3.2","99"
"2018-03-07 07:02","-3.7","99"
"2018-03-07 07:22","-2.8","99"
"2018-03-07 07:42","-1.7","99"
"2018-03-07 08:02","-1.0","99"
"2018-03-07 08:22","-0.2","99"
"2018-03-07 08:42","1.0","99"
"2018-03-07 09:02","0.9","99"
"2018-03-07 09:22","1.3","99"
"2018-03-07 09:42","1.6","99"
"2018-03-07 10:02","1.9","99"
"2018-03-07 10:22","1.4","94"
"2018-03-07 10:42","0.8","90"
"2018-03-07 11:02","0.5","87"
"2018-03-07 11:22","0.4","85"
"2018-03-07 11:42","0.5","83"
"2018-03-07 12:02","0.3","82"
"2018-03-07 12:22","1.1","88"
"2018-03-07 12:42","2.2","92"
"2018-03-07 13:02","2.3","94"
"2018-03-07 13:22","2.2","96"
"2018-03-07 13:42","2.4","98"
"2018-03-07 14:02","1.9","99"
"2018-03-07 14:22","1.9","99"
"2018-03-07 14:42","2.0","99"
"2018-03-07 15:02","2.2","99"
"2018-03-07 15:22","2.5","93"
"2018-03-07 15:42","1.5","82"
"2018-03-07 16:02","1.5","84"
"2018-03-07 16:22","1.1","85"
"2018-03-07 16:42","1.5","91"
"2018-03-07 17:02","1.2","93"
"2018-03-07 17:22","0.9","95"
"2018-03-07 17:42","1.0","96"
"2018-03-07 18:02","0.8","97"
"2018-03-07 18:22","0.8","98"
"2018-03-07 18:42","0.5","98"
"2018-03-07 19:02","0.3","97"
"2018-03-07 19:22","0.2","97"
"2018-03-07 19:42","0.1","97"
"2018-03-07 20:02","0.2","98"
"2018-03-07 20:22","0.3","99"
"2018-03-07 20:42","0.3","99"
"2018-03-07 21:02","0.3","99"
"2018-03-07 21:22","0.3","99"
"2018-03-07 21:42","0.2","99"
"2018-03-07 22:02","-0.1","99"
"2018-03-07 22:22","-0.1","99"
"2018-03-07 22:42","-0.2","99"
"2018-03-07 23:02","-0.2","99"
"2018-03-07 23:22","-0.4","99"
"2018-03-07 23:42","-0.8","98"
"2018-03-08 00:02","-1.4","95"
"2018-03-08 00:22","-1.7","92"
"2018-03-08 00:42","-1.7","93"
"2018-03-08 01:02","-1.4","97"
"2018-03-08 01:22","-1.4","99"
"2018-03-08 01:42","-1.7","99"
"2018-03-08 02:02","-2.2","97"
"2018-03-08 02:22","-2.6","96"
"2018-03-08 02:42","-3.0","94"
"2018-03-08 03:02","-3.0","94"
"2018-03-08 03:22","-3.2","92"
"2018-03-08 03:42","-4.1","91"
"2018-03-08 04:02","-4.9","88"
"2018-03-08 04:22","-4.9","89"
"2018-03-08 04:42","-4.8","88"
"2018-03-08 05:02","-4.7","89"
"2018-03-08 05:22","-4.3","91"
"2018-03-08 05:42","-4.0","92"
"2018-03-08 06:02","-4.4","93"
"2018-03-08 06:22","-5.7","89"
"2018-03-08 06:42","-6.1","87"
"2018-03-08 07:02","-6.0","87"
"2018-03-08 07:22","-5.6","87"
"2018-03-08 07:42","-5.7","85"
"2018-03-08 08:02","-5.8","82"
"2018-03-08 08:22","-5.5","81"
"2018-03-08 08:42","-5.2","82"
"2018-03-08 09:02","-5.0","82"
"2018-03-08 09:22","-4.5","79"
"2018-03-08 09:42","-4.9","78"
"2018-03-08 10:02","-4.9","79"
"2018-03-08 10:22","-5.2","78"
"2018-03-08 10:42","-5.7","74"
"2018-03-08 11:02","-5.0","73"
"2018-03-08 11:22","-4.7","75"
"2018-03-08 11:42","-4.5","83"
"2018-03-08 12:02","-3.8","85"
"2018-03-08 12:22","-5.0","76"
"2018-03-08 12:42","-5.2","75"
"2018-03-08 13:02","-5.0","79"
"2018-03-08 13:22","-3.9","83"
"2018-03-08 13:42","-3.6","86"
"2018-03-08 14:02","-3.4","87"
"2018-03-08 14:22","-3.2","90"
"2018-03-08 14:42","-2.6","91"
"2018-03-08 15:02","-2.5","93"
"2018-03-08 15:22","-2.3","94"
"2018-03-08 15:42","-2.2","93"
"2018-03-08 16:02","-2.5","90"
"2018-03-08 16:22","-2.3","94"
"2018-03-08 16:42","-2.1","95"
"2018-03-08 17:02","-2.0","96"
"2018-03-08 17:22","-2.2","97"
"2018-03-08 17:42","-2.3","97"
"2018-03-08 18:02","-2.1","97"
"2018-03-08 18:22","-2.1","98"
"2018-03-08 18:42","-2.0","99"
"2018-03-08 19:02","-2.0","99"
"2018-03-08 19:22","-1.9","99"
"2018-03-08 19:42","-2.0","99"
"2018-03-08 20:02","-2.2","99"
"2018-03-08 20:22","-2.3","99"
"2018-03-08 20:42","-2.6","99"
"2018-03-08 21:02","-2.7","99"
"2018-03-08 21:22","-3.2","99"
"2018-03-08 21:42","-3.3","99"
"2018-03-08 22:02","-4.2","99"
"2018-03-08 22:22","-5.2","99"
"2018-03-08 22:42","-6.1","99"
"2018-03-08 23:02","-5.3","99"
"2018-03-08 23:22","-5.3","99"
"2018-03-08 23:42","-5.3","99"
"2018-03-09 00:02","-4.6","99"
"2018-03-09 00:22","-4.4","99"
"2018-03-09 00:42","-4.1","99"
"2018-03-09 01:02","-4.5","99"
"2018-03-09 01:22","-4.5","99"
"2018-03-09 01:42","-4.5","99"
"2018-03-09 02:02","-4.6","99"
"2018-03-09 02:22","-4.4","99"
"2018-03-09 02:42","-3.9","99"
"2018-03-09 03:02","-3.6","99"
"2018-03-09 03:22","-3.5","99"
"2018-03-09 03:42","-3.3","99"
"2018-03-09 04:02","-3.0","99"
"2018-03-09 04:22","-3.0","99"
"2018-03-09 04:42","-3.0","99"
"2018-03-09 05:02","-3.0","99"
"2018-03-09 05:22","-3.1","99"
"2018-03-09 05:42","-2.9","99"
"2018-03-09 06:02","-2.8","99"
"2018-03-09 06:22","-2.8","99"
"2018-03-09 06:42","-2.7","99"
"2018-03-09 07:02","-2.4","99"
"2018-03-09 07:22","-2.2","99"
"2018-03-09 07:42","-1.9","99"
"2018-03-09 08:02","-1.6","99"
"2018-03-09 08:22","-1.4","99"
"2018-03-09 08:42","-1.2","98"
"2018-03-09 09:02","-1.0","97"
"2018-03-09 09:22","-0.6","95"
"2018-03-09 09:42","-0.4","96"
"2018-03-09 10:02","-0.2","99"
"2018-03-09 10:22","0.2","99"
"2018-03-09 10:42","0.4","99"
"2018-03-09 11:02","0.1","97"
"2018-03-09 11:22","-0.1","95"
"2018-03-09 11:42","-0.1","92"
"2018-03-09 12:02","-0.1","94"
"2018-03-09 12:22","0.4","96"
"2018-03-09 12:42","0.4","94"
"2018-03-09 13:02","-0.3","93"
"2018-03-09 13:22","-0.4","92"
"2018-03-09 13:42","0.1","92"
"2018-03-09 14:02","0.2","92"
"2018-03-09 14:22","-0.4","87"
"2018-03-09 14:42","0.1","92"
"2018-03-09 15:02","-0.7","86"
"2018-03-09 15:22","0.0","90"
"2018-03-09 15:42","-0.2","95"
"2018-03-09 16:02","0.1","97"
"2018-03-09 16:22","-0.2","97"
"2018-03-09 16:42","-0.5","99"
"2018-03-09 17:02","-0.5","98"
"2018-03-09 17:22","-0.7","99"
"2018-03-09 17:42","-0.8","99"
"2018-03-09 18:02","-1.0","99"
"2018-03-09 18:22","-1.1","99"
"2018-03-09 18:42","-1.1","99"
"2018-03-09 19:02","-1.3","99"
"2018-03-09 19:22","-1.7","99"
"2018-03-09 19:42","-2.1","97"
"2018-03-09 20:02","-2.9","92"
"2018-03-09 20:22","-3.7","86"
"2018-03-09 20:42","-4.5","81"
"2018-03-09 21:02","-4.9","79"
"2018-03-09 21:22","-5.3","76"
"2018-03-09 21:42","-5.3","75"
"2018-03-09 22:02","-5.5","74"
"2018-03-09 22:22","-5.3","75"
"2018-03-09 22:42","-4.9","78"
"2018-03-09 23:02","-4.5","81"
"2018-03-09 23:22","-4.2","83"
"2018-03-09 23:42","-4.0","84"
"2018-03-10 00:02","-3.4","87"
"2018-03-10 00:22","-3.1","90"
"2018-03-10 00:42","-3.2","90"
"2018-03-10 01:02","-3.0","91"
"2018-03-10 01:22","-2.9","92"
"2018-03-10 01:42","-2.9","92"
"2018-03-10 02:02","-3.0","92"
"2018-03-10 02:22","-3.0","92"
"2018-03-10 02:42","-3.2","91"
"2018-03-10 03:02","-3.3","91"
"2018-03-10 03:22","-3.3","91"
"2018-03-10 03:42","-3.2","92"
"2018-03-10 04:02","-3.3","92"
"2018-03-10 04:22","-3.4","92"
"2018-03-10 04:42","-3.3","93"
"2018-03-10 05:02","-3.3","93"
"2018-03-10 05:22","-3.2","94"
"2018-03-10 05:42","-3.2","94"
"2018-03-10 06:02","-3.2","93"
"2018-03-10 06:22","-3.3","92"
"2018-03-10 06:42","-3.4","91"
"2018-03-10 07:02","-3.5","90"
"2018-03-10 07:22","-3.5","89"
"2018-03-10 07:42","-3.5","88"
"2018-03-10 08:02","-3.4","88"
"2018-03-10 08:22","-3.3","87"
"2018-03-10 08:42","-3.2","86"
"2018-03-10 09:02","-3.5","83"
"2018-03-10 09:22","-3.1","81"
"2018-03-10 09:42","-3.3","79"
"2018-03-10 10:02","-3.2","77"
"2018-03-10 10:22","-2.9","75"
"2018-03-10 10:42","-3.4","76"
"2018-03-10 11:02","-3.1","73"
"2018-03-10 11:22","-3.7","72"
"2018-03-10 11:42","-3.3","71"
"2018-03-10 12:02","-4.5","67"
"2018-03-10 12:22","-4.7","65"
"2018-03-10 12:42","-4.5","66"
"2018-03-10 13:02","-5.0","65"
"2018-03-10 13:22","-4.9","63"
"2018-03-10 13:42","-5.0","64"
"2018-03-10 14:02","-4.6","66"
"2018-03-10 14:22","-4.4","67"
"2018-03-10 14:42","-4.1","70"
"2018-03-10 15:02","-4.0","71"
"2018-03-10 15:22","-3.9","69"
"2018-03-10 15:42","-3.8","73"
"2018-03-10 16:02","-3.7","70"
"2018-03-10 16:22","-4.4","67"
"2018-03-10 16:42","-4.4","68"
"2018-03-10 17:02","-4.3","69"
"2018-03-10 17:22","-3.9","73"
"2018-03-10 17:42","-3.7","75"
"2018-03-10 18:02","-3.3","78"
"2018-03-10 18:22","-3.0","81"
"2018-03-10 18:42","-2.9","83"
"2018-03-10 19:02","-2.6","85"
"2018-03-10 19:22","-2.4","87"
"2018-03-10 19:42","-2.2","89"
"2018-03-10 20:02","-2.2","89"
"2018-03-10 20:22","-2.3","89"
"2018-03-10 20:42","-2.2","90"
"2018-03-10 21:02","-2.2","90"
"2018-03-10 21:22","-2.1","90"
"2018-03-10 21:42","-2.3","90"
"2018-03-10 22:02","-2.5","89"
"2018-03-10 22:22","-3.2","84"
"2018-03-10 22:42","-3.6","82"
"2018-03-10 23:02","-4.4","78"
"2018-03-10 23:22","-4.9","76"
"2018-03-10 23:42","-5.1","76"
"2018-03-11 00:02","-5.5","75"
"2018-03-11 00:22","-5.6","76"
"2018-03-11 00:42","-5.5","80"
"2018-03-11 01:02","-5.5","83"
"2018-03-11 01:22","-5.6","86"
"2018-03-11 01:42","-5.5","87"
"2018-03-11 03:02","-5.7","88"
"2018-03-11 03:22","-5.8","90"
"2018-03-11 03:42","-6.0","91"
"2018-03-11 04:02","-5.9","92"
"2018-03-11 04:22","-6.3","94"
"2018-03-11 04:42","-6.4","95"
"2018-03-11 05:02","-6.4","96"
"2018-03-11 05:22","-6.6","97"
"2018-03-11 05:42","-6.4","98"
"2018-03-11 06:03","-6.7","98"
"2018-03-11 06:22","-6.6","99"
"2018-03-11 06:42","-6.2","99"
"2018-03-11 07:02","-6.0","99"
"2018-03-11 07:22","-6.0","99"
"2018-03-11 09:42","-4.1","92"
"2018-03-11 10:02","-3.7","91"
"2018-03-11 10:22","-3.1","90"
"2018-03-11 10:42","-3.2","86"
"2018-03-11 11:02","-3.7","88"
"2018-03-11 11:22","-2.1","83"
"2018-03-11 11:42","-2.9","81"
"2018-03-11 12:02","-3.0","83"
"2018-03-11 12:22","-2.9","88"
"2018-03-11 12:42","-1.3","83"
"2018-03-11 13:02","-2.9","82"
"2018-03-11 13:22","-2.4","86"
"2018-03-11 13:42","-2.3","84"
"2018-03-11 14:02","-2.2","83"
"2018-03-11 14:22","-2.2","80"
"2018-03-11 14:42","-2.4","78"
"2018-03-11 15:02","-2.4","82"
"2018-03-11 15:22","-2.0","81"
"2018-03-11 15:42","-2.1","80"
"2018-03-11 16:02","-2.5","81"
"2018-03-11 16:22","-2.7","77"
"2018-03-11 16:42","-2.7","80"
"2018-03-11 17:02","-3.4","77"
"2018-03-11 17:22","-3.3","78"
"2018-03-11 17:42","-2.8","79"
"2018-03-11 18:02","-3.1","81"
"2018-03-11 18:22","-3.0","85"
"2018-03-11 18:42","-2.9","86"
"2018-03-11 19:02","-2.8","88"
"2018-03-11 19:22","-2.9","89"
"2018-03-11 19:42","-3.2","90"
"2018-03-11 20:02","-3.4","91"
"2018-03-11 20:22","-3.4","92"
"2018-03-11 20:42","-3.3","94"
"2018-03-11 21:02","-3.3","95"
"2018-03-11 21:22","-3.2","97"
"2018-03-11 21:42","-3.2","97"
"2018-03-11 22:02","-3.1","99"
"2018-03-11 22:22","-3.0","99"
"2018-03-11 22:42","-3.0","99"
"2018-03-11 23:02","-2.9","99"
"2018-03-11 23:22","-2.9","99"
"2018-03-11 23:42","-2.9","99"
"2018-03-12 00:02","-3.0","99"
"2018-03-12 00:22","-2.8","99"
"2018-03-12 00:42","-2.8","99"
"2018-03-12 01:02","-2.8","99"
"2018-03-12 01:22","-2.8","99"
"2018-03-12 01:42","-2.8","99"
"2018-03-12 02:02","-2.8",""
"2018-03-12 02:22","-2.9","99"
"2018-03-12 02:42","-2.9","98"
"2018-03-12 03:02","-3.1","98"
"2018-03-12 03:22","-3.2","98"
"2018-03-12 03:42","-3.3","98"
"2018-03-12 04:03","-3.4","98"
"2018-03-12 04:22","-3.2","98"
"2018-03-12 04:42","-3.1","98"
"2018-03-12 05:02","-3.1","98"
"2018-03-12 05:22","-3.2","98"
"2018-03-12 05:42","-3.2","98"
"2018-03-12 06:02","-3.0","99"
"2018-03-12 06:22","-3.1","99"
"2018-03-12 06:42","-3.1","99"
"2018-03-12 07:02","-3.1","99"
"2018-03-12 07:22","-3.2","99"
"2018-03-12 07:42","-3.2","99"
"2018-03-12 08:02","-2.9","99"
"2018-03-12 08:22","-2.6","99"
"2018-03-12 08:42","-2.6","96"
"2018-03-12 09:02","-2.8","94"
"2018-03-12 09:22","-2.9","91"
"2018-03-12 09:42","-3.1","88"
"2018-03-12 10:02","-3.2","86"
"2018-03-12 10:22","-3.1","85"
"2018-03-12 10:42","-3.2","83"
"2018-03-12 11:02","-3.5","83"
"2018-03-12 11:22","-3.3","81"
"2018-03-12 11:42","-3.6","80"
"2018-03-12 12:02","-3.0","77"
"2018-03-12 12:22","-4.4","75"
"2018-03-12 12:42","-4.5","73"
"2018-03-12 13:02","","72"
"2018-03-12 13:22","-5.0","70"
"2018-03-12 13:42","-5.1","69"
"2018-03-12 14:02","-3.9","67"
"2018-03-12 14:22","-4.9","61"
"2018-03-12 14:42","-5.0","62"
"2018-03-12 15:02","-5.0","63"
"2018-03-12 15:22","-5.1","61"
"2018-03-12 15:42","-5.3","62"
"2018-03-12 16:02","-5.2","63"
"2018-03-12 16:22","-4.3","69"
"2018-03-12 16:42","-3.8","74"
"2018-03-12 17:02","-2.9","81"
"2018-03-12 17:22","-2.5","84"
"2018-03-12 17:42","-2.5","85"
"2018-03-12 18:02","-2.7","86"
"2018-03-12 18:22","-2.7","86"
"2018-03-12 18:42","-2.9","85"
"2018-03-12 19:02","-3.1","86"
"2018-03-12 19:22","-3.1","86"
"2018-03-12 19:42","-3.1","87"
"2018-03-12 20:02","-3.1","87"
"2018-03-12 20:22","-3.2","88"
"2018-03-12 20:42","-3.0","89"
"2018-03-12 21:02","-3.0","89"
"2018-03-12 21:22","-3.0","90"
"2018-03-12 21:42","-2.7","90"
"2018-03-12 22:02","-2.8","90"
"2018-03-12 22:22","-3.1","91"
"2018-03-12 22:42","-3.4","91"
"2018-03-12 23:02","-3.5","91"
"2018-03-12 23:22","-3.6","91"
"2018-03-12 23:42","-3.6","91"
"2018-03-13 00:02","-2.8","96"
"2018-03-13 00:22","-2.5","99"
"2018-03-13 00:42","-2.7","99"
"2018-03-13 01:02","-2.9","99"
"2018-03-13 01:22","-2.9","99"
"2018-03-13 01:42","-2.9","99"
"2018-03-13 02:02","-2.9","99"
"2018-03-13 02:22","-2.9","99"
"2018-03-13 02:42","-2.9","99"
"2018-03-13 03:02","-2.9","99"
"2018-03-13 03:22","-2.9","99"
"2018-03-13 03:42","-3.1","99"
"2018-03-13 04:02","-3.1","99"
"2018-03-13 04:22","-3.1","99"
"2018-03-13 04:42","-3.2","99"
"2018-03-13 05:02","-3.5","99"
"2018-03-13 05:22","-3.6","99"
"2018-03-13 05:42","-3.8","99"
"2018-03-13 06:02","-4.0","99"
"2018-03-13 06:22","-4.1","99"
"2018-03-13 06:42","-4.1","99"
"2018-03-13 07:02","-4.1","99"
"2018-03-13 07:22","-4.1","99"
"2018-03-13 07:42","-4.1","99"
"2018-03-13 08:02","-4.6","99"
"2018-03-13 08:22","-4.8","99"
"2018-03-13 08:42","-4.6","99"
"2018-03-13 09:02","-3.8","99"
"2018-03-13 09:22","-3.5","97"
"2018-03-13 09:42","-3.7","94"
"2018-03-13 10:02","-3.6","92"
"2018-03-13 10:22","-4.1","90"
"2018-03-13 10:42","-3.1","86"
"2018-03-13 11:02","-2.9","82"
"2018-03-13 11:22","-2.9","80"
"2018-03-13 11:42","-3.1","74"
"2018-03-13 12:02","-4.1","75"
"2018-03-13 12:22","-4.0","74"
"2018-03-13 12:42","-4.2","74"
"2018-03-13 13:02","-4.0","72"
"2018-03-13 13:22","-4.0","75"
"2018-03-13 13:42","-4.4","70"
"2018-03-13 14:02","-4.8","68"
"2018-03-13 14:22","-4.7","67"
"2018-03-13 14:42","-4.1","70"
"2018-03-13 15:02","-4.0","69"
"2018-03-13 15:22","-4.2","68"
"2018-03-13 15:42","-3.1","76"
"2018-03-13 16:02","-2.4","80"
"2018-03-13 16:22","-1.8","83"
"2018-03-13 16:42","-1.6","85"
"2018-03-13 17:02","-1.5","86"
"2018-03-13 17:22","-2.2","84"
"2018-03-13 17:42","-2.5","81"
"2018-03-13 18:02","-1.9","82"
"2018-03-13 18:22","-2.8","81"
"2018-03-13 18:42","-1.3","94"
"2018-03-13 19:02","-1.4","98"
"2018-03-13 19:22","-1.4","99"
"2018-03-13 19:42","-1.6","99"
"2018-03-13 20:02","-1.5","99"
"2018-03-13 20:22","-1.5","99"
"2018-03-13 20:42","-1.4","99"
"2018-03-13 21:02","-1.7","99"
"2018-03-13 21:22","-1.7","99"
"2018-03-13 21:42","-1.9","99"
"2018-03-13 22:02","-2.2","99"
"2018-03-13 22:22","-2.3","99"
"2018-03-13 22:42","-2.4","99"
"2018-03-13 23:02","-2.6","99"
"2018-03-13 23:22","-2.7","99"
"2018-03-13 23:42","-2.9","99"
"2018-03-14 00:02","-3.0","98"
"2018-03-14 00:22","-2.9","98"
"2018-03-14 00:42","-2.9","99"
"2018-03-14 01:02","-2.8","99"
"2018-03-14 01:22","-2.8","99"
"2018-03-14 01:42","-2.8","99"
"2018-03-14 02:02","-2.9","99"
"2018-03-14 02:22","-2.8","99"
"2018-03-14 02:42","-2.8","99"
"2018-03-14 03:02","-2.8","99"
"2018-03-14 03:22","-2.8","99"
"2018-03-14 03:42","-2.6","99"
"2018-03-14 04:02","-2.5","99"
"2018-03-14 04:22","-2.4","99"
"2018-03-14 04:42","-2.3","99"
"2018-03-14 05:02","-2.3","99"
"2018-03-14 05:22","-2.3","99"
"2018-03-14 05:42","-2.3","99"
"2018-03-14 06:02","-2.3","99"
"2018-03-14 06:22","-2.3","99"
"2018-03-14 06:42","-2.5","99"
"2018-03-14 07:02","-2.6","99"
"2018-03-14 07:22","-2.7","99"
"2018-03-14 07:42","-2.9","99"
"2018-03-14 08:02","-2.9","99"
"2018-03-14 08:22","-2.9","99"
"2018-03-14 08:42","-2.9","99"
"2018-03-14 09:02","-2.9","99"
"2018-03-14 09:22","-2.9","99"
"2018-03-14 09:42","-2.8","99"
"2018-03-14 10:02","-2.6","99"
"2018-03-14 10:22","-2.4","99"
"2018-03-14 10:42","-2.3","99"
"2018-03-14 11:02","-2.3","99"
"2018-03-14 11:22","-2.1","99"
"2018-03-14 11:42","-2.2","96"
"2018-03-14 12:02","-2.1","96"
"2018-03-14 12:22","-1.9","96"
"2018-03-14 12:42","-1.8","95"
"2018-03-14 13:02","-1.8","92"
"2018-03-14 13:22","-1.6","91"
"2018-03-14 13:42","-2.0","88"
"2018-03-14 14:02","-1.7","86"
"2018-03-14 14:22","-2.3","84"
"2018-03-14 14:42","-2.4","85"
"2018-03-14 15:02","-2.3","85"
"2018-03-14 15:22","-1.5","92"
"2018-03-14 15:42","-1.3","95"
"2018-03-14 16:02","-1.3","95"
"2018-03-14 16:22","-1.3","95"
"2018-03-14 16:42","-1.4","95"
"2018-03-14 17:02","-1.5","95"
"2018-03-14 17:22","-1.6","95"
"2018-03-14 17:42","-1.8","94"
"2018-03-14 18:02","-1.7","94"
"2018-03-14 18:22","-3.0","85"
"2018-03-14 18:42","-3.4","85"
"2018-03-14 19:02","-3.9","83"
"2018-03-14 19:22","-4.6","81"
"2018-03-14 19:42","-5.0","79"
"2018-03-14 20:02","-5.1","79"
"2018-03-14 20:22","-5.3","79"
"2018-03-14 20:42","-5.5","79"
"2018-03-14 21:02","-5.3","80"
"2018-03-14 21:22","-5.5","79"
"2018-03-14 21:42","-5.6","81"
"2018-03-14 22:02","-5.5","82"
"2018-03-14 22:22","-5.9","81"
"2018-03-14 22:42","-6.0","81"
"2018-03-14 23:02","-6.0","82"
"2018-03-14 23:22","-6.1","82"
"2018-03-14 23:42","-6.2","83"
"2018-03-15 00:02","-6.0","83"
"2018-03-15 00:22","-6.0","83"
"2018-03-15 00:42","-5.8","86"
"2018-03-15 01:02","-5.4","89"
"2018-03-15 01:22","-5.5","91"
"2018-03-15 01:42","-5.2","93"
"2018-03-15 02:02","-4.2","95"
"2018-03-15 02:22","-3.8","96"
"2018-03-15 02:42","-3.7","97"
"2018-03-15 03:02","-3.6","97"
"2018-03-15 03:22","-3.4","99"
"2018-03-15 03:42","-3.3","99"
"2018-03-15 04:02","-3.2","99"
"2018-03-15 04:22","-3.3","99"
"2018-03-15 04:42","-3.9","99"
"2018-03-15 05:02","-4.0","99"
"2018-03-15 05:22","-4.1","99"
"2018-03-15 05:42","-4.1","99"
"2018-03-15 06:02","-4.5","99"
"2018-03-15 06:22","-4.3","99"
"2018-03-15 06:42","-4.5","99"
"2018-03-15 07:02","-4.1","99"
"2018-03-15 07:22","-3.9","99"
"2018-03-15 07:42","-3.9","99"
"2018-03-15 08:02","-3.5","99"
"2018-03-15 08:22","-2.7","99"
"2018-03-15 08:42","-2.2","99"
"2018-03-15 09:02","-1.3","99"
"2018-03-15 09:22","-0.5","99"
"2018-03-15 09:42","0.8","99"
"2018-03-15 10:02","0.6","97"
"2018-03-15 10:22","0.1","91"
"2018-03-15 10:42","-2.1","80"
"2018-03-15 11:02","-2.9","71"
"2018-03-15 11:22","-3.6","63"
"2018-03-15 11:42","-4.0","61"
"2018-03-15 12:02","-4.1","57"
"2018-03-15 12:22","-3.9","54"
"2018-03-15 12:42","-5.9","51"
"2018-03-15 13:02","-6.4","47"
"2018-03-15 13:22","-6.7","49"
"2018-03-15 13:42","-6.9","46"
"2018-03-15 14:02","-6.8","46"
"2018-03-15 14:22","-6.5","47"
"2018-03-15 14:42","-6.6","48"
"2018-03-15 15:02","-5.3","55"
"2018-03-15 15:22","-4.4","57"
"2018-03-15 15:42","-3.9","63"
"2018-03-15 16:02","-2.3","77"
"2018-03-15 16:22","-0.4","93"
"2018-03-15 16:42","0.7","96"
"2018-03-15 17:02","0.6","95"
"2018-03-15 17:22","0.3","91"
"2018-03-15 17:42","-1.3","82"
"2018-03-15 18:02","0.0","95"
"2018-03-15 18:22","0.0","98"
"2018-03-15 18:42","0.2","98"
"2018-03-15 19:02","-0.4","95"
"2018-03-15 19:22","-0.9","91"
"2018-03-15 19:42","-1.7","85"
"2018-03-15 20:02","-2.4","80"
"2018-03-15 20:22","-3.0","76"
"2018-03-15 20:42","-1.0","90"
"2018-03-15 21:02","-0.6","97"
"2018-03-15 21:22","-0.8","98"
"2018-03-15 21:42","-1.0","98"
"2018-03-15 22:02","-0.8","99"
"2018-03-15 22:22","-1.1","99"
"2018-03-15 22:42","-1.1","99"
"2018-03-15 23:02","-1.2","99"
"2018-03-15 23:22","-1.3","99"
"2018-03-15 23:42","-1.3","99"
"2018-03-16 00:02","-1.4","99"
"2018-03-16 00:22","-1.6","99"
"2018-03-16 00:42","-2.6","97"
"2018-03-16 01:02","-3.8","90"
"2018-03-16 01:22","-4.4","85"
"2018-03-16 01:42","-4.8","84"
"2018-03-16 02:02","-6.1","79"
"2018-03-16 02:22","-6.1","78"
"2018-03-16 02:42","-6.2","78"
"2018-03-16 03:02","-6.5","77"
"2018-03-16 03:22","-6.8","75"
"2018-03-16 03:42","-6.0","82"
"2018-03-16 04:02","-5.7","85"
"2018-03-16 04:22","-5.2","89"
"2018-03-16 04:42","-4.7","92"
"2018-03-16 05:02","-4.1","96"
"2018-03-16 05:22","-5.1","89"
"2018-03-16 05:42","-6.8","81"
"2018-03-16 06:02","-7.6","77"
"2018-03-16 06:22","","79"
"2018-03-16 06:42","-7.4","81"
"2018-03-16 07:02","-7.0","84"
"2018-03-16 07:22","-9.4","71"
"2018-03-16 07:42","-8.9","75"
"2018-03-16 08:02","-8.8","77"
"2018-03-16 08:22","-9.3","75"
"2018-03-16 08:42","-9.1","74"
"2018-03-16 09:02","-8.8","76"
"2018-03-16 09:22","-7.7","83"
"2018-03-16 09:42","-8.5","79"
"2018-03-16 10:02","-8.7","75"
"2018-03-16 10:22","-8.9","75"
"2018-03-16 10:42","-8.6","72"
"2018-03-16 11:02","-9.2","72"
"2018-03-16 11:22","-9.1","73"
"2018-03-16 11:42","-9.0","71"
"2018-03-16 12:02","-8.5","69"
"2018-03-16 12:22","-9.3","68"
"2018-03-16 12:42","-9.0","67"
"2018-03-16 13:02","-9.0","64"
"2018-03-16 13:22","-8.5","62"
"2018-03-16 13:42","-8.7","63"
"2018-03-16 14:02","-7.5","69"
"2018-03-16 14:22","-8.6","64"
"2018-03-16 14:42","-8.5","60"
"2018-03-16 15:02","-8.2","60"
"2018-03-16 15:22","-8.0","60"
"2018-03-16 15:42","-8.4","61"
"2018-03-16 16:02","-7.6","60"
"2018-03-16 16:22","-7.6","59"
"2018-03-16 16:42","-8.2","58"
"2018-03-16 17:02","-7.8","57"
"2018-03-16 17:22","-8.1","57"
"2018-03-16 17:42","-8.3","56"
"2018-03-16 18:02","-8.3","57"
"2018-03-16 18:22","-8.5","58"
"2018-03-16 18:42","-8.6","58"
"2018-03-16 19:02","-8.5","60"
"2018-03-16 19:22","-8.3","63"
"2018-03-16 19:42","-8.0","66"
"2018-03-16 20:02","-7.8","68"
"2018-03-16 20:22","-7.7","70"
"2018-03-16 20:42","-7.3","73"
"2018-03-16 21:02","-7.1","76"
"2018-03-16 21:22","-7.1","77"
"2018-03-16 21:42","-7.3","77"
"2018-03-16 22:02","-7.4","78"
"2018-03-16 22:22","-7.4","78"
"2018-03-16 22:42","-7.4","79"
"2018-03-16 23:02","-7.5","81"
"2018-03-16 23:22","-7.7","81"
"2018-03-16 23:42","-8.1","79"
"2018-03-17 00:02","-8.4","78"
"2018-03-17 00:22","-8.5","77"
"2018-03-17 00:42","-8.5","79"
"2018-03-17 01:02","-8.1","84"
"2018-03-17 01:22","-7.5","88"
"2018-03-17 01:42","-7.5","91"
"2018-03-17 02:02","-7.0","93"
"2018-03-17 02:22","-6.3","95"
"2018-03-17 02:42","-6.0","97"
"2018-03-17 03:02","-5.7","98"
"2018-03-17 03:22","-5.6","98"
"2018-03-17 03:42","-5.5","99"
"2018-03-17 04:02","-5.5","99"
"2018-03-17 04:22","-5.5","99"
"2018-03-17 04:42","-5.5","99"
"2018-03-17 05:02","-5.3","99"
"2018-03-17 05:22","-5.3","99"
"2018-03-17 05:42","-5.3","99"
"2018-03-17 06:02","-5.3","99"
"2018-03-17 06:22","-5.4","99"
"2018-03-17 06:42","-5.4","99"
"2018-03-17 07:02","-5.7","98"
"2018-03-17 07:22","-6.1","98"
"2018-03-17 08:22","-4.7","91"
"2018-03-17 08:42","-4.9","83"
"2018-03-17 09:02","-5.5","77"
"2018-03-17 09:22","-5.2","74"
"2018-03-17 09:42","-4.9","72"
"2018-03-17 10:02","-4.8","71"
"2018-03-17 10:22","-5.1","69"
"2018-03-17 10:42","-5.0","67"
"2018-03-17 11:02","-4.9","64"
"2018-03-17 11:22","-5.2","60"
"2018-03-17 11:42","-5.3","57"
"2018-03-17 12:02","-4.1","60"
"2018-03-17 12:22","-2.8","71"
"2018-03-17 12:42","-3.1","66"
"2018-03-17 13:02","-2.8","67"
"2018-03-17 13:22","-2.3","67"
"2018-03-17 13:42","-1.8","72"
"2018-03-17 14:02","-1.7","72"
"2018-03-17 14:22","-1.5","76"
"2018-03-17 14:42","-1.4","73"
"2018-03-17 15:02","-2.4","68"
"2018-03-17 15:22","-2.1","67"
"2018-03-17 15:42","-1.8","66"
"2018-03-17 16:02","-2.3","67"
"2018-03-17 16:22","-2.0","67"
"2018-03-17 16:42","-1.7","73"
"2018-03-17 17:02","-1.9","72"
"2018-03-17 17:22","-2.0","73"
"2018-03-17 17:42","-2.1","72"
"2018-03-17 18:02","-2.3","73"
"2018-03-17 18:22","-2.4","72"
"2018-03-17 18:42","-2.2","76"
"2018-03-17 19:02","-2.1","80"
"2018-03-17 19:22","-1.9","85"
"2018-03-17 19:42","-1.6","89"
"2018-03-17 20:02","-1.5","91"
"2018-03-17 20:22","-1.8","92"
"2018-03-17 20:42","-2.4","93"
"2018-03-17 21:02","-2.9","94"
"2018-03-17 21:22","-3.0","92"
"2018-03-17 21:42","-5.5","77"
"2018-03-17 22:02","-7.0","67"
"2018-03-17 22:22","-8.4","61"
"2018-03-17 22:42","-9.3","57"
"2018-03-17 23:02","-10.4","54"
"2018-03-17 23:22","-11.4","51"
"2018-03-17 23:42","-11.7","50"
"2018-03-18 00:02","-12.4","47"
"2018-03-18 00:22","-12.8","47"
"2018-03-18 00:42","-12.5","49"
"2018-03-18 01:02","-11.5","54"
"2018-03-18 01:22","-11.2","57"
"2018-03-18 01:42","-10.9","61"
"2018-03-18 02:02","-10.2","65"
"2018-03-18 02:22","-10.1","67"
"2018-03-18 02:42","-9.7","70"
"2018-03-18 03:02","-9.5","76"
"2018-03-18 03:22","-8.9","80"
"2018-03-18 03:42","-8.7","84"
"2018-03-18 04:02","-8.6","86"
"2018-03-18 04:22","-8.6","87"
"2018-03-18 04:42","-8.8","87"
"2018-03-18 05:02","-8.5","89"
"2018-03-18 05:22","-8.3","90"
"2018-03-18 05:42","-7.9","90"
"2018-03-18 06:02","-7.9","91"
"2018-03-18 06:22","-7.5","91"
"2018-03-18 06:42","-7.5","91"
"2018-03-18 07:02","-8.0","85"
"2018-03-18 07:22","-8.1","83"
"2018-03-18 07:42","-7.9","83"
"2018-03-18 08:02","-7.6","88"
"2018-03-18 08:22","-7.8","86"
"2018-03-18 08:42","-7.9","75"
"2018-03-18 09:02","-8.7","66"
"2018-03-18 09:22","-9.6","60"
"2018-03-18 09:42","-10.6","53"
"2018-03-18 10:02","-10.3","48"
"2018-03-18 10:22","-10.4","51"
"2018-03-18 10:42","-9.5","51"
"2018-03-18 11:02","-9.3","49"
"2018-03-18 11:22","-7.1","57"
"2018-03-18 11:42","-5.6","63"
"2018-03-18 12:02","-3.3","69"
"2018-03-18 12:22","-2.5","73"
"2018-03-18 12:42","-1.7","76"
"2018-03-18 13:02","-1.5","75"
"2018-03-18 13:22","-1.7","72"
"2018-03-18 13:42","-2.1","68"
"2018-03-18 14:02","-3.4","60"
"2018-03-18 14:22","-3.6","58"
"2018-03-18 14:42","-2.9","61"
"2018-03-18 15:02","-2.3","63"
"2018-03-18 15:22","-1.8","65"
"2018-03-18 15:42","-1.1","67"
"2018-03-18 16:02","-1.0","68"
"2018-03-18 16:22","-0.3","71"
"2018-03-18 16:42","0.3","73"
"2018-03-18 17:02","0.4","74"
"2018-03-18 17:22","1.0","73"
"2018-03-18 17:42","0.5","72"
"2018-03-18 18:02","0.1","72"
"2018-03-18 18:22","0.2","74"
"2018-03-18 18:42","0.7","80"
"2018-03-18 19:02","0.9","85"
"2018-03-18 19:22","0.9","89"
"2018-03-18 19:42","0.9","91"
"2018-03-18 20:02","0.8","92"
"2018-03-18 20:22","0.8","93"
"2018-03-18 20:42","0.6","93"
"2018-03-18 21:02","-0.1","93"
"2018-03-18 21:22","-1.2","95"
"2018-03-18 21:42","-0.1","96"
"2018-03-18 22:02","-0.5","95"
"2018-03-18 22:22","-0.9","95"
"2018-03-18 22:42","-1.2","96"
"2018-03-18 23:02","-1.4","97"
"2018-03-18 23:22","-1.9","97"
"2018-03-18 23:42","-1.8","97"
"2018-03-19 00:02","-1.7","98"
"2018-03-19 00:22","-1.9","98"
"2018-03-19 00:42","-1.9","98"
"2018-03-19 01:02","-1.8","97"
"2018-03-19 01:22","-1.8","97"
"2018-03-19 01:42","-1.5","97"
"2018-03-19 02:02","-1.4","98"
"2018-03-19 02:22","-1.4","98"
"2018-03-19 02:42","-1.6","99"
"2018-03-19 03:02","-1.8","99"
"2018-03-19 03:22","-2.1","99"
"2018-03-19 03:42","-2.5","99"
"2018-03-19 04:02","-2.6","99"
"2018-03-19 04:22","-2.4","99"
"2018-03-19 04:42","-2.4","99"
"2018-03-19 05:02","-2.7","99"
"2018-03-19 05:22","-3.3","99"
"2018-03-19 05:42","-4.2","96"
"2018-03-19 06:02","-6.0","86"
"2018-03-19 06:22","-8.0","76"
"2018-03-19 06:42","-8.6","72"
"2018-03-19 07:02","-9.2","70"
"2018-03-19 07:22","-9.4","70"
"2018-03-19 07:42","-9.4","69"
"2018-03-19 08:02","-9.7","66"
"2018-03-19 08:22","-10.1","63"
"2018-03-19 08:42","-10.1","60"
"2018-03-19 09:02","-10.7","59"
"2018-03-19 09:22","-10.8","55"
"2018-03-19 09:42","-11.0","52"
"2018-03-19 10:02","-10.9","52"
"2018-03-19 10:22","-11.7","51"
"2018-03-19 10:42","-12.0","47"
"2018-03-19 11:02","-11.3","49"
"2018-03-19 11:22","-11.1","48"
"2018-03-19 11:42","-10.9","46"
"2018-03-19 12:02","-10.6","47"
"2018-03-19 12:22","-10.7","46"
"2018-03-19 12:42","-10.6","45"
"2018-03-19 13:02","-10.6","42"
"2018-03-19 13:22","-10.6","42"
"2018-03-19 13:42","-10.8","41"
"2018-03-19 14:02","-10.9","40"
"2018-03-19 14:22","-11.1","39"
"2018-03-19 14:42","-11.2","37"
"2018-03-19 15:02","-11.4","37"
"2018-03-19 15:22","-12.1","35"
"2018-03-19 15:42","-11.6","36"
"2018-03-19 16:02","-11.2","36"
"2018-03-19 16:22","-11.7","35"
"2018-03-19 16:42","-12.1","34"
"2018-03-19 17:02","-12.4","35"
"2018-03-19 17:22","-11.9","35"
"2018-03-19 17:42","-11.9","35"
"2018-03-19 18:02","-12.1","35"
"2018-03-19 18:22","-12.3","36"
"2018-03-19 18:42","-11.4","40"
"2018-03-19 19:02","-11.3","43"
"2018-03-19 19:22","-11.1","47"
"2018-03-19 19:42","-10.7","52"
"2018-03-19 20:02","-10.4","55"
"2018-03-19 20:22","-10.5","55"
"2018-03-19 20:42","-10.9","54"
"2018-03-19 21:02","-12.0","51"
"2018-03-19 21:22","-12.8","49"
"2018-03-19 21:42","-13.8","46"
"2018-03-19 22:02","-14.0","45"
"2018-03-19 22:22","-14.3","45"
"2018-03-19 22:42","-14.3","45"
"2018-03-19 23:02","-14.3","46"
"2018-03-19 23:22","-14.2","46"
"2018-03-19 23:42","-14.4","45"
"2018-03-20 00:02","-14.5","45"
"2018-03-20 00:22","-14.3","46"
"2018-03-20 00:42","-14.3","46"
"2018-03-20 01:02","-14.5","45"
"2018-03-20 01:22","-14.6","46"
"2018-03-20 01:42","-14.5","48"
"2018-03-20 02:02","-14.2","49"
"2018-03-20 02:22","-14.0","50"
"2018-03-20 02:42","-13.9","51"
"2018-03-20 03:02","-13.8","53"
"2018-03-20 03:22","-13.6","59"
"2018-03-20 03:42","-12.8","65"
"2018-03-20 04:02","-12.2","67"
"2018-03-20 04:22","-11.9","70"
"2018-03-20 04:42","-11.6","69"
"2018-03-20 05:02","-11.6","67"
"2018-03-20 05:22","-11.6","66"
"2018-03-20 05:42","-11.6","65"
"2018-03-20 06:02","-11.4","65"
"2018-03-20 06:22","-11.6","65"
"2018-03-20 06:42","-11.5","65"
"2018-03-20 07:02","-11.5","65"
"2018-03-20 07:22","-11.3","66"
"2018-03-20 07:42","-11.0","67"
"2018-03-20 08:02","-10.3","68"
"2018-03-20 08:22","-9.5","68"
"2018-03-20 08:42","-9.8","63"
"2018-03-20 09:02","-10.1","59"
"2018-03-20 09:22","-9.6","59"
"2018-03-20 09:42","-9.3","60"
"2018-03-20 10:02","-9.0","58"
"2018-03-20 10:22","-8.7","57"
"2018-03-20 10:42","-8.3","56"
"2018-03-20 11:02","-8.5","55"
"2018-03-20 11:22","-8.3","54"
"2018-03-20 11:42","-9.1","51"
"2018-03-20 12:02","-8.0","48"
"2018-03-20 12:22","-8.3","47"
"2018-03-20 12:42","-8.4","47"
"2018-03-20 13:02","-9.1","45"
"2018-03-20 13:22","-9.0","44"
"2018-03-20 13:42","-8.7","45"
"2018-03-20 14:02","-8.7","43"
"2018-03-20 14:22","-8.7","43"
"2018-03-20 14:42","-9.0","43"
"2018-03-20 15:02","-7.9","44"
"2018-03-20 15:22","-7.9","44"
"2018-03-20 15:42","-7.2","44"
"2018-03-20 16:02","-7.0","46"
"2018-03-20 16:22","-6.9","46"
"2018-03-20 16:42","-7.7","45"
"2018-03-20 17:02","-8.4","43"
"2018-03-20 17:22","-8.7","42"
"2018-03-20 17:42","-9.5","42"
"2018-03-20 18:02","-9.9","42"
"2018-03-20 18:22","-9.3","44"
"2018-03-20 18:42","-9.8","45"
"2018-03-20 19:02","-9.6","47"
"2018-03-20 19:22","-9.6","50"
"2018-03-20 19:42","-8.8","55"
"2018-03-20 20:02","-8.5","58"
"2018-03-20 20:22","-8.4","59"
"2018-03-20 20:42","-8.4","59"
"2018-03-20 21:02","-8.7","58"
"2018-03-20 21:22","-8.8","58"
"2018-03-20 21:42","-8.5","60"
"2018-03-20 22:02","-8.4","61"
"2018-03-20 22:22","-8.0","64"
"2018-03-20 22:42","-7.6","66"
"2018-03-20 23:02","-7.4","68"
"2018-03-20 23:22","-7.0","70"
"2018-03-20 23:42","-6.6","72"
"2018-03-21 00:02","-6.5","73"
"2018-03-21 00:22","-6.4","73"
"2018-03-21 00:42","-6.5","74"
"2018-03-21 01:02","-6.4","73"
"2018-03-21 01:22","-6.5","72"
"2018-03-21 01:42","-6.6","72"
"2018-03-21 02:02","-6.5","72"
"2018-03-21 02:22","-6.6","72"
"2018-03-21 02:42","-6.4","73"
"2018-03-21 03:02","-6.3","75"
"2018-03-21 03:22","-6.0","76"
"2018-03-21 03:42","-5.9","78"
"2018-03-21 04:02","-5.7","79"
"2018-03-21 04:22","-5.5","81"
"2018-03-21 04:42","-5.4","82"
"2018-03-21 05:02","-5.2","83"
"2018-03-21 05:22","-5.1","83"
"2018-03-21 05:42","-5.0","85"
"2018-03-21 06:02","-5.1","85"
"2018-03-21 06:22","-5.0","85"
"2018-03-21 06:42","-5.0","86"
"2018-03-21 07:02","-4.8","87"
"2018-03-21 07:22","-4.9","87"
"2018-03-21 07:42","-4.7","87"
"2018-03-21 08:02","-4.6","87"
"2018-03-21 08:22","-4.5","86"
"2018-03-21 08:42","-4.3","85"
"2018-03-21 09:02","-4.2","84"
"2018-03-21 09:22","-4.1","82"
"2018-03-21 09:42","-4.0","80"
"2018-03-21 10:02","-4.0","77"
"2018-03-21 10:22","-4.0","74"
"2018-03-21 10:42","-4.4","71"
"2018-03-21 11:02","-4.2","70"
"2018-03-21 11:22","-3.8","68"
"2018-03-21 11:42","-3.6","68"
"2018-03-21 12:02","-3.7","64"
"2018-03-21 12:22","-4.3","64"
"2018-03-21 12:42","-4.0","62"
"2018-03-21 13:02","-4.5","58"
"2018-03-21 13:22","-4.8","56"
"2018-03-21 13:42","-5.6","54"
"2018-03-21 14:02","-5.2","54"
"2018-03-21 14:22","-5.6","55"
"2018-03-21 14:42","-5.6","54"
"2018-03-21 15:02","-5.4","54"
"2018-03-21 15:22","-5.6","54"
"2018-03-21 15:42","-5.5","53"
"2018-03-21 16:02","-5.4","54"
"2018-03-21 16:22","-5.4","53"
"2018-03-21 16:42","-5.5","53"
"2018-03-21 17:02","-5.5","52"
"2018-03-21 17:22","-5.8","51"
"2018-03-21 17:42","-6.0","51"
"2018-03-21 18:02","-6.0","51"
"2018-03-21 18:22","-6.3","52"
"2018-03-21 18:42","-6.6","53"
"2018-03-21 19:02","-6.7","54"
"2018-03-21 19:22","-6.9","55"
"2018-03-21 19:42","-6.9","57"
"2018-03-21 20:02","-6.9","60"
"2018-03-21 20:22","-6.6","63"
"2018-03-21 20:42","-6.0","65"
"2018-03-21 21:02","-5.5","70"
"2018-03-21 21:22","-5.2","71"
"2018-03-21 21:42","-5.1","72"
"2018-03-21 22:02","-4.9","74"
"2018-03-21 22:22","-4.5","75"
"2018-03-21 22:42","-4.2","78"
"2018-03-21 23:02","-3.7","81"
"2018-03-21 23:22","-3.4","83"
"2018-03-21 23:42","-3.2","85"
"2018-03-22 00:02","-3.3","85"
"2018-03-22 00:22","-3.3","86"
"2018-03-22 00:42","-3.3","88"
"2018-03-22 01:02","-3.4","90"
"2018-03-22 01:22","-3.5","91"
"2018-03-22 01:42","-3.4","93"
"2018-03-22 02:02","-3.4","94"
"2018-03-22 02:22","-3.6","95"
"2018-03-22 02:42","-3.5","96"
"2018-03-22 03:02","-3.2","96"
"2018-03-22 03:22","-2.9","96"
"2018-03-22 03:42","-2.9","95"
"2018-03-22 04:02","-3.1","95"
"2018-03-22 04:22","-3.4","93"
"2018-03-22 04:42","-3.7","92"
"2018-03-22 05:02","-4.0","92"
"2018-03-22 05:22","-3.9","93"
"2018-03-22 05:42","-3.9","92"
"2018-03-22 06:02","-3.9","92"
"2018-03-22 06:22","-4.2","92"
"2018-03-22 06:42","-4.2","92"
"2018-03-22 07:02","-4.4","92"
"2018-03-22 07:22","-4.4","93"
"2018-03-22 07:42","-4.2","93"
"2018-03-22 08:02","-3.5","92"
"2018-03-22 08:22","-3.7","88"
"2018-03-22 08:42","-3.5","84"
"2018-03-22 09:02","-3.6","81"
"2018-03-22 09:22","-3.8","79"
"2018-03-22 09:42","-3.8","77"
"2018-03-22 10:02","-4.1","74"
"2018-03-22 10:22","-3.8","70"
"2018-03-22 10:42","-4.6","67"
"2018-03-22 11:02","-4.6","67"
"2018-03-22 11:22","-4.4","67"
"2018-03-22 11:42","-4.8","64"
"2018-03-22 12:02","-5.4","61"
"2018-03-22 12:22","-5.5","56"
"2018-03-22 12:42","-6.0","56"
"2018-03-22 13:02","-5.6","56"
"2018-03-22 13:22","-6.4","52"
"2018-03-22 13:42","-6.6","51"
"2018-03-22 14:02","-6.7","51"
"2018-03-22 14:22","-6.4","51"
"2018-03-22 14:42","-6.0","49"
"2018-03-22 15:02","-5.9","50"
"2018-03-22 15:22","-5.8","48"
"2018-03-22 15:42","-5.9","47"
"2018-03-22 16:02","-5.2","49"
"2018-03-22 16:22","-2.7","67"
"2018-03-22 16:42","-1.7","75"
"2018-03-22 17:02","-1.3","75"
"2018-03-22 17:22","-1.5","74"
"2018-03-22 17:42","-1.7","70"
"2018-03-22 18:02","-1.7","69"
"2018-03-22 18:22","-1.3","74"
"2018-03-22 18:42","-0.9","77"
"2018-03-22 19:02","-0.7","80"
"2018-03-22 19:22","-0.7","84"
"2018-03-22 19:42","-1.1","87"
"2018-03-22 20:02","-1.4","90"
"2018-03-22 20:22","-1.0","91"
"2018-03-22 20:42","-2.1","92"
"2018-03-22 21:02","-2.7","86"
"2018-03-22 21:22","-4.0","78"
"2018-03-22 21:42","-4.2","74"
"2018-03-22 22:02","-4.7","77"
"2018-03-22 22:22","-4.0","80"
"2018-03-22 22:42","-3.8","82"
"2018-03-22 23:02","-3.9","82"
"2018-03-22 23:22","-4.2","83"
"2018-03-22 23:42","-4.1","86"
"2018-03-23 00:02","-3.8","88"
"2018-03-23 00:22","-3.6","90"
"2018-03-23 00:42","-3.5","91"
"2018-03-23 01:02","-3.3","93"
"2018-03-23 01:22","-3.5","93"
"2018-03-23 01:42","-3.6","94"
"2018-03-23 02:02","-3.4","95"
"2018-03-23 02:22","-3.5","96"
"2018-03-23 02:42","-3.2","97"
"2018-03-23 03:02","-3.4","97"
"2018-03-23 03:22","-3.8","98"
"2018-03-23 03:42","-3.8","99"
"2018-03-23 04:02","-3.8","99"
"2018-03-23 04:22","-3.8","99"
"2018-03-23 04:42","-3.9","99"
"2018-03-23 05:02","-4.1","99"
"2018-03-23 05:22","-4.3","99"
"2018-03-23 05:42","-4.5","99"
"2018-03-23 06:02","-4.6","99"
"2018-03-23 06:22","-4.5","99"
"2018-03-23 06:42","-4.4","99"
"2018-03-23 07:02","-4.4","99"
"2018-03-23 07:22","-4.2","99"
"2018-03-23 07:42","-3.8","99"
"2018-03-23 08:02","-3.4","99"
"2018-03-23 08:22","-3.0","97"
"2018-03-23 08:42","-2.4","96"
"2018-03-23 09:02","-1.9","94"
"2018-03-23 09:22","-2.1","89"
"2018-03-23 09:42","-2.9","82"
"2018-03-23 10:02","-2.8","79"
"2018-03-23 10:22","-4.1","70"
"2018-03-23 10:42","-4.6","66"
"2018-03-23 11:02","-5.7","57"
"2018-03-23 11:22","-7.3","51"
"2018-03-23 11:42","-7.7","49"
"2018-03-23 12:02","-7.3","47"
"2018-03-23 12:22","-7.9","47"
"2018-03-23 12:42","-7.5","47"
"2018-03-23 13:02","-7.6","46"
"2018-03-23 13:22","-6.9","50"
"2018-03-23 13:42","-6.4","50"
"2018-03-23 14:02","-6.7","49"
"2018-03-23 14:22","-6.7","49"
"2018-03-23 14:42","-6.6","48"
"2018-03-23 15:02","-6.8","47"
"2018-03-23 15:22","-6.4","46"
"2018-03-23 15:42","-6.1","46"
"2018-03-23 16:02","-5.0","54"
"2018-03-23 16:22","-2.4","67"
"2018-03-23 16:42","-0.4","75"
"2018-03-23 17:02","-0.5","78"
"2018-03-23 17:22","-1.8","70"
"2018-03-23 17:42","-6.0","47"
"2018-03-23 18:02","-6.7","46"
"2018-03-23 18:22","-6.8","47"
"2018-03-23 18:42","-7.1","47"
"2018-03-23 19:02","-7.1","49"
"2018-03-23 19:22","-7.1","51"
"2018-03-23 19:42","-7.1","55"
"2018-03-23 20:02","-6.5","60"
"2018-03-23 20:22","-5.5","67"
"2018-03-23 20:42","-4.7","74"
"2018-03-23 21:02","-4.1","79"
"2018-03-23 21:22","-3.8","81"
"2018-03-23 21:42","-3.6","83"
"2018-03-23 22:02","-3.4","85"
"2018-03-23 22:22","-3.5","86"
"2018-03-23 22:42","-3.5","85"
"2018-03-23 23:02","-3.8","85"
"2018-03-23 23:22","-3.8","85"
"2018-03-23 23:42","-4.0","85"
"2018-03-24 00:02","-4.1","87"
"2018-03-24 00:22","-3.9","88"
"2018-03-24 00:42","-3.9","88"
"2018-03-24 01:02","-3.8","89"
"2018-03-24 01:22","-3.6","90"
"2018-03-24 01:42","-3.7","91"
"2018-03-24 02:02","-4.0","92"
"2018-03-24 02:22","-3.9","93"
"2018-03-24 02:42","-4.3","93"
"2018-03-24 03:02","-4.5","94"
"2018-03-24 03:22","-4.5","95"
"2018-03-24 03:42","-4.8","97"
"2018-03-24 04:02","-4.8","97"
"2018-03-24 04:22","-5.9","98"
"2018-03-24 04:42","-5.8","99"
"2018-03-24 05:02","-5.3","99"
"2018-03-24 05:22","-5.2","99"
"2018-03-24 05:42","-5.0","99"
"2018-03-24 06:02","-4.8","99"
"2018-03-24 06:22","-4.6","99"
"2018-03-24 06:42","-4.1","99"
"2018-03-24 07:02","-3.9","99"
"2018-03-24 07:42","-3.8","96"
"2018-03-24 08:02","-3.8","91"
"2018-03-24 08:22","-4.8","82"
"2018-03-24 08:42","-5.6","73"
"2018-03-24 09:02","-6.4","68"
"2018-03-24 09:22","-6.7","66"
"2018-03-24 09:42","-6.8","63"
"2018-03-24 10:02","-6.5","62"
"2018-03-24 10:22","-6.6","60"
"2018-03-24 10:42","-6.6","59"
"2018-03-24 11:02","-6.8","58"
"2018-03-24 11:22","-6.9","56"
"2018-03-24 11:42","-7.0","56"
"2018-03-24 12:02","-7.4","54"
"2018-03-24 12:22","-6.8","55"
"2018-03-24 12:42","-7.1","53"
"2018-03-24 13:02","-7.1","53"
"2018-03-24 13:22","-7.2","53"
"2018-03-24 13:42","-8.1","50"
"2018-03-24 14:02","-8.1","49"
"2018-03-24 14:22","-8.2","48"
"2018-03-24 14:42","-8.1","49"
"2018-03-24 15:02","-8.4","49"
"2018-03-24 15:22","-8.2","48"
"2018-03-24 15:42","-8.9","45"
"2018-03-24 16:02","-9.4","43"
"2018-03-24 16:22","-9.8","42"
"2018-03-24 16:42","-9.6","41"
"2018-03-24 17:02","-9.9","41"
"2018-03-24 17:22","-9.9","40"
"2018-03-24 17:42","-10.8","38"
"2018-03-24 18:02","-10.3","39"
"2018-03-24 18:22","-11.0","40"
"2018-03-24 18:42","-11.4","39"
"2018-03-24 19:02","-11.6","40"
"2018-03-24 19:22","-11.8","41"
"2018-03-24 19:42","-11.7","45"
"2018-03-24 20:02","-11.5","47"
"2018-03-24 20:22","-11.2","49"
"2018-03-24 20:42","-10.8","52"
"2018-03-24 21:02","-10.5","53"
"2018-03-24 21:22","-10.1","54"
"2018-03-24 21:42","-10.1","54"
"2018-03-24 22:02","-10.5","52"
"2018-03-24 22:22","-10.5","52"
"2018-03-24 22:42","-10.5","53"
"2018-03-24 23:02","-10.5","54"
"2018-03-24 23:22","-10.3","54"
"2018-03-24 23:42","-10.3","55"
"2018-03-25 00:02","-9.6","57"
"2018-03-25 00:22","-9.6","58"
"2018-03-25 00:42","-10.1","55"
"2018-03-25 01:02","-10.9","53"
"2018-03-25 01:22","-11.1","53"
"2018-03-25 01:42","-11.2","54"
"2018-03-25 02:02","-11.3","55"
"2018-03-25 02:22","-11.5","55"
"2018-03-25 02:42","-11.8","55"
"2018-03-25 03:02","-11.8","55"
"2018-03-25 03:22","-11.8","57"
"2018-03-25 03:42","-11.8","58"
"2018-03-25 04:02","-11.6","59"
"2018-03-25 04:22","-11.4","60"
"2018-03-25 04:42","-11.4","62"
"2018-03-25 05:02","-11.1","64"
"2018-03-25 05:22","-10.9","66"
"2018-03-25 05:42","-10.6","68"
"2018-03-25 06:02","-10.5","70"
"2018-03-25 06:22","-10.2","73"
"2018-03-25 06:42","-10.0","75"
"2018-03-25 07:02","-9.7","77"
"2018-03-25 07:22","-9.5","79"
"2018-03-25 07:42","-8.1","81"
"2018-03-25 08:22","-7.4","72"
"2018-03-25 08:42","-7.3","70"
"2018-03-25 09:02","-7.5","69"
"2018-03-25 09:22","-7.3","68"
"2018-03-25 09:42","-6.8","65"
"2018-03-25 10:02","-6.8","63"
"2018-03-25 10:22","-6.7","61"
"2018-03-25 10:42","-7.1","60"
"2018-03-25 11:02","-6.6","59"
"2018-03-25 12:22","-5.9","58"
"2018-03-25 12:42","-5.0","57"
"2018-03-25 13:02","-4.9","58"
"2018-03-25 13:42","-4.4","60"
"2018-03-25 14:22","-3.5","59"
"2018-03-25 14:42","-3.5","59"
"2018-03-25 15:02","-3.9","59"
"2018-03-25 15:22","-3.2","58"
"2018-03-25 15:42","-3.3","57"
"2018-03-25 16:02","-3.0","56"
"2018-03-25 16:22","-3.6","54"
"2018-03-25 16:42","-3.3","54"
"2018-03-25 17:02","-3.5","55"
"2018-03-25 17:22","-3.4","56"
"2018-03-25 17:42","-2.9","57"
"2018-03-25 18:02","-3.2","56"
"2018-03-25 18:22","-3.4","56"
"2018-03-25 18:42","-3.0","58"
"2018-03-25 19:02","-3.0","62"
"2018-03-25 19:22","-3.2","65"
"2018-03-25 19:42","-3.3","69"
"2018-03-25 20:02","-3.1","72"
"2018-03-25 20:22","-3.0","73"
"2018-03-25 20:42","-3.1","75"
"2018-03-25 21:02","-3.1","76"
"2018-03-25 21:22","-3.2","77"
"2018-03-25 21:42","-3.2","78"
"2018-03-25 22:02","-3.1","79"
"2018-03-25 22:22","-3.1","80"
"2018-03-25 22:42","-2.8","81"
"2018-03-25 23:02","-2.7","81"
"2018-03-25 23:22","-2.9","81"
"2018-03-25 23:42","-2.8","81"
"2018-03-26 00:02","-2.8","81"
"2018-03-26 00:22","-2.6","82"
"2018-03-26 00:42","-2.7","82"
"2018-03-26 01:02","-2.9","82"
"2018-03-26 01:22","-2.9","82"
"2018-03-26 01:42","-3.2","83"
"2018-03-26 02:02","-3.1","83"
"2018-03-26 02:22","-3.4","82"
"2018-03-26 02:42","-3.2","82"
"2018-03-26 03:02","-3.1","81"
"2018-03-26 03:22","-3.4","83"
"2018-03-26 03:42","-2.8","84"
"2018-03-26 04:02","-2.8","82"
"2018-03-26 04:22","-2.7","82"
"2018-03-26 04:42","-2.7","83"
"2018-03-26 05:02","-2.5","84"
"2018-03-26 05:22","-2.6","85"
"2018-03-26 05:42","-2.4","86"
"2018-03-26 06:02","-2.6","86"
"2018-03-26 06:22","-2.6","87"
"2018-03-26 06:42","-2.5","87"
"2018-03-26 07:02","-2.6","87"
"2018-03-26 07:22","-2.3","86"
"2018-03-26 07:42","-2.3","84"
"2018-03-26 08:02","-2.1","81"
"2018-03-26 08:22","-2.3","77"
"2018-03-26 08:42","-2.3","73"
"2018-03-26 09:02","-2.6","67"
"2018-03-26 09:22","-3.0","63"
"2018-03-26 09:42","-3.2","59"
"2018-03-26 10:02","-3.4","54"
"2018-03-26 10:22","-4.3","51"
"2018-03-26 10:42","-4.3","49"
"2018-03-26 11:02","-4.7","46"
"2018-03-26 11:22","-4.4","45"
"2018-03-26 11:42","-4.5","43"
"2018-03-26 12:02","-4.2","41"
"2018-03-26 12:22","-5.3","39"
"2018-03-26 12:42","-5.2","38"
"2018-03-26 13:02","-5.3","37"
"2018-03-26 13:22","-5.2","37"
"2018-03-26 13:42","-4.8","37"
"2018-03-26 14:02","-5.1","36"
"2018-03-26 14:22","-5.1","35"
"2018-03-26 14:42","-4.5","35"
"2018-03-26 15:02","-5.0","34"
"2018-03-26 15:22","-5.1","34"
"2018-03-26 15:42","-5.4","33"
"2018-03-26 16:02","-4.9","33"
"2018-03-26 16:22","-4.8","32"
"2018-03-26 16:42","-4.9","32"
"2018-03-26 17:02","-5.0","32"
"2018-03-26 17:22","-4.8","32"
"2018-03-26 17:42","-5.1","32"
"2018-03-26 18:02","-5.3","32"
"2018-03-26 18:22","-4.8","32"
"2018-03-26 18:42","-5.1","33"
"2018-03-26 19:02","-5.0","34"
"2018-03-26 19:22","-5.3","35"
"2018-03-26 19:42","-5.1","37"
"2018-03-26 20:02","-4.8","37"
"2018-03-26 20:22","-5.0","37"
"2018-03-26 20:42","-5.0","38"
"2018-03-26 21:02","-5.1","39"
"2018-03-26 21:22","-4.9","40"
"2018-03-26 21:42","-4.9","41"
"2018-03-26 22:02","-4.8","42"
"2018-03-26 22:22","-4.7","42"
"2018-03-26 22:42","-4.6","44"
"2018-03-26 23:02","-4.4","44"
"2018-03-26 23:22","-4.7","44"
"2018-03-26 23:42","-4.6","46"
"2018-03-27 00:02","-4.6","46"
"2018-03-27 00:22","-4.7","47"
"2018-03-27 00:42","-4.6","46"
"2018-03-27 01:02","-4.5","47"
"2018-03-27 01:22","-4.4","48"
"2018-03-27 01:42","-4.3","49"
"2018-03-27 02:02","-4.0","51"
"2018-03-27 02:22","-3.7","53"
"2018-03-27 02:42","-3.4","55"
"2018-03-27 03:02","-3.2","56"
"2018-03-27 03:22","-3.0","57"
"2018-03-27 03:42","-2.8","58"
"2018-03-27 04:02","-2.7","58"
"2018-03-27 04:22","-2.6","59"
"2018-03-27 04:42","-2.6","60"
"2018-03-27 05:02","-2.6","59"
"2018-03-27 05:22","-2.6","59"
"2018-03-27 05:42","-2.7","59"
"2018-03-27 06:02","-2.6","59"
"2018-03-27 06:22","-2.6","60"
"2018-03-27 06:42","-2.5","60"
"2018-03-27 07:02","-2.3","61"
"2018-03-27 07:22","-2.1","61"
"2018-03-27 07:42","-1.8","62"
"2018-03-27 08:02","-1.7","62"
"2018-03-27 08:22","-1.5","63"
"2018-03-27 08:42","-1.5","63"
"2018-03-27 09:02","-1.4","63"
"2018-03-27 09:22","-1.4","63"
"2018-03-27 09:42","-1.2","64"
"2018-03-27 10:02","-1.2","65"
"2018-03-27 10:22","-0.6","70"
"2018-03-27 10:42","0.2","74"
"2018-03-27 11:02","0.5","76"
"2018-03-27 11:22","1.8","86"
"2018-03-27 11:42","2.5","92"
"2018-03-27 12:02","2.9","96"
"2018-03-27 12:22","3.2","99"
"2018-03-27 12:42","3.3","99"
"2018-03-27 13:02","3.4","99"
"2018-03-27 13:22","3.6","99"
"2018-03-27 13:42","3.7","99"
"2018-03-27 14:02","4.1","99"
"2018-03-27 14:22","4.3","97"
"2018-03-27 14:42","4.2","96"
"2018-03-27 15:02","4.4","96"
"2018-03-27 15:22","4.7","98"
"2018-03-27 15:42","4.6","99"
"2018-03-27 16:02","4.5","99"
"2018-03-27 16:22","4.4","99"
"2018-03-27 16:42","4.4","99"
"2018-03-27 17:02","4.3","99"
"2018-03-27 17:22","4.3","99"
"2018-03-27 17:42","4.4","99"
"2018-03-27 18:02","4.4","99"
"2018-03-27 18:22","4.4","99"
"2018-03-27 18:42","4.5","99"
"2018-03-27 19:02","4.6","99"
"2018-03-27 19:22","4.6","99"
"2018-03-27 19:42","4.5","99"
"2018-03-27 20:02","4.4","99"
"2018-03-27 20:22","4.5","99"
"2018-03-27 20:42","4.7","99"
"2018-03-27 21:02","4.8","99"
"2018-03-27 21:22","4.7","99"
"2018-03-27 21:42","4.7","99"
"2018-03-27 22:02","4.7","99"
"2018-03-27 22:22","4.7","99"
"2018-03-27 22:42","4.8","99"
"2018-03-27 23:02","4.8","99"
"2018-03-27 23:22","5.0","99"
"2018-03-27 23:42","5.0","99"
"2018-03-28 00:02","5.2","99"
"2018-03-28 00:22","5.3","99"
"2018-03-28 00:42","5.7","99"
"2018-03-28 01:02","5.8","99"
"2018-03-28 01:22","5.8","99"
"2018-03-28 01:42","5.8","99"
"2018-03-28 02:02","5.8","99"
"2018-03-28 02:22","5.7","99"
"2018-03-28 02:42","5.6","99"
"2018-03-28 03:02","5.4","99"
"2018-03-28 03:22","5.4","99"
"2018-03-28 03:42","5.5","99"
"2018-03-28 04:02","5.6","99"
"2018-03-28 04:22","5.6","99"
"2018-03-28 04:42","5.5","99"
"2018-03-28 05:02","5.5","99"
"2018-03-28 05:22","5.5","99"
"2018-03-28 05:42","5.7","99"
"2018-03-28 06:02","5.6","99"
"2018-03-28 06:22","4.9","99"
"2018-03-28 06:42","4.4","99"
"2018-03-28 07:02","4.1","99"
"2018-03-28 07:22","3.9","99"
"2018-03-28 07:42","3.8","99"
"2018-03-28 08:02","3.7","99"
"2018-03-28 08:22","3.5","99"
"2018-03-28 08:42","3.5","99"
"2018-03-28 09:02","3.3","99"
"2018-03-28 09:22","3.6","99"
"2018-03-28 09:42","3.4","99"
"2018-03-28 10:02","3.5","99"
"2018-03-28 10:22","3.5","99"
"2018-03-28 10:42","3.7","99"
"2018-03-28 11:02","3.9","99"
"2018-03-28 11:22","3.9","99"
"2018-03-28 11:42","4.4","99"
"2018-03-28 12:02","4.3","99"
"2018-03-28 12:22","4.5","99"
"2018-03-28 12:42","4.8","99"
"2018-03-28 13:02","4.9","99"
"2018-03-28 13:22","5.3","98"
"2018-03-28 13:42","5.6","97"
"2018-03-28 14:02","5.6","95"
"2018-03-28 14:22","5.5","92"
"2018-03-28 14:42","5.3","91"
"2018-03-28 15:02","5.2","91"
"2018-03-28 15:22","5.5","90"
"2018-03-28 15:42","5.7","88"
"2018-03-28 16:02","5.2","87"
"2018-03-28 16:22","5.3","88"
"2018-03-28 16:42","5.6","88"
"2018-03-28 17:02","5.6","88"
"2018-03-28 17:22","5.6","88"
"2018-03-28 17:42","5.8","88"
"2018-03-28 18:02","6.0","88"
"2018-03-28 18:22","5.7","88"
"2018-03-28 18:42","5.8","89"
"2018-03-28 19:02","5.8","90"
"2018-03-28 19:22","5.7","90"
"2018-03-28 19:42","5.8","91"
"2018-03-28 20:02","5.9","92"
"2018-03-28 20:22","5.9","93"
"2018-03-28 20:42","5.8","94"
"2018-03-28 21:02","5.9","95"
"2018-03-28 21:22","5.7","95"
"2018-03-28 21:42","6.0","96"
"2018-03-28 22:02","6.1","96"
"2018-03-28 22:22","6.0","96"
"2018-03-28 22:42","5.9","96"
"2018-03-28 23:02","5.9","97"
"2018-03-28 23:22","5.9","97"
"2018-03-28 23:42","5.9","97"
"2018-03-29 00:02","5.7","97"
"2018-03-29 00:22","5.7","98"
"2018-03-29 00:42","5.6","98"
"2018-03-29 01:02","5.4","98"
"2018-03-29 01:22","5.4","99"
"2018-03-29 01:42","5.3","99"
"2018-03-29 02:02","5.4","99"
"2018-03-29 02:22","5.4","99"
"2018-03-29 02:42","5.6","99"
"2018-03-29 03:02","5.7","99"
"2018-03-29 03:22","5.8","99"
"2018-03-29 03:42","5.7","99"
"2018-03-29 04:02","5.7","99"
"2018-03-29 04:22","5.9","99"
"2018-03-29 04:42","5.9","99"
"2018-03-29 05:02","5.9","99"
"2018-03-29 05:22","5.7","99"
"2018-03-29 05:42","5.7","99"
"2018-03-29 06:02","5.8","99"
"2018-03-29 06:22","5.7","99"
"2018-03-29 06:42","5.8","99"
"2018-03-29 07:02","5.7","99"
"2018-03-29 07:22","5.7","99"
"2018-03-29 07:42","5.7","99"
"2018-03-29 08:02","5.6","99"
"2018-03-29 08:22","5.7","99"
"2018-03-29 08:42","5.9","99"
"2018-03-29 09:02","6.4","99"
"2018-03-29 09:22","7.0","99"
"2018-03-29 09:42","7.1","99"
"2018-03-29 10:02","7.1","99"
"2018-03-29 10:22","6.7","99"
"2018-03-29 10:42","6.9","99"
"2018-03-29 11:02","7.1","99"
"2018-03-29 11:22","7.2","99"
"2018-03-29 11:42","7.6","99"
"2018-03-29 12:02","7.9","99"
"2018-03-29 12:22","8.2","99"
"2018-03-29 12:42","8.4","99"
"2018-03-29 13:02","8.6","99"
"2018-03-29 13:22","8.9","99"
"2018-03-29 13:42","8.9","99"
"2018-03-29 14:02","9.2","99"
"2018-03-29 14:22","9.3","99"
"2018-03-29 14:42","9.3","99"
"2018-03-29 15:02","9.4","99"
"2018-03-29 15:22","9.5","99"
"2018-03-29 15:42","9.4","99"
"2018-03-29 16:02","9.3","99"
"2018-03-29 16:22","9.2","99"
"2018-03-29 16:42","9.1","99"
"2018-03-29 17:02","7.1","99"
"2018-03-29 17:22","6.2","99"
"2018-03-29 17:42","5.8","99"
"2018-03-29 18:02","5.7","99"
"2018-03-29 18:22","5.0","99"
"2018-03-29 18:42","4.6","99"
"2018-03-29 19:02","4.4","99"
"2018-03-29 19:22","4.3","99"
"2018-03-29 19:42","4.5","99"
"2018-03-29 20:02","4.8","99"
"2018-03-29 20:22","5.2","99"
"2018-03-29 20:42","5.2","99"
"2018-03-29 21:02","5.3","99"
"2018-03-29 21:22","5.4","99"
"2018-03-29 21:42","5.4","99"
"2018-03-29 22:02","5.3","99"
"2018-03-29 22:22","5.3","99"
"2018-03-29 22:42","5.2","99"
"2018-03-29 23:02","5.2","99"
"2018-03-29 23:22","5.2","99"
"2018-03-29 23:42","4.9","99"
"2018-03-30 00:02","4.5","99"
"2018-03-30 00:22","4.3","99"
"2018-03-30 00:42","4.3","99"
"2018-03-30 01:02","4.3","99"
"2018-03-30 01:22","4.3","99"
"2018-03-30 01:42","4.2","99"
"2018-03-30 02:02","4.0","99"
"2018-03-30 02:22","3.9","99"
"2018-03-30 02:42","3.7","99"
"2018-03-30 03:02","3.6","99"
"2018-03-30 03:22","3.6","99"
"2018-03-30 03:42","3.5","99"
"2018-03-30 04:02","3.4","99"
"2018-03-30 04:22","3.4","99"
"2018-03-30 04:42","3.4","99"
"2018-03-30 05:02","3.4","99"
"2018-03-30 05:22","3.4","99"
"2018-03-30 05:42","3.3","99"
"2018-03-30 06:02","3.3","99"
"2018-03-30 06:22","3.3","99"
"2018-03-30 06:42","3.4","99"
"2018-03-30 07:02","3.5","99"
"2018-03-30 07:22","3.5","99"
"2018-03-30 07:42","3.5","99"
"2018-03-30 08:02","3.5","99"
"2018-03-30 08:22","3.2","99"
"2018-03-30 08:42","3.0","99"
"2018-03-30 09:02","2.9","99"
"2018-03-30 09:22","3.1","99"
"2018-03-30 09:42","3.1","99"
"2018-03-30 10:02","3.4","99"
"2018-03-30 10:22","3.3","98"
"2018-03-30 10:42","3.0","95"
"2018-03-30 11:02","2.6","91"
"2018-03-30 11:22","2.3","88"
"2018-03-30 11:42","2.0","86"
"2018-03-30 12:02","1.2","80"
"2018-03-30 12:22","0.8","75"
"2018-03-30 12:42","-0.4","73"
"2018-03-30 13:02","-0.9","69"
"2018-03-30 13:22","-2.0","62"
"2018-03-30 13:42","-2.6","58"
"2018-03-30 14:02","-3.9","53"
"2018-03-30 14:22","-5.4","47"
"2018-03-30 14:42","-5.6","47"
"2018-03-30 15:02","-5.1","48"
"2018-03-30 15:22","-4.3","49"
"2018-03-30 15:42","-3.9","50"
"2018-03-30 16:02","-3.1","52"
"2018-03-30 16:22","0.5","71"
"2018-03-30 16:42","1.1","73"
"2018-03-30 17:02","1.1","75"
"2018-03-30 17:22","1.4","76"
"2018-03-30 17:42","1.0","77"
"2018-03-30 18:02","1.2","79"
"2018-03-30 18:22","1.0","78"
"2018-03-30 18:42","1.6","85"
"2018-03-30 19:02","1.7","86"
"2018-03-30 19:22","1.3","87"
"2018-03-30 19:42","0.9","89"
"2018-03-30 20:02","0.7","91"
"2018-03-30 20:22","0.7","94"
"2018-03-30 20:42","0.2","95"
"2018-03-30 21:02","-0.7","96"
"2018-03-30 21:22","0.1","97"
"2018-03-30 21:42","0.0","98"
"2018-03-30 22:02","-0.4","99"
"2018-03-30 22:22","-0.9","99"
"2018-03-30 22:42","-0.9","99"
"2018-03-30 23:02","-0.7","98"
"2018-03-30 23:22","-1.3","93"
"2018-03-30 23:42","-2.0","92"
"2018-03-31 00:02","-2.0","92"
"2018-03-31 00:22","-2.7","92"
"2018-03-31 00:42","-3.0","93"
"2018-03-31 01:02","-2.6","94"
"2018-03-31 01:22","-2.3","95"
"2018-03-31 01:42","-2.4","95"
"2018-03-31 02:02","-2.4","96"
"2018-03-31 02:22","-2.0","96"
"2018-03-31 02:42","-1.8","97"
"2018-03-31 03:02","-1.3","97"
"2018-03-31 03:22","-1.1","99"
"2018-03-31 03:42","-1.2","99"
"2018-03-31 04:02","-1.3","99"
"2018-03-31 04:22","-1.1","99"
"2018-03-31 04:42","-1.0","99"
"2018-03-31 05:02","-0.8","99"
"2018-03-31 05:22","-0.8","99"
"2018-03-31 05:42","-0.9","99"
"2018-03-31 06:02","-1.0","99"
"2018-03-31 06:22","-1.1","99"
"2018-03-31 06:42","-1.0","99"
"2018-03-31 07:02","-1.0","99"
"2018-03-31 07:42","-1.0","96"
"2018-03-31 08:02","-1.1","92"
"2018-03-31 08:22","-1.1","89"
"2018-03-31 08:42","-1.2","86"
"2018-03-31 09:02","-1.2","84"
"2018-03-31 09:22","-1.8","79"
"2018-03-31 09:42","-2.6","71"
"2018-03-31 10:02","-3.1","63"
"2018-03-31 10:22","-3.4","59"
"2018-03-31 10:42","-3.0","58"
"2018-03-31 11:02","-3.1","56"
"2018-03-31 11:22","-3.3","53"
"2018-03-31 11:42","-3.6","51"
"2018-03-31 12:02","-3.2","49"
"2018-03-31 12:22","-3.3","48"
"2018-03-31 12:42","-3.4","46"
"2018-03-31 13:02","-3.2","45"
"2018-03-31 13:22","-3.2","44"
"2018-03-31 13:42","-3.3","42"
"2018-03-31 14:02","-3.4","42"
"2018-03-31 14:22","-3.2","40"
"2018-03-31 14:42","-3.8","39"
"2018-03-31 15:02","-3.8","39"
"2018-03-31 15:22","-3.8","40"
"2018-03-31 15:42","-3.7","40"
"2018-03-31 16:02","-3.1","42"
"2018-03-31 16:22","-2.7","43"
"2018-03-31 16:42","-2.7","43"
"2018-03-31 17:02","-2.8","45"
"2018-03-31 17:22","-3.0","47"
"2018-03-31 17:42","-2.6","49"
"2018-03-31 18:02","-2.1","50"
"2018-03-31 18:22","-0.6","52"
"2018-03-31 18:42","2.1","68"
"2018-03-31 19:02","2.7","71"
"2018-03-31 19:22","4.2","82"
"2018-03-31 19:43","4.9","91"
"2018-03-31 20:02","5.3","94"
"2018-03-31 20:22","5.5","95"
"2018-03-31 20:42","5.4","96"
"2018-03-31 21:02","5.4","97"
"2018-03-31 21:22","5.5","97"
"2018-03-31 21:42","5.6","97"
"2018-03-31 22:02","6.0","97"
"2018-03-31 22:22","5.7","95"
"2018-03-31 22:42","5.8","93"
"2018-03-31 23:02","5.8","89"
"2018-03-31 23:22","5.4","87"
"2018-03-31 23:42","5.5","84"