"Time EST","Relative Humidity (%)"
"2018-02-01 00:06","86"
"2018-02-01 00:16","86"
"2018-02-01 00:26","87"
"2018-02-01 00:36","87"
"2018-02-01 00:46","87"
"2018-02-01 00:56","87"
"2018-02-01 01:06","87"
"2018-02-01 01:16","87"
"2018-02-01 01:26","88"
"2018-02-01 01:36","88"
"2018-02-01 01:46","88"
"2018-02-01 01:56","88"
"2018-02-01 02:06","88"
"2018-02-01 02:16","88"
"2018-02-01 02:26","88"
"2018-02-01 02:36","88"
"2018-02-01 02:46","88"
"2018-02-01 02:56","88"
"2018-02-01 03:06","89"
"2018-02-01 03:16","89"
"2018-02-01 03:26","89"
"2018-02-01 03:36","89"
"2018-02-01 03:46","89"
"2018-02-01 03:56","89"
"2018-02-01 04:06","89"
"2018-02-01 04:16","89"
"2018-02-01 04:26","89"
"2018-02-01 04:36","89"
"2018-02-01 04:46","89"
"2018-02-01 04:56","89"
"2018-02-01 05:06","89"
"2018-02-01 05:16","90"
"2018-02-01 05:26","90"
"2018-02-01 05:36","90"
"2018-02-01 05:46","90"
"2018-02-01 05:56","90"
"2018-02-01 06:06","90"
"2018-02-01 06:16","90"
"2018-02-01 06:26","90"
"2018-02-01 06:36","90"
"2018-02-01 06:46","90"
"2018-02-01 06:56","90"
"2018-02-01 07:06","90"
"2018-02-01 07:16","90"
"2018-02-01 07:26","90"
"2018-02-01 07:36","90"
"2018-02-01 07:46","90"
"2018-02-01 07:56","90"
"2018-02-01 08:06","90"
"2018-02-01 08:16","90"
"2018-02-01 08:26","90"
"2018-02-01 08:36","90"
"2018-02-01 08:46","90"
"2018-02-01 08:56","90"
"2018-02-01 09:06","90"
"2018-02-01 09:16","90"
"2018-02-01 09:26","90"
"2018-02-01 09:36","90"
"2018-02-01 09:46","89"
"2018-02-01 09:56","88"
"2018-02-01 10:06","88"
"2018-02-01 10:16","88"
"2018-02-01 10:26","87"
"2018-02-01 10:36","87"
"2018-02-01 10:46","87"
"2018-02-01 10:56","86"
"2018-02-01 11:06","85"
"2018-02-01 11:16","85"
"2018-02-01 11:26","84"
"2018-02-01 11:36","83"
"2018-02-01 11:46","83"
"2018-02-01 11:56","82"
"2018-02-01 12:06","81"
"2018-02-01 12:16","81"
"2018-02-01 12:26","80"
"2018-02-01 12:36","80"
"2018-02-01 12:46","79"
"2018-02-01 12:56","79"
"2018-02-01 13:06","79"
"2018-02-01 13:16","79"
"2018-02-01 13:26","78"
"2018-02-01 13:36","78"
"2018-02-01 13:46","78"
"2018-02-01 13:56","77"
"2018-02-01 14:06","78"
"2018-02-01 14:16","77"
"2018-02-01 14:26","77"
"2018-02-01 14:36","77"
"2018-02-01 14:46","77"
"2018-02-01 14:56","76"
"2018-02-01 15:06","77"
"2018-02-01 15:16","77"
"2018-02-01 15:26","77"
"2018-02-01 15:36","77"
"2018-02-01 15:46","77"
"2018-02-01 15:56","77"
"2018-02-01 16:06","77"
"2018-02-01 16:16","76"
"2018-02-01 16:26","76"
"2018-02-01 16:36","77"
"2018-02-01 16:46","76"
"2018-02-01 16:56","77"
"2018-02-01 17:06","77"
"2018-02-01 17:16","77"
"2018-02-01 17:26","77"
"2018-02-01 17:36","79"
"2018-02-01 17:46","80"
"2018-02-01 17:56","80"
"2018-02-01 18:06","81"
"2018-02-01 18:16","81"
"2018-02-01 18:26","82"
"2018-02-01 18:36","83"
"2018-02-01 18:46","83"
"2018-02-01 18:56","84"
"2018-02-01 19:06","85"
"2018-02-01 19:16","86"
"2018-02-01 19:26","86"
"2018-02-01 19:36","87"
"2018-02-01 19:46","87"
"2018-02-01 19:56","88"
"2018-02-01 20:06","88"
"2018-02-01 20:16","88"
"2018-02-01 20:26","88"
"2018-02-01 20:36","88"
"2018-02-01 20:46","89"
"2018-02-01 20:56","89"
"2018-02-01 21:06","89"
"2018-02-01 21:16","90"
"2018-02-01 21:26","90"
"2018-02-01 21:36","90"
"2018-02-01 21:46","90"
"2018-02-01 21:56","90"
"2018-02-01 22:06","90"
"2018-02-01 22:16","90"
"2018-02-01 22:26","90"
"2018-02-01 22:36","90"
"2018-02-01 22:46","90"
"2018-02-01 22:56","89"
"2018-02-01 23:06","90"
"2018-02-01 23:16","89"
"2018-02-01 23:26","89"
"2018-02-01 23:36","89"
"2018-02-01 23:56","89"
"2018-02-02 00:06","88"
"2018-02-02 00:16","88"
"2018-02-02 00:26","88"
"2018-02-02 00:36","88"
"2018-02-02 00:46","87"
"2018-02-02 00:56","87"
"2018-02-02 01:06","87"
"2018-02-02 01:16","87"
"2018-02-02 01:26","87"
"2018-02-02 01:36","86"
"2018-02-02 01:46","86"
"2018-02-02 01:56","86"
"2018-02-02 02:06","86"
"2018-02-02 02:16","86"
"2018-02-02 02:26","86"
"2018-02-02 02:36","86"
"2018-02-02 02:46","86"
"2018-02-02 02:57","86"
"2018-02-02 03:06","86"
"2018-02-02 03:16","86"
"2018-02-02 03:26","86"
"2018-02-02 03:36","85"
"2018-02-02 03:46","86"
"2018-02-02 03:56","86"
"2018-02-02 04:06","85"
"2018-02-02 04:16","85"
"2018-02-02 04:26","86"
"2018-02-02 04:36","85"
"2018-02-02 04:46","85"
"2018-02-02 04:56","85"
"2018-02-02 05:06","85"
"2018-02-02 05:16","85"
"2018-02-02 05:26","85"
"2018-02-02 05:36","85"
"2018-02-02 05:46","85"
"2018-02-02 05:56","85"
"2018-02-02 06:06","85"
"2018-02-02 06:16","85"
"2018-02-02 06:26","85"
"2018-02-02 06:36","85"
"2018-02-02 06:46","85"
"2018-02-02 06:56","85"
"2018-02-02 07:06","85"
"2018-02-02 07:16","85"
"2018-02-02 07:26","85"
"2018-02-02 07:36","85"
"2018-02-02 07:46","85"
"2018-02-02 07:56","85"
"2018-02-02 08:06","85"
"2018-02-02 08:16","85"
"2018-02-02 08:26","85"
"2018-02-02 08:36","85"
"2018-02-02 08:46","85"
"2018-02-02 08:56","84"
"2018-02-02 09:06","85"
"2018-02-02 09:16","85"
"2018-02-02 09:26","85"
"2018-02-02 09:36","84"
"2018-02-02 09:46","84"
"2018-02-02 09:56","84"
"2018-02-02 10:06","84"
"2018-02-02 10:16","84"
"2018-02-02 10:26","84"
"2018-02-02 10:36","84"
"2018-02-02 10:46","84"
"2018-02-02 10:56","83"
"2018-02-02 11:06","84"
"2018-02-02 11:16","83"
"2018-02-02 11:26","84"
"2018-02-02 11:36","83"
"2018-02-02 11:46","84"
"2018-02-02 11:56","84"
"2018-02-02 12:06","83"
"2018-02-02 12:16","84"
"2018-02-02 12:26","84"
"2018-02-02 12:36","84"
"2018-02-02 12:46","83"
"2018-02-02 12:56","84"
"2018-02-02 13:06","83"
"2018-02-02 13:16","83"
"2018-02-02 13:26","83"
"2018-02-02 13:36","83"
"2018-02-02 13:46","83"
"2018-02-02 13:56","83"
"2018-02-02 14:06","83"
"2018-02-02 14:16","83"
"2018-02-02 14:26","83"
"2018-02-02 14:36","83"
"2018-02-02 14:56","82"
"2018-02-02 15:16","82"
"2018-02-02 15:36","82"
"2018-02-02 15:56","82"
"2018-02-02 16:16","82"
"2018-02-02 16:36","82"
"2018-02-02 16:56","82"
"2018-02-02 17:16","82"
"2018-02-02 17:36","82"
"2018-02-02 17:56","82"
"2018-02-02 18:17","82"
"2018-02-02 18:26","82"
"2018-02-02 18:36","82"
"2018-02-02 18:46","82"
"2018-02-02 18:56","82"
"2018-02-02 19:06","82"
"2018-02-02 19:16","82"
"2018-02-02 19:26","82"
"2018-02-02 19:36","82"
"2018-02-02 19:46","82"
"2018-02-02 19:56","82"
"2018-02-02 20:06","82"
"2018-02-02 20:16","82"
"2018-02-02 20:26","81"
"2018-02-02 20:36","82"
"2018-02-02 20:46","82"
"2018-02-02 20:56","82"
"2018-02-02 21:06","82"
"2018-02-02 21:16","82"
"2018-02-02 21:26","82"
"2018-02-02 21:36","82"
"2018-02-02 21:46","83"
"2018-02-02 21:56","82"
"2018-02-02 22:06","83"
"2018-02-02 22:16","82"
"2018-02-02 22:26","83"
"2018-02-02 22:36","83"
"2018-02-02 22:46","83"
"2018-02-02 22:56","83"
"2018-02-02 23:06","83"
"2018-02-02 23:16","83"
"2018-02-02 23:26","83"
"2018-02-02 23:36","83"
"2018-02-02 23:46","83"
"2018-02-02 23:56","84"
"2018-02-03 00:06","83"
"2018-02-03 00:16","83"
"2018-02-03 00:26","83"
"2018-02-03 00:36","83"
"2018-02-03 00:46","83"
"2018-02-03 00:56","83"
"2018-02-03 01:06","84"
"2018-02-03 01:16","84"
"2018-02-03 01:26","83"
"2018-02-03 01:36","83"
"2018-02-03 01:46","84"
"2018-02-03 01:56","84"
"2018-02-03 02:06","84"
"2018-02-03 02:16","84"
"2018-02-03 02:26","84"
"2018-02-03 02:36","84"
"2018-02-03 02:46","84"
"2018-02-03 02:56","84"
"2018-02-03 03:06","84"
"2018-02-03 03:16","84"
"2018-02-03 03:26","84"
"2018-02-03 03:36","84"
"2018-02-03 03:46","84"
"2018-02-03 03:56","84"
"2018-02-03 04:06","84"
"2018-02-03 04:16","84"
"2018-02-03 04:26","84"
"2018-02-03 04:36","84"
"2018-02-03 04:46","84"
"2018-02-03 04:56","84"
"2018-02-03 05:06","84"
"2018-02-03 05:16","84"
"2018-02-03 05:26","84"
"2018-02-03 05:36","84"
"2018-02-03 05:46","84"
"2018-02-03 05:56","85"
"2018-02-03 06:06","85"
"2018-02-03 06:16","85"
"2018-02-03 06:26","85"
"2018-02-03 06:36","85"
"2018-02-03 06:46","85"
"2018-02-03 06:56","85"
"2018-02-03 07:06","85"
"2018-02-03 07:16","85"
"2018-02-03 07:26","85"
"2018-02-03 07:36","85"
"2018-02-03 07:46","85"
"2018-02-03 07:56","85"
"2018-02-03 08:06","84"
"2018-02-03 08:16","84"
"2018-02-03 08:26","84"
"2018-02-03 08:36","85"
"2018-02-03 08:46","84"
"2018-02-03 08:56","84"
"2018-02-03 09:06","83"
"2018-02-03 09:16","83"
"2018-02-03 09:26","83"
"2018-02-03 09:36","83"
"2018-02-03 09:46","83"
"2018-02-03 09:56","82"
"2018-02-03 10:06","82"
"2018-02-03 10:16","82"
"2018-02-03 10:26","82"
"2018-02-03 10:36","81"
"2018-02-03 10:46","82"
"2018-02-03 10:56","82"
"2018-02-03 11:06","81"
"2018-02-03 11:16","80"
"2018-02-03 11:26","82"
"2018-02-03 11:36","81"
"2018-02-03 11:46","82"
"2018-02-03 11:56","81"
"2018-02-03 12:06","80"
"2018-02-03 12:16","82"
"2018-02-03 12:26","81"
"2018-02-03 12:36","81"
"2018-02-03 12:46","81"
"2018-02-03 12:56","81"
"2018-02-03 13:06","78"
"2018-02-03 13:16","81"
"2018-02-03 13:26","79"
"2018-02-03 13:36","80"
"2018-02-03 13:46","80"
"2018-02-03 13:56","79"
"2018-02-03 14:06","77"
"2018-02-03 14:16","77"
"2018-02-03 14:26","77"
"2018-02-03 14:36","78"
"2018-02-03 14:46","78"
"2018-02-03 14:56","78"
"2018-02-03 15:06","77"
"2018-02-03 15:16","77"
"2018-02-03 15:26","77"
"2018-02-03 15:36","77"
"2018-02-03 15:46","76"
"2018-02-03 15:56","76"
"2018-02-03 16:06","76"
"2018-02-03 16:16","76"
"2018-02-03 16:26","75"
"2018-02-03 16:36","75"
"2018-02-03 16:46","76"
"2018-02-03 16:56","75"
"2018-02-03 17:06","76"
"2018-02-03 17:16","77"
"2018-02-03 17:26","77"
"2018-02-03 17:36","78"
"2018-02-03 17:46","78"
"2018-02-03 17:56","78"
"2018-02-03 18:06","79"
"2018-02-03 18:16","79"
"2018-02-03 18:26","79"
"2018-02-03 18:36","79"
"2018-02-03 18:46","80"
"2018-02-03 18:56","80"
"2018-02-03 19:06","80"
"2018-02-03 19:16","80"
"2018-02-03 19:26","80"
"2018-02-03 19:36","81"
"2018-02-03 19:46","81"
"2018-02-03 19:56","81"
"2018-02-03 20:06","81"
"2018-02-03 20:16","82"
"2018-02-03 20:26","82"
"2018-02-03 20:36","82"
"2018-02-03 20:46","82"
"2018-02-03 20:56","82"
"2018-02-03 21:06","82"
"2018-02-03 21:16","82"
"2018-02-03 21:26","82"
"2018-02-03 21:36","82"
"2018-02-03 21:46","82"
"2018-02-03 21:56","82"
"2018-02-03 22:06","82"
"2018-02-03 22:16","82"
"2018-02-03 22:26","82"
"2018-02-03 22:36","83"
"2018-02-03 22:46","83"
"2018-02-03 22:56","83"
"2018-02-03 23:06","84"
"2018-02-03 23:16","84"
"2018-02-03 23:26","84"
"2018-02-03 23:36","85"
"2018-02-03 23:46","85"
"2018-02-03 23:56","85"
"2018-02-04 00:06","86"
"2018-02-04 00:16","86"
"2018-02-04 00:26","86"
"2018-02-04 00:36","86"
"2018-02-04 00:46","86"
"2018-02-04 00:56","86"
"2018-02-04 01:06","87"
"2018-02-04 01:16","87"
"2018-02-04 01:26","87"
"2018-02-04 01:36","86"
"2018-02-04 01:46","87"
"2018-02-04 01:56","87"
"2018-02-04 02:06","87"
"2018-02-04 02:16","87"
"2018-02-04 02:26","87"
"2018-02-04 02:36","87"
"2018-02-04 02:46","87"
"2018-02-04 02:56","87"
"2018-02-04 03:06","87"
"2018-02-04 03:16","87"
"2018-02-04 03:26","88"
"2018-02-04 03:36","88"
"2018-02-04 03:46","88"
"2018-02-04 03:56","88"
"2018-02-04 04:06","89"
"2018-02-04 04:16","89"
"2018-02-04 04:26","89"
"2018-02-04 04:36","89"
"2018-02-04 04:46","90"
"2018-02-04 04:56","90"
"2018-02-04 05:06","90"
"2018-02-04 05:16","90"
"2018-02-04 05:26","91"
"2018-02-04 05:36","91"
"2018-02-04 05:46","91"
"2018-02-04 05:56","91"
"2018-02-04 06:06","91"
"2018-02-04 06:16","91"
"2018-02-04 06:26","91"
"2018-02-04 06:36","91"
"2018-02-04 06:46","92"
"2018-02-04 06:56","91"
"2018-02-04 07:06","91"
"2018-02-04 07:16","91"
"2018-02-04 07:26","91"
"2018-02-04 07:36","90"
"2018-02-04 07:46","90"
"2018-02-04 07:56","90"
"2018-02-04 08:06","89"
"2018-02-04 08:16","89"
"2018-02-04 08:26","88"
"2018-02-04 08:36","88"
"2018-02-04 08:46","87"
"2018-02-04 08:56","87"
"2018-02-04 09:06","86"
"2018-02-04 09:16","86"
"2018-02-04 09:26","85"
"2018-02-04 09:36","85"
"2018-02-04 09:46","84"
"2018-02-04 09:56","84"
"2018-02-04 10:06","84"
"2018-02-04 10:16","84"
"2018-02-04 10:26","84"
"2018-02-04 10:36","85"
"2018-02-04 10:46","85"
"2018-02-04 10:56","85"
"2018-02-04 11:06","86"
"2018-02-04 11:16","86"
"2018-02-04 11:26","87"
"2018-02-04 11:36","87"
"2018-02-04 11:46","88"
"2018-02-04 11:56","88"
"2018-02-04 12:06","89"
"2018-02-04 12:16","89"
"2018-02-04 12:26","90"
"2018-02-04 12:36","90"
"2018-02-04 12:46","90"
"2018-02-04 12:56","91"
"2018-02-04 13:06","91"
"2018-02-04 13:16","91"
"2018-02-04 13:26","92"
"2018-02-04 13:36","92"
"2018-02-04 13:46","92"
"2018-02-04 13:56","92"
"2018-02-04 14:06","93"
"2018-02-04 14:16","93"
"2018-02-04 14:26","93"
"2018-02-04 14:36","93"
"2018-02-04 14:46","93"
"2018-02-04 14:56","93"
"2018-02-04 15:06","94"
"2018-02-04 15:16","94"
"2018-02-04 15:26","94"
"2018-02-04 15:36","94"
"2018-02-04 15:46","94"
"2018-02-04 15:56","94"
"2018-02-04 16:06","94"
"2018-02-04 16:16","94"
"2018-02-04 16:26","95"
"2018-02-04 16:36","95"
"2018-02-04 16:46","95"
"2018-02-04 16:56","95"
"2018-02-04 17:06","95"
"2018-02-04 17:16","95"
"2018-02-04 17:26","95"
"2018-02-04 17:36","95"
"2018-02-04 17:46","95"
"2018-02-04 17:56","95"
"2018-02-04 18:06","96"
"2018-02-04 18:16","96"
"2018-02-04 18:26","96"
"2018-02-04 18:36","96"
"2018-02-04 18:46","96"
"2018-02-04 18:56","96"
"2018-02-04 19:06","96"
"2018-02-04 19:16","96"
"2018-02-04 19:26","96"
"2018-02-04 19:36","96"
"2018-02-04 19:46","96"
"2018-02-04 19:56","96"
"2018-02-04 20:06","96"
"2018-02-04 20:16","96"
"2018-02-04 20:26","96"
"2018-02-04 20:36","96"
"2018-02-04 20:46","96"
"2018-02-04 20:56","96"
"2018-02-04 21:06","96"
"2018-02-04 21:16","96"
"2018-02-04 21:26","96"
"2018-02-04 21:36","96"
"2018-02-04 21:46","96"
"2018-02-04 21:56","97"
"2018-02-04 22:06","97"
"2018-02-04 22:16","97"
"2018-02-04 22:26","97"
"2018-02-04 22:36","97"
"2018-02-04 22:46","97"
"2018-02-04 22:56","97"
"2018-02-04 23:06","97"
"2018-02-04 23:16","97"
"2018-02-04 23:26","97"
"2018-02-04 23:36","97"
"2018-02-04 23:46","97"
"2018-02-04 23:56","97"
"2018-02-05 00:06","97"
"2018-02-05 00:16","96"
"2018-02-05 00:26","97"
"2018-02-05 00:36","97"
"2018-02-05 00:46","97"
"2018-02-05 00:56","97"
"2018-02-05 01:06","97"
"2018-02-05 01:16","97"
"2018-02-05 01:26","97"
"2018-02-05 01:36","97"
"2018-02-05 01:46","97"
"2018-02-05 01:56","97"
"2018-02-05 02:06","97"
"2018-02-05 02:16","97"
"2018-02-05 02:26","97"
"2018-02-05 02:36","97"
"2018-02-05 02:46","97"
"2018-02-05 02:56","97"
"2018-02-05 03:06","97"
"2018-02-05 03:16","97"
"2018-02-05 03:26","96"
"2018-02-05 03:36","96"
"2018-02-05 03:46","96"
"2018-02-05 03:56","96"
"2018-02-05 04:06","96"
"2018-02-05 04:16","96"
"2018-02-05 04:26","96"
"2018-02-05 04:36","96"
"2018-02-05 04:46","95"
"2018-02-05 04:56","95"
"2018-02-05 05:06","95"
"2018-02-05 05:16","95"
"2018-02-05 05:26","95"
"2018-02-05 05:36","95"
"2018-02-05 05:46","95"
"2018-02-05 05:56","95"
"2018-02-05 06:06","95"
"2018-02-05 06:16","95"
"2018-02-05 06:26","94"
"2018-02-05 06:36","94"
"2018-02-05 06:46","94"
"2018-02-05 06:56","94"
"2018-02-05 07:06","94"
"2018-02-05 07:16","93"
"2018-02-05 07:26","93"
"2018-02-05 07:36","93"
"2018-02-05 07:46","93"
"2018-02-05 07:56","92"
"2018-02-05 08:06","92"
"2018-02-05 08:16","92"
"2018-02-05 08:26","92"
"2018-02-05 08:36","92"
"2018-02-05 08:46","92"
"2018-02-05 08:56","92"
"2018-02-05 09:06","92"
"2018-02-05 09:16","93"
"2018-02-05 09:26","92"
"2018-02-05 09:36","91"
"2018-02-05 09:46","92"
"2018-02-05 09:56","92"
"2018-02-05 10:06","92"
"2018-02-05 10:16","92"
"2018-02-05 10:26","92"
"2018-02-05 10:36","92"
"2018-02-05 10:46","92"
"2018-02-05 10:56","92"
"2018-02-05 11:06","92"
"2018-02-05 11:16","92"
"2018-02-05 11:26","92"
"2018-02-05 11:36","93"
"2018-02-05 11:46","92"
"2018-02-05 11:56","93"
"2018-02-05 12:06","93"
"2018-02-05 12:16","93"
"2018-02-05 12:26","93"
"2018-02-05 12:36","94"
"2018-02-05 12:46","93"
"2018-02-05 12:56","93"
"2018-02-05 13:06","93"
"2018-02-05 13:16","93"
"2018-02-05 13:26","93"
"2018-02-05 13:36","93"
"2018-02-05 13:46","93"
"2018-02-05 13:56","93"
"2018-02-05 14:06","94"
"2018-02-05 14:16","94"
"2018-02-05 14:26","93"
"2018-02-05 14:36","93"
"2018-02-05 14:46","94"
"2018-02-05 14:56","94"
"2018-02-05 15:06","94"
"2018-02-05 15:16","93"
"2018-02-05 15:26","93"
"2018-02-05 15:36","93"
"2018-02-05 15:46","92"
"2018-02-05 15:56","92"
"2018-02-05 16:06","92"
"2018-02-05 16:16","92"
"2018-02-05 16:26","92"
"2018-02-05 16:36","91"
"2018-02-05 16:46","92"
"2018-02-05 16:56","92"
"2018-02-05 17:06","92"
"2018-02-05 17:16","92"
"2018-02-05 17:26","92"
"2018-02-05 17:36","91"
"2018-02-05 17:46","91"
"2018-02-05 17:56","91"
"2018-02-05 18:06","91"
"2018-02-05 18:16","91"
"2018-02-05 18:26","91"
"2018-02-05 18:36","91"
"2018-02-05 18:46","91"
"2018-02-05 18:56","91"
"2018-02-05 19:06","91"
"2018-02-05 19:16","90"
"2018-02-05 19:26","90"
"2018-02-05 19:36","90"
"2018-02-05 19:46","90"
"2018-02-05 19:56","90"
"2018-02-05 20:06","90"
"2018-02-05 20:16","89"
"2018-02-05 20:26","89"
"2018-02-05 20:36","89"
"2018-02-05 20:46","89"
"2018-02-05 20:56","89"
"2018-02-05 21:06","89"
"2018-02-05 21:16","89"
"2018-02-05 21:26","89"
"2018-02-05 21:36","89"
"2018-02-05 21:46","89"
"2018-02-05 21:56","89"
"2018-02-05 22:06","89"
"2018-02-05 22:16","89"
"2018-02-05 22:26","89"
"2018-02-05 22:36","89"
"2018-02-05 22:46","89"
"2018-02-05 22:56","88"
"2018-02-05 23:06","88"
"2018-02-05 23:16","88"
"2018-02-05 23:26","88"
"2018-02-05 23:36","88"
"2018-02-05 23:46","88"
"2018-02-05 23:56","88"
"2018-02-06 00:06","87"
"2018-02-06 00:16","87"
"2018-02-06 00:26","87"
"2018-02-06 00:36","87"
"2018-02-06 00:46","87"
"2018-02-06 00:56","87"
"2018-02-06 01:06","87"
"2018-02-06 01:16","87"
"2018-02-06 01:26","87"
"2018-02-06 01:36","87"
"2018-02-06 01:46","87"
"2018-02-06 01:56","87"
"2018-02-06 02:06","87"
"2018-02-06 02:16","87"
"2018-02-06 02:26","87"
"2018-02-06 02:36","87"
"2018-02-06 02:46","87"
"2018-02-06 02:56","86"
"2018-02-06 03:06","86"
"2018-02-06 03:16","87"
"2018-02-06 03:26","87"
"2018-02-06 03:36","87"
"2018-02-06 03:46","86"
"2018-02-06 03:56","86"
"2018-02-06 04:06","86"
"2018-02-06 04:16","86"
"2018-02-06 04:26","86"
"2018-02-06 04:36","86"
"2018-02-06 04:46","86"
"2018-02-06 04:56","86"
"2018-02-06 05:06","86"
"2018-02-06 05:16","86"
"2018-02-06 05:26","87"
"2018-02-06 05:36","87"
"2018-02-06 05:46","87"
"2018-02-06 05:56","87"
"2018-02-06 06:06","87"
"2018-02-06 06:16","87"
"2018-02-06 06:26","88"
"2018-02-06 06:36","88"
"2018-02-06 06:46","88"
"2018-02-06 06:56","88"
"2018-02-06 07:06","88"
"2018-02-06 07:16","88"
"2018-02-06 07:26","89"
"2018-02-06 07:36","89"
"2018-02-06 07:46","89"
"2018-02-06 07:56","89"
"2018-02-06 08:06","89"
"2018-02-06 08:16","89"
"2018-02-06 08:26","89"
"2018-02-06 08:36","90"
"2018-02-06 08:46","90"
"2018-02-06 08:56","90"
"2018-02-06 09:06","90"
"2018-02-06 09:16","90"
"2018-02-06 09:26","90"
"2018-02-06 09:36","90"
"2018-02-06 09:46","90"
"2018-02-06 09:56","90"
"2018-02-06 10:06","90"
"2018-02-06 10:16","90"
"2018-02-06 10:26","90"
"2018-02-06 10:36","90"
"2018-02-06 10:46","90"
"2018-02-06 10:56","90"
"2018-02-06 11:06","90"
"2018-02-06 11:16","90"
"2018-02-06 11:26","90"
"2018-02-06 11:36","90"
"2018-02-06 11:46","90"
"2018-02-06 11:56","90"
"2018-02-06 12:06","89"
"2018-02-06 12:16","89"
"2018-02-06 12:26","89"
"2018-02-06 12:36","89"
"2018-02-06 12:46","88"
"2018-02-06 12:56","88"
"2018-02-06 13:06","88"
"2018-02-06 13:16","88"
"2018-02-06 13:26","88"
"2018-02-06 13:36","87"
"2018-02-06 13:46","87"
"2018-02-06 13:56","87"
"2018-02-06 14:06","87"
"2018-02-06 14:16","86"
"2018-02-06 14:26","86"
"2018-02-06 14:36","86"
"2018-02-06 14:46","86"
"2018-02-06 14:56","86"
"2018-02-06 15:06","86"
"2018-02-06 15:16","85"
"2018-02-06 15:26","85"
"2018-02-06 15:36","85"
"2018-02-06 15:46","85"
"2018-02-06 15:56","85"
"2018-02-06 16:06","85"
"2018-02-06 16:16","85"
"2018-02-06 16:26","85"
"2018-02-06 16:36","85"
"2018-02-06 16:46","85"
"2018-02-06 16:56","84"
"2018-02-06 17:06","85"
"2018-02-06 17:16","85"
"2018-02-06 17:26","85"
"2018-02-06 17:36","84"
"2018-02-06 17:46","85"
"2018-02-06 17:56","86"
"2018-02-06 18:06","85"
"2018-02-06 18:16","85"
"2018-02-06 18:26","86"
"2018-02-06 18:36","86"
"2018-02-06 18:46","85"
"2018-02-06 18:56","85"
"2018-02-06 19:06","86"
"2018-02-06 19:16","86"
"2018-02-06 19:26","86"
"2018-02-06 19:36","86"
"2018-02-06 19:46","86"
"2018-02-06 19:56","87"
"2018-02-06 20:06","87"
"2018-02-06 20:16","88"
"2018-02-06 20:26","88"
"2018-02-06 20:36","88"
"2018-02-06 20:46","87"
"2018-02-06 20:56","89"
"2018-02-06 21:06","88"
"2018-02-06 21:16","88"
"2018-02-06 21:26","88"
"2018-02-06 21:36","89"
"2018-02-06 21:46","87"
"2018-02-06 21:56","88"
"2018-02-06 22:06","89"
"2018-02-06 22:16","89"
"2018-02-06 22:26","89"
"2018-02-06 22:36","89"
"2018-02-06 22:46","90"
"2018-02-06 22:56","89"
"2018-02-06 23:06","91"
"2018-02-06 23:16","90"
"2018-02-06 23:26","90"
"2018-02-06 23:36","90"
"2018-02-06 23:46","90"
"2018-02-06 23:56","90"
"2018-02-07 00:06","90"
"2018-02-07 00:16","90"
"2018-02-07 00:26","90"
"2018-02-07 00:36","89"
"2018-02-07 00:46","90"
"2018-02-07 00:56","89"
"2018-02-07 01:06","89"
"2018-02-07 01:16","90"
"2018-02-07 01:26","89"
"2018-02-07 01:36","90"
"2018-02-07 01:46","90"
"2018-02-07 01:56","89"
"2018-02-07 02:06","90"
"2018-02-07 02:16","90"
"2018-02-07 02:26","90"
"2018-02-07 02:36","90"
"2018-02-07 02:46","90"
"2018-02-07 02:56","90"
"2018-02-07 03:06","89"
"2018-02-07 03:16","89"
"2018-02-07 03:26","89"
"2018-02-07 03:36","90"
"2018-02-07 03:46","90"
"2018-02-07 03:56","90"
"2018-02-07 04:06","90"
"2018-02-07 04:16","90"
"2018-02-07 04:26","90"
"2018-02-07 04:36","90"
"2018-02-07 04:46","90"
"2018-02-07 04:56","90"
"2018-02-07 05:06","90"
"2018-02-07 05:16","90"
"2018-02-07 05:26","90"
"2018-02-07 05:36","90"
"2018-02-07 05:46","90"
"2018-02-07 05:56","90"
"2018-02-07 06:06","90"
"2018-02-07 06:16","90"
"2018-02-07 06:26","90"
"2018-02-07 06:36","90"
"2018-02-07 06:46","90"
"2018-02-07 06:56","90"
"2018-02-07 07:06","90"
"2018-02-07 07:16","90"
"2018-02-07 07:26","90"
"2018-02-07 07:36","90"
"2018-02-07 07:46","90"
"2018-02-07 07:56","90"
"2018-02-07 08:06","90"
"2018-02-07 08:16","90"
"2018-02-07 08:26","90"
"2018-02-07 08:36","90"
"2018-02-07 08:46","91"
"2018-02-07 08:56","91"
"2018-02-07 09:06","91"
"2018-02-07 09:16","91"
"2018-02-07 09:26","91"
"2018-02-07 09:36","91"
"2018-02-07 09:46","91"
"2018-02-07 09:56","91"
"2018-02-07 10:06","91"
"2018-02-07 10:16","91"
"2018-02-07 10:26","91"
"2018-02-07 10:36","91"
"2018-02-07 10:46","91"
"2018-02-07 10:56","91"
"2018-02-07 11:06","91"
"2018-02-07 11:16","91"
"2018-02-07 11:26","91"
"2018-02-07 11:36","91"
"2018-02-07 11:46","91"
"2018-02-07 11:56","91"
"2018-02-07 12:06","91"
"2018-02-07 12:16","91"
"2018-02-07 12:26","91"
"2018-02-07 12:36","91"
"2018-02-07 12:46","91"
"2018-02-07 12:56","92"
"2018-02-07 13:06","91"
"2018-02-07 13:16","91"
"2018-02-07 13:26","92"
"2018-02-07 13:36","92"
"2018-02-07 13:46","92"
"2018-02-07 13:56","92"
"2018-02-07 14:06","92"
"2018-02-07 14:16","92"
"2018-02-07 14:26","92"
"2018-02-07 14:36","92"
"2018-02-07 14:46","92"
"2018-02-07 14:56","92"
"2018-02-07 15:06","92"
"2018-02-07 15:16","92"
"2018-02-07 15:26","92"
"2018-02-07 15:36","92"
"2018-02-07 15:46","92"
"2018-02-07 15:56","92"
"2018-02-07 16:06","92"
"2018-02-07 16:16","93"
"2018-02-07 16:26","93"
"2018-02-07 16:36","93"
"2018-02-07 16:46","93"
"2018-02-07 16:56","93"
"2018-02-07 17:06","93"
"2018-02-07 17:16","93"
"2018-02-07 17:26","93"
"2018-02-07 17:36","93"
"2018-02-07 17:46","93"
"2018-02-07 17:56","93"
"2018-02-07 18:06","93"
"2018-02-07 18:16","93"
"2018-02-07 18:26","93"
"2018-02-07 18:36","93"
"2018-02-07 18:46","93"
"2018-02-07 18:56","94"
"2018-02-07 19:06","94"
"2018-02-07 19:16","94"
"2018-02-07 19:26","94"
"2018-02-07 19:36","94"
"2018-02-07 19:46","94"
"2018-02-07 19:56","94"
"2018-02-07 20:06","94"
"2018-02-07 20:16","94"
"2018-02-07 20:26","94"
"2018-02-07 20:36","94"
"2018-02-07 20:46","94"
"2018-02-07 20:56","94"
"2018-02-07 21:06","94"
"2018-02-07 21:16","94"
"2018-02-07 21:26","94"
"2018-02-07 21:36","94"
"2018-02-07 21:46","94"
"2018-02-07 21:56","94"
"2018-02-07 22:06","94"
"2018-02-07 22:16","94"
"2018-02-07 22:26","94"
"2018-02-07 22:36","94"
"2018-02-07 22:46","94"
"2018-02-07 22:56","94"
"2018-02-07 23:06","94"
"2018-02-07 23:16","94"
"2018-02-07 23:26","94"
"2018-02-07 23:36","93"
"2018-02-07 23:46","92"
"2018-02-07 23:56","91"
"2018-02-08 00:06","91"
"2018-02-08 00:16","92"
"2018-02-08 00:26","93"
"2018-02-08 00:36","93"
"2018-02-08 00:46","93"
"2018-02-08 00:56","93"
"2018-02-08 01:06","93"
"2018-02-08 01:16","92"
"2018-02-08 01:26","92"
"2018-02-08 01:36","93"
"2018-02-08 01:46","93"
"2018-02-08 01:56","93"
"2018-02-08 02:06","93"
"2018-02-08 02:16","92"
"2018-02-08 02:26","92"
"2018-02-08 02:36","92"
"2018-02-08 02:46","92"
"2018-02-08 02:57","92"
"2018-02-08 03:06","92"
"2018-02-08 03:16","92"
"2018-02-08 03:26","91"
"2018-02-08 03:36","91"
"2018-02-08 03:46","90"
"2018-02-08 03:56","90"
"2018-02-08 04:06","90"
"2018-02-08 04:16","90"
"2018-02-08 04:26","89"
"2018-02-08 04:36","89"
"2018-02-08 04:46","89"
"2018-02-08 04:56","89"
"2018-02-08 05:06","89"
"2018-02-08 05:16","89"
"2018-02-08 05:26","89"
"2018-02-08 05:36","88"
"2018-02-08 05:46","89"
"2018-02-08 05:56","88"
"2018-02-08 06:06","88"
"2018-02-08 06:16","88"
"2018-02-08 06:26","88"
"2018-02-08 06:36","88"
"2018-02-08 06:46","87"
"2018-02-08 06:56","88"
"2018-02-08 07:06","88"
"2018-02-08 07:16","87"
"2018-02-08 07:26","88"
"2018-02-08 07:36","88"
"2018-02-08 07:46","88"
"2018-02-08 07:56","88"
"2018-02-08 08:06","88"
"2018-02-08 08:16","89"
"2018-02-08 08:26","90"
"2018-02-08 08:36","91"
"2018-02-08 08:46","91"
"2018-02-08 08:56","90"
"2018-02-08 09:06","91"
"2018-02-08 09:16","92"
"2018-02-08 09:26","93"
"2018-02-08 09:36","93"
"2018-02-08 09:46","93"
"2018-02-08 09:56","93"
"2018-02-08 10:06","93"
"2018-02-08 10:16","93"
"2018-02-08 10:26","93"
"2018-02-08 10:36","93"
"2018-02-08 10:46","94"
"2018-02-08 10:56","93"
"2018-02-08 11:06","93"
"2018-02-08 11:16","92"
"2018-02-08 11:26","92"
"2018-02-08 11:36","92"
"2018-02-08 11:46","92"
"2018-02-08 11:56","92"
"2018-02-08 12:06","92"
"2018-02-08 12:16","91"
"2018-02-08 12:26","90"
"2018-02-08 12:36","91"
"2018-02-08 12:46","91"
"2018-02-08 12:56","92"
"2018-02-08 13:06","91"
"2018-02-08 13:16","91"
"2018-02-08 13:26","90"
"2018-02-08 13:36","90"
"2018-02-08 13:46","91"
"2018-02-08 13:56","91"
"2018-02-08 14:06","90"
"2018-02-08 14:16","90"
"2018-02-08 14:26","90"
"2018-02-08 14:36","90"
"2018-02-08 14:46","90"
"2018-02-08 14:56","90"
"2018-02-08 15:06","90"
"2018-02-08 15:16","89"
"2018-02-08 15:26","89"
"2018-02-08 15:36","88"
"2018-02-08 15:46","89"
"2018-02-08 15:56","89"
"2018-02-08 16:06","87"
"2018-02-08 16:16","88"
"2018-02-08 16:26","88"
"2018-02-08 16:36","88"
"2018-02-08 16:46","88"
"2018-02-08 16:56","88"
"2018-02-08 17:06","88"
"2018-02-08 17:16","88"
"2018-02-08 17:26","87"
"2018-02-08 17:36","87"
"2018-02-08 17:46","87"
"2018-02-08 17:56","87"
"2018-02-08 18:06","87"
"2018-02-08 18:16","87"
"2018-02-08 18:26","87"
"2018-02-08 18:36","87"
"2018-02-08 18:46","87"
"2018-02-08 18:56","87"
"2018-02-08 19:06","87"
"2018-02-08 19:16","86"
"2018-02-08 19:26","86"
"2018-02-08 19:36","86"
"2018-02-08 19:46","86"
"2018-02-08 19:56","86"
"2018-02-08 20:06","86"
"2018-02-08 20:16","86"
"2018-02-08 20:26","86"
"2018-02-08 20:36","86"
"2018-02-08 20:46","86"
"2018-02-08 20:56","86"
"2018-02-08 21:06","86"
"2018-02-08 21:16","86"
"2018-02-08 21:26","86"
"2018-02-08 21:36","87"
"2018-02-08 21:46","87"
"2018-02-08 21:56","87"
"2018-02-08 22:06","87"
"2018-02-08 22:16","87"
"2018-02-08 22:26","87"
"2018-02-08 22:36","87"
"2018-02-08 22:46","87"
"2018-02-08 22:56","88"
"2018-02-08 23:06","88"
"2018-02-08 23:16","88"
"2018-02-08 23:26","88"
"2018-02-08 23:36","89"
"2018-02-08 23:46","89"
"2018-02-08 23:56","89"
"2018-02-09 00:06","89"
"2018-02-09 00:16","89"
"2018-02-09 00:26","89"
"2018-02-09 00:36","89"
"2018-02-09 00:46","89"
"2018-02-09 00:56","90"
"2018-02-09 01:06","90"
"2018-02-09 01:16","89"
"2018-02-09 01:26","90"
"2018-02-09 01:36","90"
"2018-02-09 01:46","90"
"2018-02-09 01:56","89"
"2018-02-09 02:06","90"
"2018-02-09 02:16","90"
"2018-02-09 02:26","91"
"2018-02-09 02:36","90"
"2018-02-09 02:46","89"
"2018-02-09 02:56","89"
"2018-02-09 03:06","89"
"2018-02-09 03:16","89"
"2018-02-09 03:26","89"
"2018-02-09 03:36","89"
"2018-02-09 03:46","89"
"2018-02-09 03:56","90"
"2018-02-09 04:06","89"
"2018-02-09 04:16","89"
"2018-02-09 04:26","89"
"2018-02-09 04:36","89"
"2018-02-09 04:46","90"
"2018-02-09 04:56","89"
"2018-02-09 05:06","89"
"2018-02-09 05:16","89"
"2018-02-09 05:26","90"
"2018-02-09 05:36","90"
"2018-02-09 05:46","89"
"2018-02-09 05:56","89"
"2018-02-09 06:06","89"
"2018-02-09 06:16","89"
"2018-02-09 06:26","88"
"2018-02-09 06:36","89"
"2018-02-09 06:46","90"
"2018-02-09 06:56","90"
"2018-02-09 07:06","90"
"2018-02-09 07:16","90"
"2018-02-09 07:26","89"
"2018-02-09 07:36","89"
"2018-02-09 07:46","89"
"2018-02-09 07:56","89"
"2018-02-09 08:06","90"
"2018-02-09 08:16","90"
"2018-02-09 08:26","89"
"2018-02-09 08:36","89"
"2018-02-09 08:46","89"
"2018-02-09 08:56","89"
"2018-02-09 09:06","90"
"2018-02-09 09:16","89"
"2018-02-09 09:26","89"
"2018-02-09 09:36","89"
"2018-02-09 09:46","89"
"2018-02-09 09:56","89"
"2018-02-09 10:06","89"
"2018-02-09 10:16","89"
"2018-02-09 10:26","89"
"2018-02-09 10:36","89"
"2018-02-09 10:46","89"
"2018-02-09 10:56","89"
"2018-02-09 11:06","88"
"2018-02-09 11:16","88"
"2018-02-09 11:26","88"
"2018-02-09 11:36","88"
"2018-02-09 11:46","88"
"2018-02-09 11:56","87"
"2018-02-09 12:06","87"
"2018-02-09 12:16","87"
"2018-02-09 12:26","87"
"2018-02-09 12:36","86"
"2018-02-09 12:46","85"
"2018-02-09 12:56","85"
"2018-02-09 13:06","85"
"2018-02-09 13:16","85"
"2018-02-09 13:26","83"
"2018-02-09 13:36","83"
"2018-02-09 13:46","83"
"2018-02-09 13:56","83"
"2018-02-09 14:06","84"
"2018-02-09 14:16","85"
"2018-02-09 14:26","85"
"2018-02-09 14:36","85"
"2018-02-09 14:46","84"
"2018-02-09 14:56","84"
"2018-02-09 15:06","84"
"2018-02-09 15:16","84"
"2018-02-09 15:26","84"
"2018-02-09 15:36","84"
"2018-02-09 15:46","84"
"2018-02-09 15:56","84"
"2018-02-09 16:06","84"
"2018-02-09 16:16","84"
"2018-02-09 16:26","84"
"2018-02-09 16:36","84"
"2018-02-09 16:46","84"
"2018-02-09 16:56","84"
"2018-02-09 17:06","84"
"2018-02-09 17:16","83"
"2018-02-09 17:26","84"
"2018-02-09 17:36","84"
"2018-02-09 17:46","84"
"2018-02-09 17:56","84"
"2018-02-09 18:06","84"
"2018-02-09 18:16","84"
"2018-02-09 18:26","84"
"2018-02-09 18:36","84"
"2018-02-09 18:46","84"
"2018-02-09 18:56","84"
"2018-02-09 19:06","85"
"2018-02-09 19:16","85"
"2018-02-09 19:26","85"
"2018-02-09 19:36","85"
"2018-02-09 19:46","85"
"2018-02-09 19:56","85"
"2018-02-09 20:06","85"
"2018-02-09 20:16","86"
"2018-02-09 20:26","86"
"2018-02-09 20:36","86"
"2018-02-09 20:46","87"
"2018-02-09 20:56","87"
"2018-02-09 21:06","87"
"2018-02-09 21:16","87"
"2018-02-09 21:26","87"
"2018-02-09 21:36","88"
"2018-02-09 21:46","88"
"2018-02-09 21:56","88"
"2018-02-09 22:06","88"
"2018-02-09 22:16","88"
"2018-02-09 22:26","89"
"2018-02-09 22:36","89"
"2018-02-09 22:46","89"
"2018-02-09 22:56","89"
"2018-02-09 23:06","89"
"2018-02-09 23:16","89"
"2018-02-09 23:26","90"
"2018-02-09 23:36","90"
"2018-02-09 23:46","90"
"2018-02-09 23:56","90"
"2018-02-10 00:06","90"
"2018-02-10 00:16","90"
"2018-02-10 00:26","90"
"2018-02-10 00:36","91"
"2018-02-10 00:46","91"
"2018-02-10 00:56","91"
"2018-02-10 01:06","91"
"2018-02-10 01:16","91"
"2018-02-10 01:26","91"
"2018-02-10 01:36","91"
"2018-02-10 01:46","91"
"2018-02-10 01:56","91"
"2018-02-10 02:06","91"
"2018-02-10 02:16","91"
"2018-02-10 02:26","91"
"2018-02-10 02:36","92"
"2018-02-10 02:46","92"
"2018-02-10 02:56","92"
"2018-02-10 03:06","92"
"2018-02-10 03:18","92"
"2018-02-10 03:26","92"
"2018-02-10 03:36","92"
"2018-02-10 03:46","92"
"2018-02-10 03:56","92"
"2018-02-10 04:06","92"
"2018-02-10 04:16","92"
"2018-02-10 04:26","92"
"2018-02-10 04:36","92"
"2018-02-10 04:46","92"
"2018-02-10 04:56","92"
"2018-02-10 05:06","92"
"2018-02-10 05:16","92"
"2018-02-10 05:26","92"
"2018-02-10 05:36","92"
"2018-02-10 05:46","93"
"2018-02-10 05:56","93"
"2018-02-10 06:06","93"
"2018-02-10 06:16","93"
"2018-02-10 06:26","93"
"2018-02-10 06:36","93"
"2018-02-10 06:46","93"
"2018-02-10 06:56","93"
"2018-02-10 07:06","93"
"2018-02-10 07:16","93"
"2018-02-10 07:26","93"
"2018-02-10 07:36","93"
"2018-02-10 07:46","93"
"2018-02-10 07:56","93"
"2018-02-10 08:06","93"
"2018-02-10 08:16","93"
"2018-02-10 08:26","93"
"2018-02-10 08:36","93"
"2018-02-10 08:46","93"
"2018-02-10 08:56","93"
"2018-02-10 09:06","93"
"2018-02-10 09:16","93"
"2018-02-10 09:26","93"
"2018-02-10 09:36","93"
"2018-02-10 09:46","93"
"2018-02-10 09:56","93"
"2018-02-10 10:06","93"
"2018-02-10 10:16","92"
"2018-02-10 10:26","92"
"2018-02-10 10:36","92"
"2018-02-10 10:46","92"
"2018-02-10 10:56","92"
"2018-02-10 11:06","92"
"2018-02-10 11:16","91"
"2018-02-10 11:26","91"
"2018-02-10 11:36","91"
"2018-02-10 11:46","92"
"2018-02-10 11:56","91"
"2018-02-10 12:06","92"
"2018-02-10 12:16","91"
"2018-02-10 12:26","91"
"2018-02-10 12:36","91"
"2018-02-10 12:46","91"
"2018-02-10 12:56","91"
"2018-02-10 13:06","91"
"2018-02-10 13:16","91"
"2018-02-10 13:26","91"
"2018-02-10 13:36","91"
"2018-02-10 13:46","91"
"2018-02-10 13:56","90"
"2018-02-10 14:06","90"
"2018-02-10 14:16","90"
"2018-02-10 14:26","90"
"2018-02-10 14:36","90"
"2018-02-10 14:46","90"
"2018-02-10 14:56","90"
"2018-02-10 15:06","90"
"2018-02-10 15:16","90"
"2018-02-10 15:26","90"
"2018-02-10 15:36","91"
"2018-02-10 15:46","91"
"2018-02-10 15:56","91"
"2018-02-10 16:06","91"
"2018-02-10 16:16","91"
"2018-02-10 16:26","91"
"2018-02-10 16:36","91"
"2018-02-10 16:46","91"
"2018-02-10 16:56","91"
"2018-02-10 17:06","91"
"2018-02-10 17:16","91"
"2018-02-10 17:26","91"
"2018-02-10 17:36","92"
"2018-02-10 17:46","92"
"2018-02-10 17:56","92"
"2018-02-10 18:06","92"
"2018-02-10 18:16","92"
"2018-02-10 18:26","92"
"2018-02-10 18:36","92"
"2018-02-10 18:46","92"
"2018-02-10 18:56","92"
"2018-02-10 19:06","92"
"2018-02-10 19:16","92"
"2018-02-10 19:26","92"
"2018-02-10 19:36","92"
"2018-02-10 19:46","92"
"2018-02-10 19:56","93"
"2018-02-10 20:06","93"
"2018-02-10 20:16","93"
"2018-02-10 20:26","93"
"2018-02-10 20:36","93"
"2018-02-10 20:46","93"
"2018-02-10 20:56","93"
"2018-02-10 21:06","93"
"2018-02-10 21:16","93"
"2018-02-10 21:26","93"
"2018-02-10 21:36","93"
"2018-02-10 21:46","93"
"2018-02-10 21:56","93"
"2018-02-10 22:06","93"
"2018-02-10 22:16","93"
"2018-02-10 22:26","93"
"2018-02-10 22:36","93"
"2018-02-10 22:46","94"
"2018-02-10 22:56","94"
"2018-02-10 23:06","94"
"2018-02-10 23:16","94"
"2018-02-10 23:26","94"
"2018-02-10 23:36","94"
"2018-02-10 23:46","94"
"2018-02-10 23:56","94"
"2018-02-11 00:06","94"
"2018-02-11 00:16","94"
"2018-02-11 00:26","94"
"2018-02-11 00:36","94"
"2018-02-11 00:46","94"
"2018-02-11 00:56","94"
"2018-02-11 01:06","94"
"2018-02-11 01:16","94"
"2018-02-11 01:26","94"
"2018-02-11 01:36","94"
"2018-02-11 01:46","94"
"2018-02-11 01:56","94"
"2018-02-11 02:06","94"
"2018-02-11 02:16","94"
"2018-02-11 02:26","94"
"2018-02-11 02:36","94"
"2018-02-11 02:46","94"
"2018-02-11 02:56","94"
"2018-02-11 03:06","94"
"2018-02-11 03:16","95"
"2018-02-11 03:26","94"
"2018-02-11 03:36","95"
"2018-02-11 03:46","95"
"2018-02-11 03:56","94"
"2018-02-11 04:06","94"
"2018-02-11 04:16","95"
"2018-02-11 04:26","94"
"2018-02-11 04:36","95"
"2018-02-11 04:46","95"
"2018-02-11 04:56","95"
"2018-02-11 05:06","95"
"2018-02-11 05:16","95"
"2018-02-11 05:26","95"
"2018-02-11 05:36","95"
"2018-02-11 05:46","95"
"2018-02-11 05:56","95"
"2018-02-11 06:06","95"
"2018-02-11 06:16","95"
"2018-02-11 06:26","95"
"2018-02-11 06:36","95"
"2018-02-11 06:46","95"
"2018-02-11 06:56","95"
"2018-02-11 07:06","95"
"2018-02-11 07:16","95"
"2018-02-11 07:26","95"
"2018-02-11 07:36","95"
"2018-02-11 07:46","95"
"2018-02-11 07:56","95"
"2018-02-11 08:06","94"
"2018-02-11 08:16","94"
"2018-02-11 08:26","94"
"2018-02-11 08:36","94"
"2018-02-11 08:46","94"
"2018-02-11 08:56","94"
"2018-02-11 09:06","94"
"2018-02-11 09:16","94"
"2018-02-11 09:26","94"
"2018-02-11 09:36","93"
"2018-02-11 09:46","93"
"2018-02-11 09:56","93"
"2018-02-11 10:06","93"
"2018-02-11 10:16","93"
"2018-02-11 10:26","92"
"2018-02-11 10:36","92"
"2018-02-11 10:46","92"
"2018-02-11 10:56","92"
"2018-02-11 11:06","93"
"2018-02-11 11:16","92"
"2018-02-11 11:26","92"
"2018-02-11 11:36","91"
"2018-02-11 11:46","91"
"2018-02-11 11:56","91"
"2018-02-11 12:06","90"
"2018-02-11 12:16","91"
"2018-02-11 12:26","90"
"2018-02-11 12:36","90"
"2018-02-11 12:46","90"
"2018-02-11 12:56","90"
"2018-02-11 13:06","90"
"2018-02-11 13:16","89"
"2018-02-11 13:26","89"
"2018-02-11 13:36","89"
"2018-02-11 13:46","88"
"2018-02-11 13:56","88"
"2018-02-11 14:06","88"
"2018-02-11 14:16","88"
"2018-02-11 14:26","87"
"2018-02-11 14:36","87"
"2018-02-11 14:46","87"
"2018-02-11 14:56","87"
"2018-02-11 15:06","87"
"2018-02-11 15:16","88"
"2018-02-11 15:26","87"
"2018-02-11 15:36","87"
"2018-02-11 15:46","88"
"2018-02-11 15:56","88"
"2018-02-11 16:06","88"
"2018-02-11 16:16","89"
"2018-02-11 16:26","89"
"2018-02-11 16:36","90"
"2018-02-11 16:46","90"
"2018-02-11 16:56","90"
"2018-02-11 17:06","91"
"2018-02-11 17:16","91"
"2018-02-11 17:26","91"
"2018-02-11 17:36","91"
"2018-02-11 17:46","91"
"2018-02-11 17:56","92"
"2018-02-11 18:06","92"
"2018-02-11 18:16","92"
"2018-02-11 18:26","92"
"2018-02-11 18:36","92"
"2018-02-11 18:46","93"
"2018-02-11 18:56","93"
"2018-02-11 19:06","93"
"2018-02-11 19:16","93"
"2018-02-11 19:26","93"
"2018-02-11 19:36","93"
"2018-02-11 19:46","93"
"2018-02-11 19:56","94"
"2018-02-11 20:06","94"
"2018-02-11 20:16","94"
"2018-02-11 20:26","94"
"2018-02-11 20:36","94"
"2018-02-11 20:46","94"
"2018-02-11 20:56","94"
"2018-02-11 21:06","94"
"2018-02-11 21:16","94"
"2018-02-11 21:26","94"
"2018-02-11 21:36","94"
"2018-02-11 21:46","94"
"2018-02-11 21:56","94"
"2018-02-11 22:06","94"
"2018-02-11 22:16","94"
"2018-02-11 22:26","94"
"2018-02-11 22:36","94"
"2018-02-11 22:46","94"
"2018-02-11 22:56","94"
"2018-02-11 23:06","94"
"2018-02-11 23:16","94"
"2018-02-11 23:26","94"
"2018-02-11 23:36","94"
"2018-02-11 23:46","94"
"2018-02-11 23:56","94"
"2018-02-12 00:06","94"
"2018-02-12 00:16","94"
"2018-02-12 00:26","94"
"2018-02-12 00:36","94"
"2018-02-12 00:46","94"
"2018-02-12 00:56","93"
"2018-02-12 01:06","93"
"2018-02-12 01:16","93"
"2018-02-12 01:26","93"
"2018-02-12 01:36","93"
"2018-02-12 01:46","92"
"2018-02-12 01:56","92"
"2018-02-12 02:06","92"
"2018-02-12 02:16","92"
"2018-02-12 02:26","92"
"2018-02-12 02:36","91"
"2018-02-12 02:46","91"
"2018-02-12 02:56","91"
"2018-02-12 03:06","91"
"2018-02-12 03:16","91"
"2018-02-12 03:26","91"
"2018-02-12 03:36","90"
"2018-02-12 03:46","90"
"2018-02-12 03:56","90"
"2018-02-12 04:06","90"
"2018-02-12 04:16","90"
"2018-02-12 04:26","90"
"2018-02-12 04:36","90"
"2018-02-12 04:46","90"
"2018-02-12 04:56","89"
"2018-02-12 05:06","89"
"2018-02-12 05:16","89"
"2018-02-12 05:26","90"
"2018-02-12 05:36","89"
"2018-02-12 05:46","89"
"2018-02-12 05:56","89"
"2018-02-12 06:06","89"
"2018-02-12 06:16","89"
"2018-02-12 06:26","89"
"2018-02-12 06:36","89"
"2018-02-12 06:46","89"
"2018-02-12 06:56","90"
"2018-02-12 07:06","89"
"2018-02-12 07:16","89"
"2018-02-12 07:26","89"
"2018-02-12 07:36","89"
"2018-02-12 07:46","89"
"2018-02-12 07:56","89"
"2018-02-12 08:06","89"
"2018-02-12 08:16","89"
"2018-02-12 08:26","88"
"2018-02-12 08:36","88"
"2018-02-12 08:46","88"
"2018-02-12 08:56","88"
"2018-02-12 09:06","88"
"2018-02-12 09:16","88"
"2018-02-12 09:26","88"
"2018-02-12 09:36","88"
"2018-02-12 09:46","87"
"2018-02-12 09:56","87"
"2018-02-12 10:06","87"
"2018-02-12 10:16","86"
"2018-02-12 10:26","87"
"2018-02-12 10:36","86"
"2018-02-12 10:46","85"
"2018-02-12 10:56","86"
"2018-02-12 11:06","85"
"2018-02-12 11:16","85"
"2018-02-12 11:26","85"
"2018-02-12 11:36","84"
"2018-02-12 11:46","84"
"2018-02-12 11:56","84"
"2018-02-12 12:06","84"
"2018-02-12 12:16","84"
"2018-02-12 12:26","84"
"2018-02-12 12:36","84"
"2018-02-12 12:46","83"
"2018-02-12 12:56","83"
"2018-02-12 13:06","83"
"2018-02-12 13:16","83"
"2018-02-12 13:26","83"
"2018-02-12 13:36","83"
"2018-02-12 13:46","82"
"2018-02-12 13:56","83"
"2018-02-12 14:06","82"
"2018-02-12 14:16","82"
"2018-02-12 14:26","82"
"2018-02-12 14:36","82"
"2018-02-12 14:46","82"
"2018-02-12 14:56","82"
"2018-02-12 15:06","82"
"2018-02-12 15:16","81"
"2018-02-12 15:26","82"
"2018-02-12 15:36","81"
"2018-02-12 15:46","81"
"2018-02-12 15:56","81"
"2018-02-12 16:06","81"
"2018-02-12 16:16","81"
"2018-02-12 16:26","81"
"2018-02-12 16:36","81"
"2018-02-12 16:46","81"
"2018-02-12 16:56","81"
"2018-02-12 17:06","81"
"2018-02-12 17:16","81"
"2018-02-12 17:26","81"
"2018-02-12 17:36","81"
"2018-02-12 17:46","81"
"2018-02-12 17:56","81"
"2018-02-12 18:06","81"
"2018-02-12 18:16","81"
"2018-02-12 18:26","81"
"2018-02-12 18:36","81"
"2018-02-12 18:46","81"
"2018-02-12 18:56","81"
"2018-02-12 19:06","81"
"2018-02-12 19:16","82"
"2018-02-12 19:26","81"
"2018-02-12 19:36","81"
"2018-02-12 19:46","81"
"2018-02-12 19:56","82"
"2018-02-12 20:06","81"
"2018-02-12 20:16","82"
"2018-02-12 20:26","82"
"2018-02-12 20:36","82"
"2018-02-12 20:46","82"
"2018-02-12 20:56","80"
"2018-02-12 21:06","82"
"2018-02-12 21:16","82"
"2018-02-12 21:26","82"
"2018-02-12 21:36","83"
"2018-02-12 21:46","84"
"2018-02-12 21:56","85"
"2018-02-12 22:06","83"
"2018-02-12 22:16","84"
"2018-02-12 22:26","82"
"2018-02-12 22:36","83"
"2018-02-12 22:46","83"
"2018-02-12 22:56","84"
"2018-02-12 23:06","83"
"2018-02-12 23:16","84"
"2018-02-12 23:26","84"
"2018-02-12 23:36","84"
"2018-02-12 23:46","84"
"2018-02-12 23:56","83"
"2018-02-13 00:06","85"
"2018-02-13 00:16","86"
"2018-02-13 00:26","84"
"2018-02-13 00:36","84"
"2018-02-13 00:46","84"
"2018-02-13 00:56","85"
"2018-02-13 01:06","85"
"2018-02-13 01:16","83"
"2018-02-13 01:26","85"
"2018-02-13 01:36","85"
"2018-02-13 01:46","85"
"2018-02-13 01:56","85"
"2018-02-13 02:06","85"
"2018-02-13 02:16","85"
"2018-02-13 02:26","84"
"2018-02-13 02:36","84"
"2018-02-13 02:46","86"
"2018-02-13 02:56","86"
"2018-02-13 03:06","85"
"2018-02-13 03:16","85"
"2018-02-13 03:26","86"
"2018-02-13 03:36","85"
"2018-02-13 03:46","86"
"2018-02-13 03:56","86"
"2018-02-13 04:06","86"
"2018-02-13 04:16","86"
"2018-02-13 04:26","86"
"2018-02-13 04:36","86"
"2018-02-13 04:46","86"
"2018-02-13 04:56","86"
"2018-02-13 05:06","86"
"2018-02-13 05:16","86"
"2018-02-13 05:26","86"
"2018-02-13 05:36","86"
"2018-02-13 05:46","86"
"2018-02-13 05:56","86"
"2018-02-13 06:06","86"
"2018-02-13 06:16","86"
"2018-02-13 06:26","87"
"2018-02-13 06:36","86"
"2018-02-13 06:46","86"
"2018-02-13 06:56","87"
"2018-02-13 07:06","86"
"2018-02-13 07:16","86"
"2018-02-13 07:26","86"
"2018-02-13 07:36","87"
"2018-02-13 07:46","85"
"2018-02-13 07:56","85"
"2018-02-13 08:06","86"
"2018-02-13 08:16","85"
"2018-02-13 08:26","85"
"2018-02-13 08:36","85"
"2018-02-13 08:46","85"
"2018-02-13 08:56","84"
"2018-02-13 09:06","84"
"2018-02-13 09:16","85"
"2018-02-13 09:26","85"
"2018-02-13 09:36","85"
"2018-02-13 09:46","84"
"2018-02-13 09:56","84"
"2018-02-13 10:06","84"
"2018-02-13 10:16","84"
"2018-02-13 10:26","83"
"2018-02-13 10:36","82"
"2018-02-13 10:46","83"
"2018-02-13 10:56","83"
"2018-02-13 11:06","83"
"2018-02-13 11:16","82"
"2018-02-13 11:26","83"
"2018-02-13 11:36","83"
"2018-02-13 11:46","83"
"2018-02-13 11:56","83"
"2018-02-13 12:06","83"
"2018-02-13 12:16","82"
"2018-02-13 12:26","82"
"2018-02-13 12:36","81"
"2018-02-13 12:46","81"
"2018-02-13 12:56","82"
"2018-02-13 13:06","81"
"2018-02-13 13:16","82"
"2018-02-13 13:26","83"
"2018-02-13 13:36","83"
"2018-02-13 13:46","83"
"2018-02-13 13:56","83"
"2018-02-13 14:06","83"
"2018-02-13 14:16","82"
"2018-02-13 14:26","82"
"2018-02-13 14:36","82"
"2018-02-13 14:46","82"
"2018-02-13 14:56","82"
"2018-02-13 15:06","82"
"2018-02-13 15:16","82"
"2018-02-13 15:26","82"
"2018-02-13 15:36","82"
"2018-02-13 15:46","82"
"2018-02-13 15:56","82"
"2018-02-13 16:06","82"
"2018-02-13 16:16","82"
"2018-02-13 16:26","82"
"2018-02-13 16:36","81"
"2018-02-13 16:46","81"
"2018-02-13 16:56","81"
"2018-02-13 17:06","81"
"2018-02-13 17:16","81"
"2018-02-13 17:26","81"
"2018-02-13 17:36","81"
"2018-02-13 17:46","81"
"2018-02-13 17:56","81"
"2018-02-13 18:06","81"
"2018-02-13 18:16","81"
"2018-02-13 18:26","81"
"2018-02-13 18:36","81"
"2018-02-13 18:46","81"
"2018-02-13 18:56","81"
"2018-02-13 19:06","81"
"2018-02-13 19:16","80"
"2018-02-13 19:26","81"
"2018-02-13 19:36","81"
"2018-02-13 19:46","81"
"2018-02-13 19:56","81"
"2018-02-13 20:06","81"
"2018-02-13 20:16","81"
"2018-02-13 20:26","81"
"2018-02-13 20:36","81"
"2018-02-13 20:46","81"
"2018-02-13 20:56","81"
"2018-02-13 21:06","81"
"2018-02-13 21:16","81"
"2018-02-13 21:26","81"
"2018-02-13 21:36","81"
"2018-02-13 21:46","81"
"2018-02-13 21:56","81"
"2018-02-13 22:06","81"
"2018-02-13 22:16","81"
"2018-02-13 22:26","81"
"2018-02-13 22:36","81"
"2018-02-13 22:46","81"
"2018-02-13 22:56","81"
"2018-02-13 23:06","81"
"2018-02-13 23:16","81"
"2018-02-13 23:26","81"
"2018-02-13 23:36","81"
"2018-02-13 23:46","82"
"2018-02-13 23:56","82"
"2018-02-14 00:06","82"
"2018-02-14 00:16","82"
"2018-02-14 00:26","82"
"2018-02-14 00:36","81"
"2018-02-14 00:46","82"
"2018-02-14 00:56","82"
"2018-02-14 01:06","82"
"2018-02-14 01:16","82"
"2018-02-14 01:26","82"
"2018-02-14 01:36","82"
"2018-02-14 01:46","82"
"2018-02-14 01:56","82"
"2018-02-14 02:06","82"
"2018-02-14 02:16","82"
"2018-02-14 02:26","82"
"2018-02-14 02:36","82"
"2018-02-14 02:46","82"
"2018-02-14 02:56","82"
"2018-02-14 03:06","83"
"2018-02-14 03:16","83"
"2018-02-14 03:26","82"
"2018-02-14 03:36","82"
"2018-02-14 03:46","82"
"2018-02-14 03:56","82"
"2018-02-14 04:06","82"
"2018-02-14 04:16","82"
"2018-02-14 04:26","82"
"2018-02-14 04:36","82"
"2018-02-14 04:46","83"
"2018-02-14 04:56","82"
"2018-02-14 05:06","83"
"2018-02-14 05:16","82"
"2018-02-14 05:26","82"
"2018-02-14 05:36","82"
"2018-02-14 05:46","83"
"2018-02-14 05:56","83"
"2018-02-14 06:06","83"
"2018-02-14 06:16","82"
"2018-02-14 06:26","82"
"2018-02-14 06:36","83"
"2018-02-14 06:46","83"
"2018-02-14 06:56","83"
"2018-02-14 07:06","83"
"2018-02-14 07:16","83"
"2018-02-14 07:26","83"
"2018-02-14 07:36","83"
"2018-02-14 07:46","83"
"2018-02-14 07:56","83"
"2018-02-14 08:06","82"
"2018-02-14 08:16","82"
"2018-02-14 08:26","82"
"2018-02-14 08:36","81"
"2018-02-14 08:46","81"
"2018-02-14 08:56","80"
"2018-02-14 09:06","80"
"2018-02-14 09:16","79"
"2018-02-14 09:26","80"
"2018-02-14 09:36","80"
"2018-02-14 09:46","81"
"2018-02-14 09:56","80"
"2018-02-14 10:06","80"
"2018-02-14 10:16","79"
"2018-02-14 10:26","80"
"2018-02-14 10:36","80"
"2018-02-14 10:46","79"
"2018-02-14 10:56","80"
"2018-02-14 11:06","79"
"2018-02-14 11:16","79"
"2018-02-14 11:26","79"
"2018-02-14 11:36","80"
"2018-02-14 11:46","79"
"2018-02-14 11:56","79"
"2018-02-14 12:06","79"
"2018-02-14 12:16","79"
"2018-02-14 12:26","79"
"2018-02-14 12:36","80"
"2018-02-14 12:46","80"
"2018-02-14 12:56","79"
"2018-02-14 13:06","80"
"2018-02-14 13:16","79"
"2018-02-14 13:26","79"
"2018-02-14 13:36","79"
"2018-02-14 13:46","80"
"2018-02-14 13:56","79"
"2018-02-14 14:06","79"
"2018-02-14 14:16","79"
"2018-02-14 14:26","79"
"2018-02-14 14:36","79"
"2018-02-14 14:46","79"
"2018-02-14 14:56","79"
"2018-02-14 15:06","79"
"2018-02-14 15:16","79"
"2018-02-14 15:26","79"
"2018-02-14 15:36","79"
"2018-02-14 15:46","79"
"2018-02-14 15:56","79"
"2018-02-14 16:06","79"
"2018-02-14 16:16","79"
"2018-02-14 16:26","79"
"2018-02-14 16:36","79"
"2018-02-14 16:46","79"
"2018-02-14 16:56","79"
"2018-02-14 17:06","79"
"2018-02-14 17:16","79"
"2018-02-14 17:26","79"
"2018-02-14 17:36","79"
"2018-02-14 17:46","79"
"2018-02-14 17:56","79"
"2018-02-14 18:06","79"
"2018-02-14 18:16","79"
"2018-02-14 18:26","79"
"2018-02-14 18:36","80"
"2018-02-14 18:46","80"
"2018-02-14 18:56","80"
"2018-02-14 19:06","80"
"2018-02-14 19:16","80"
"2018-02-14 19:26","80"
"2018-02-14 19:36","80"
"2018-02-14 19:46","80"
"2018-02-14 19:56","80"
"2018-02-14 20:06","80"
"2018-02-14 20:16","80"
"2018-02-14 20:26","80"
"2018-02-14 20:36","80"
"2018-02-14 20:46","81"
"2018-02-14 20:56","81"
"2018-02-14 21:06","81"
"2018-02-14 21:16","80"
"2018-02-14 21:26","81"
"2018-02-14 21:36","81"
"2018-02-14 21:46","81"
"2018-02-14 21:56","81"
"2018-02-14 22:06","81"
"2018-02-14 22:16","82"
"2018-02-14 22:26","82"
"2018-02-14 22:36","82"
"2018-02-14 22:46","82"
"2018-02-14 22:56","82"
"2018-02-14 23:06","83"
"2018-02-14 23:16","83"
"2018-02-14 23:26","84"
"2018-02-14 23:36","84"
"2018-02-14 23:46","84"
"2018-02-14 23:56","85"
"2018-02-15 00:06","85"
"2018-02-15 00:16","85"
"2018-02-15 00:26","86"
"2018-02-15 00:36","86"
"2018-02-15 00:46","86"
"2018-02-15 00:56","86"
"2018-02-15 01:06","87"
"2018-02-15 01:16","87"
"2018-02-15 01:26","87"
"2018-02-15 01:36","87"
"2018-02-15 01:46","87"
"2018-02-15 01:56","88"
"2018-02-15 02:06","89"
"2018-02-15 02:16","88"
"2018-02-15 02:26","89"
"2018-02-15 02:36","88"
"2018-02-15 02:46","89"
"2018-02-15 02:56","90"
"2018-02-15 03:06","90"
"2018-02-15 03:16","90"
"2018-02-15 03:26","90"
"2018-02-15 03:36","90"
"2018-02-15 03:46","89"
"2018-02-15 03:56","90"
"2018-02-15 04:06","91"
"2018-02-15 04:16","92"
"2018-02-15 04:26","91"
"2018-02-15 04:36","91"
"2018-02-15 04:46","91"
"2018-02-15 04:56","92"
"2018-02-15 05:06","91"
"2018-02-15 05:16","92"
"2018-02-15 05:26","92"
"2018-02-15 05:36","92"
"2018-02-15 05:46","92"
"2018-02-15 05:56","92"
"2018-02-15 06:06","93"
"2018-02-15 06:16","93"
"2018-02-15 06:26","93"
"2018-02-15 06:36","93"
"2018-02-15 06:46","93"
"2018-02-15 06:56","93"
"2018-02-15 07:06","93"
"2018-02-15 07:16","93"
"2018-02-15 07:26","93"
"2018-02-15 07:36","93"
"2018-02-15 07:46","93"
"2018-02-15 07:56","93"
"2018-02-15 08:06","93"
"2018-02-15 08:16","94"
"2018-02-15 08:26","94"
"2018-02-15 08:36","94"
"2018-02-15 08:46","94"
"2018-02-15 08:56","94"
"2018-02-15 09:06","94"
"2018-02-15 09:16","94"
"2018-02-15 09:26","94"
"2018-02-15 09:36","94"
"2018-02-15 09:46","94"
"2018-02-15 09:56","94"
"2018-02-15 10:06","95"
"2018-02-15 10:16","94"
"2018-02-15 10:26","94"
"2018-02-15 10:36","95"
"2018-02-15 10:46","94"
"2018-02-15 10:56","95"
"2018-02-15 11:06","95"
"2018-02-15 11:16","95"
"2018-02-15 11:26","95"
"2018-02-15 11:36","95"
"2018-02-15 11:46","95"
"2018-02-15 11:56","95"
"2018-02-15 12:06","95"
"2018-02-15 12:16","95"
"2018-02-15 12:26","95"
"2018-02-15 12:36","96"
"2018-02-15 12:46","96"
"2018-02-15 12:56","96"
"2018-02-15 13:06","96"
"2018-02-15 13:16","96"
"2018-02-15 13:26","96"
"2018-02-15 13:36","96"
"2018-02-15 13:46","96"
"2018-02-15 13:56","95"
"2018-02-15 14:06","96"
"2018-02-15 14:16","95"
"2018-02-15 14:26","95"
"2018-02-15 14:36","95"
"2018-02-15 14:46","95"
"2018-02-15 14:56","95"
"2018-02-15 15:06","95"
"2018-02-15 15:16","95"
"2018-02-15 15:26","95"
"2018-02-15 15:36","95"
"2018-02-15 15:46","94"
"2018-02-15 15:56","95"
"2018-02-15 16:06","94"
"2018-02-15 16:16","94"
"2018-02-15 16:26","94"
"2018-02-15 16:36","94"
"2018-02-15 16:46","94"
"2018-02-15 16:56","94"
"2018-02-15 17:06","94"
"2018-02-15 17:16","94"
"2018-02-15 17:26","94"
"2018-02-15 17:36","94"
"2018-02-15 17:46","94"
"2018-02-15 17:56","94"
"2018-02-15 18:06","93"
"2018-02-15 18:16","93"
"2018-02-15 18:26","93"
"2018-02-15 18:36","94"
"2018-02-15 18:46","93"
"2018-02-15 18:56","94"
"2018-02-15 19:06","94"
"2018-02-15 19:16","93"
"2018-02-15 19:26","94"
"2018-02-15 19:36","93"
"2018-02-15 19:46","94"
"2018-02-15 19:56","94"
"2018-02-15 20:06","94"
"2018-02-15 20:16","94"
"2018-02-15 20:26","94"
"2018-02-15 20:36","94"
"2018-02-15 20:46","94"
"2018-02-15 20:56","94"
"2018-02-15 21:06","94"
"2018-02-15 21:16","94"
"2018-02-15 21:26","95"
"2018-02-15 21:36","94"
"2018-02-15 21:46","95"
"2018-02-15 21:56","94"
"2018-02-15 22:06","94"
"2018-02-15 22:16","94"
"2018-02-15 22:26","94"
"2018-02-15 22:36","95"
"2018-02-15 22:46","95"
"2018-02-15 22:56","95"
"2018-02-15 23:06","95"
"2018-02-15 23:16","95"
"2018-02-15 23:26","95"
"2018-02-15 23:36","95"
"2018-02-15 23:46","95"
"2018-02-15 23:56","95"
"2018-02-16 00:06","95"
"2018-02-16 00:16","95"
"2018-02-16 00:26","95"
"2018-02-16 00:36","95"
"2018-02-16 00:46","95"
"2018-02-16 00:56","95"
"2018-02-16 01:06","95"
"2018-02-16 01:16","95"
"2018-02-16 01:26","95"
"2018-02-16 01:36","95"
"2018-02-16 01:46","95"
"2018-02-16 01:56","95"
"2018-02-16 02:06","95"
"2018-02-16 02:16","94"
"2018-02-16 02:26","95"
"2018-02-16 02:36","95"
"2018-02-16 02:46","94"
"2018-02-16 02:56","94"
"2018-02-16 03:06","94"
"2018-02-16 03:16","94"
"2018-02-16 03:26","94"
"2018-02-16 03:36","94"
"2018-02-16 03:46","94"
"2018-02-16 03:56","94"
"2018-02-16 04:06","94"
"2018-02-16 04:16","94"
"2018-02-16 04:26","94"
"2018-02-16 04:36","94"
"2018-02-16 04:46","94"
"2018-02-16 04:56","94"
"2018-02-16 05:06","94"
"2018-02-16 05:16","94"
"2018-02-16 05:26","94"
"2018-02-16 05:36","94"
"2018-02-16 05:46","93"
"2018-02-16 05:56","94"
"2018-02-16 06:06","93"
"2018-02-16 06:16","93"
"2018-02-16 06:26","93"
"2018-02-16 06:36","93"
"2018-02-16 06:46","93"
"2018-02-16 06:56","93"
"2018-02-16 07:06","93"
"2018-02-16 07:16","93"
"2018-02-16 07:26","93"
"2018-02-16 07:36","92"
"2018-02-16 07:46","92"
"2018-02-16 07:56","92"
"2018-02-16 08:06","92"
"2018-02-16 08:16","92"
"2018-02-16 08:26","92"
"2018-02-16 08:36","91"
"2018-02-16 08:46","91"
"2018-02-16 08:56","91"
"2018-02-16 09:06","91"
"2018-02-16 09:16","91"
"2018-02-16 09:26","91"
"2018-02-16 09:36","91"
"2018-02-16 09:46","90"
"2018-02-16 09:56","90"
"2018-02-16 10:06","90"
"2018-02-16 10:16","90"
"2018-02-16 10:26","90"
"2018-02-16 10:36","90"
"2018-02-16 10:46","90"
"2018-02-16 10:56","91"
"2018-02-16 11:06","91"
"2018-02-16 11:16","91"
"2018-02-16 11:26","91"
"2018-02-16 11:36","91"
"2018-02-16 11:46","92"
"2018-02-16 11:56","92"
"2018-02-16 12:06","92"
"2018-02-16 12:16","92"
"2018-02-16 12:26","92"
"2018-02-16 12:36","92"
"2018-02-16 12:46","92"
"2018-02-16 12:56","92"
"2018-02-16 13:06","92"
"2018-02-16 13:16","91"
"2018-02-16 13:26","91"
"2018-02-16 13:36","91"
"2018-02-16 13:46","91"
"2018-02-16 13:56","90"
"2018-02-16 14:06","90"
"2018-02-16 14:16","89"
"2018-02-16 14:26","90"
"2018-02-16 14:36","89"
"2018-02-16 14:46","89"
"2018-02-16 14:56","89"
"2018-02-16 15:06","88"
"2018-02-16 15:16","88"
"2018-02-16 15:26","87"
"2018-02-16 15:36","87"
"2018-02-16 15:46","87"
"2018-02-16 15:56","87"
"2018-02-16 16:06","86"
"2018-02-16 16:16","86"
"2018-02-16 16:26","85"
"2018-02-16 16:36","85"
"2018-02-16 16:46","85"
"2018-02-16 16:56","85"
"2018-02-16 17:06","85"
"2018-02-16 17:16","85"
"2018-02-16 17:26","85"
"2018-02-16 17:36","85"
"2018-02-16 17:46","85"
"2018-02-16 17:56","84"
"2018-02-16 18:06","84"
"2018-02-16 18:16","84"
"2018-02-16 18:26","84"
"2018-02-16 18:36","84"
"2018-02-16 18:46","84"
"2018-02-16 18:56","83"
"2018-02-16 19:06","83"
"2018-02-16 19:16","83"
"2018-02-16 19:26","83"
"2018-02-16 19:36","83"
"2018-02-16 19:46","83"
"2018-02-16 19:56","83"
"2018-02-16 20:06","83"
"2018-02-16 20:16","83"
"2018-02-16 20:26","83"
"2018-02-16 20:36","83"
"2018-02-16 20:46","83"
"2018-02-16 20:56","83"
"2018-02-16 21:06","82"
"2018-02-16 21:16","83"
"2018-02-16 21:26","83"
"2018-02-16 21:36","83"
"2018-02-16 21:46","85"
"2018-02-16 21:56","83"
"2018-02-16 22:06","83"
"2018-02-16 22:16","83"
"2018-02-16 22:26","83"
"2018-02-16 22:36","83"
"2018-02-16 22:46","82"
"2018-02-16 22:56","83"
"2018-02-16 23:06","83"
"2018-02-16 23:16","83"
"2018-02-16 23:26","83"
"2018-02-16 23:36","84"
"2018-02-16 23:46","84"
"2018-02-16 23:56","83"
"2018-02-17 00:06","83"
"2018-02-17 00:16","83"
"2018-02-17 00:26","83"
"2018-02-17 00:36","83"
"2018-02-17 00:46","84"
"2018-02-17 00:56","84"
"2018-02-17 01:06","84"
"2018-02-17 01:16","84"
"2018-02-17 01:26","84"
"2018-02-17 01:36","84"
"2018-02-17 01:46","84"
"2018-02-17 01:56","84"
"2018-02-17 02:06","84"
"2018-02-17 02:16","84"
"2018-02-17 02:26","84"
"2018-02-17 02:36","84"
"2018-02-17 02:46","85"
"2018-02-17 02:56","84"
"2018-02-17 03:06","85"
"2018-02-17 03:16","83"
"2018-02-17 03:26","84"
"2018-02-17 03:36","85"
"2018-02-17 03:46","83"
"2018-02-17 03:56","84"
"2018-02-17 04:06","85"
"2018-02-17 04:16","84"
"2018-02-17 04:26","85"
"2018-02-17 04:36","84"
"2018-02-17 04:46","84"
"2018-02-17 04:56","85"
"2018-02-17 05:06","85"
"2018-02-17 05:16","85"
"2018-02-17 05:26","86"
"2018-02-17 05:36","85"
"2018-02-17 05:46","85"
"2018-02-17 05:56","85"
"2018-02-17 06:06","85"
"2018-02-17 06:16","85"
"2018-02-17 06:26","85"
"2018-02-17 06:36","85"
"2018-02-17 06:46","85"
"2018-02-17 06:56","85"
"2018-02-17 07:06","85"
"2018-02-17 07:16","85"
"2018-02-17 07:26","85"
"2018-02-17 07:36","85"
"2018-02-17 07:46","85"
"2018-02-17 07:56","85"
"2018-02-17 08:06","84"
"2018-02-17 08:16","84"
"2018-02-17 08:26","84"
"2018-02-17 08:36","83"
"2018-02-17 08:46","84"
"2018-02-17 08:56","84"
"2018-02-17 09:06","83"
"2018-02-17 09:16","83"
"2018-02-17 09:26","84"
"2018-02-17 09:36","83"
"2018-02-17 09:46","83"
"2018-02-17 09:56","83"
"2018-02-17 10:06","83"
"2018-02-17 10:16","83"
"2018-02-17 10:26","83"
"2018-02-17 10:36","81"
"2018-02-17 10:46","82"
"2018-02-17 10:56","83"
"2018-02-17 11:06","83"
"2018-02-17 11:16","82"
"2018-02-17 11:26","82"
"2018-02-17 11:36","82"
"2018-02-17 11:46","83"
"2018-02-17 11:56","82"
"2018-02-17 12:06","82"
"2018-02-17 12:16","82"
"2018-02-17 12:26","80"
"2018-02-17 12:36","82"
"2018-02-17 12:46","81"
"2018-02-17 12:56","81"
"2018-02-17 13:06","81"
"2018-02-17 13:16","81"
"2018-02-17 13:26","81"
"2018-02-17 13:36","81"
"2018-02-17 13:46","81"
"2018-02-17 13:56","81"
"2018-02-17 14:06","81"
"2018-02-17 14:16","81"
"2018-02-17 14:26","81"
"2018-02-17 14:36","80"
"2018-02-17 14:46","80"
"2018-02-17 14:56","80"
"2018-02-17 15:06","80"
"2018-02-17 15:16","80"
"2018-02-17 15:26","79"
"2018-02-17 15:36","80"
"2018-02-17 15:46","80"
"2018-02-17 15:56","80"
"2018-02-17 16:06","80"
"2018-02-17 16:16","79"
"2018-02-17 16:26","79"
"2018-02-17 16:36","79"
"2018-02-17 16:46","79"
"2018-02-17 16:56","79"
"2018-02-17 17:06","79"
"2018-02-17 17:16","78"
"2018-02-17 17:26","79"
"2018-02-17 17:36","79"
"2018-02-17 17:46","79"
"2018-02-17 17:56","79"
"2018-02-17 18:06","79"
"2018-02-17 18:16","78"
"2018-02-17 18:26","78"
"2018-02-17 18:36","78"
"2018-02-17 18:46","78"
"2018-02-17 18:56","78"
"2018-02-17 19:06","78"
"2018-02-17 19:16","78"
"2018-02-17 19:26","78"
"2018-02-17 19:36","77"
"2018-02-17 19:46","78"
"2018-02-17 19:56","77"
"2018-02-17 20:06","77"
"2018-02-17 20:16","77"
"2018-02-17 20:26","77"
"2018-02-17 20:36","77"
"2018-02-17 20:46","77"
"2018-02-17 20:56","77"
"2018-02-17 21:06","78"
"2018-02-17 21:16","78"
"2018-02-17 21:26","78"
"2018-02-17 21:36","78"
"2018-02-17 21:46","78"
"2018-02-17 21:56","78"
"2018-02-17 22:06","78"
"2018-02-17 22:16","78"
"2018-02-17 22:26","78"
"2018-02-17 22:36","78"
"2018-02-17 22:46","78"
"2018-02-17 22:56","78"
"2018-02-17 23:06","78"
"2018-02-17 23:16","78"
"2018-02-17 23:26","78"
"2018-02-17 23:36","78"
"2018-02-17 23:46","78"
"2018-02-17 23:56","79"
"2018-02-18 00:06","79"
"2018-02-18 00:16","79"
"2018-02-18 00:26","79"
"2018-02-18 00:36","79"
"2018-02-18 00:46","79"
"2018-02-18 00:56","79"
"2018-02-18 01:06","79"
"2018-02-18 01:16","80"
"2018-02-18 01:26","80"
"2018-02-18 01:36","80"
"2018-02-18 01:46","80"
"2018-02-18 01:56","80"
"2018-02-18 02:06","80"
"2018-02-18 02:16","80"
"2018-02-18 02:26","80"
"2018-02-18 02:36","80"
"2018-02-18 02:46","80"
"2018-02-18 02:56","80"
"2018-02-18 03:06","80"
"2018-02-18 03:16","80"
"2018-02-18 03:26","80"
"2018-02-18 03:36","81"
"2018-02-18 03:46","81"
"2018-02-18 03:56","81"
"2018-02-18 04:06","81"
"2018-02-18 04:16","81"
"2018-02-18 04:26","81"
"2018-02-18 04:36","81"
"2018-02-18 04:46","81"
"2018-02-18 04:56","81"
"2018-02-18 05:06","81"
"2018-02-18 05:16","81"
"2018-02-18 05:26","81"
"2018-02-18 05:36","81"
"2018-02-18 05:46","81"
"2018-02-18 05:56","81"
"2018-02-18 06:06","81"
"2018-02-18 06:16","81"
"2018-02-18 06:26","82"
"2018-02-18 06:36","82"
"2018-02-18 06:46","82"
"2018-02-18 06:56","82"
"2018-02-18 07:06","83"
"2018-02-18 07:16","81"
"2018-02-18 07:26","82"
"2018-02-18 07:36","82"
"2018-02-18 07:46","82"
"2018-02-18 07:56","82"
"2018-02-18 08:06","82"
"2018-02-18 08:16","82"
"2018-02-18 08:26","81"
"2018-02-18 08:36","82"
"2018-02-18 08:46","81"
"2018-02-18 08:56","81"
"2018-02-18 09:06","81"
"2018-02-18 09:16","81"
"2018-02-18 09:26","81"
"2018-02-18 09:36","81"
"2018-02-18 09:46","81"
"2018-02-18 09:56","81"
"2018-02-18 10:06","81"
"2018-02-18 10:16","81"
"2018-02-18 10:26","81"
"2018-02-18 10:36","81"
"2018-02-18 10:46","80"
"2018-02-18 10:56","80"
"2018-02-18 11:06","80"
"2018-02-18 11:16","80"
"2018-02-18 11:26","80"
"2018-02-18 11:36","80"
"2018-02-18 11:46","80"
"2018-02-18 11:56","80"
"2018-02-18 12:06","80"
"2018-02-18 12:16","80"
"2018-02-18 12:26","79"
"2018-02-18 12:36","79"
"2018-02-18 12:46","79"
"2018-02-18 12:56","79"
"2018-02-18 13:06","79"
"2018-02-18 13:16","79"
"2018-02-18 13:26","79"
"2018-02-18 13:36","79"
"2018-02-18 13:46","78"
"2018-02-18 13:56","77"
"2018-02-18 14:06","77"
"2018-02-18 14:16","77"
"2018-02-18 14:26","77"
"2018-02-18 14:36","76"
"2018-02-18 14:46","77"
"2018-02-18 14:56","76"
"2018-02-18 15:06","76"
"2018-02-18 15:16","76"
"2018-02-18 15:26","76"
"2018-02-18 15:36","75"
"2018-02-18 15:46","75"
"2018-02-18 15:56","74"
"2018-02-18 16:06","74"
"2018-02-18 16:16","75"
"2018-02-18 16:26","73"
"2018-02-18 16:36","74"
"2018-02-18 16:46","74"
"2018-02-18 16:56","73"
"2018-02-18 17:06","73"
"2018-02-18 17:16","73"
"2018-02-18 17:26","73"
"2018-02-18 17:36","74"
"2018-02-18 17:46","74"
"2018-02-18 17:56","75"
"2018-02-18 18:06","75"
"2018-02-18 18:16","75"
"2018-02-18 18:26","76"
"2018-02-18 18:36","76"
"2018-02-18 18:46","76"
"2018-02-18 18:56","76"
"2018-02-18 19:06","77"
"2018-02-18 19:16","76"
"2018-02-18 19:26","77"
"2018-02-18 19:36","77"
"2018-02-18 19:46","77"
"2018-02-18 19:56","77"
"2018-02-18 20:06","78"
"2018-02-18 20:16","78"
"2018-02-18 20:26","78"
"2018-02-18 20:36","78"
"2018-02-18 20:46","78"
"2018-02-18 20:56","79"
"2018-02-18 21:06","78"
"2018-02-18 21:16","79"
"2018-02-18 21:26","79"
"2018-02-18 21:36","79"
"2018-02-18 21:46","79"
"2018-02-18 21:56","80"
"2018-02-18 22:06","80"
"2018-02-18 22:16","80"
"2018-02-18 22:26","80"
"2018-02-18 22:36","80"
"2018-02-18 22:46","80"
"2018-02-18 22:56","80"
"2018-02-18 23:06","81"
"2018-02-18 23:16","81"
"2018-02-18 23:26","81"
"2018-02-18 23:36","81"
"2018-02-18 23:46","81"
"2018-02-18 23:56","81"
"2018-02-19 00:06","81"
"2018-02-19 00:16","81"
"2018-02-19 00:26","81"
"2018-02-19 00:36","81"
"2018-02-19 00:46","81"
"2018-02-19 00:56","81"
"2018-02-19 01:06","81"
"2018-02-19 01:16","81"
"2018-02-19 01:26","81"
"2018-02-19 01:36","81"
"2018-02-19 01:46","81"
"2018-02-19 01:56","81"
"2018-02-19 02:06","81"
"2018-02-19 02:16","82"
"2018-02-19 02:26","82"
"2018-02-19 02:36","82"
"2018-02-19 02:46","82"
"2018-02-19 02:56","82"
"2018-02-19 03:06","81"
"2018-02-19 03:16","82"
"2018-02-19 03:26","82"
"2018-02-19 03:36","82"
"2018-02-19 03:46","82"
"2018-02-19 03:56","82"
"2018-02-19 04:06","82"
"2018-02-19 04:16","82"
"2018-02-19 04:26","82"
"2018-02-19 04:36","82"
"2018-02-19 04:46","82"
"2018-02-19 04:56","82"
"2018-02-19 05:06","82"
"2018-02-19 05:16","82"
"2018-02-19 05:26","82"
"2018-02-19 05:36","82"
"2018-02-19 05:46","82"
"2018-02-19 05:56","82"
"2018-02-19 06:06","83"
"2018-02-19 06:16","83"
"2018-02-19 06:26","83"
"2018-02-19 06:36","83"
"2018-02-19 06:46","83"
"2018-02-19 06:56","83"
"2018-02-19 07:06","83"
"2018-02-19 07:16","83"
"2018-02-19 07:26","83"
"2018-02-19 07:36","83"
"2018-02-19 07:46","83"
"2018-02-19 07:56","82"
"2018-02-19 08:06","82"
"2018-02-19 08:16","82"
"2018-02-19 08:26","82"
"2018-02-19 08:36","82"
"2018-02-19 08:46","81"
"2018-02-19 08:56","81"
"2018-02-19 09:06","80"
"2018-02-19 09:16","80"
"2018-02-19 09:26","80"
"2018-02-19 09:36","79"
"2018-02-19 09:46","79"
"2018-02-19 09:56","80"
"2018-02-19 10:06","80"
"2018-02-19 10:16","79"
"2018-02-19 10:26","79"
"2018-02-19 10:36","79"
"2018-02-19 10:46","78"
"2018-02-19 10:56","78"
"2018-02-19 11:06","78"
"2018-02-19 11:16","78"
"2018-02-19 11:26","79"
"2018-02-19 11:36","79"
"2018-02-19 11:46","79"
"2018-02-19 11:56","78"
"2018-02-19 12:06","78"
"2018-02-19 12:16","78"
"2018-02-19 12:26","78"
"2018-02-19 12:36","78"
"2018-02-19 12:46","78"
"2018-02-19 12:56","78"
"2018-02-19 13:06","77"
"2018-02-19 13:16","77"
"2018-02-19 13:26","77"
"2018-02-19 13:36","78"
"2018-02-19 13:46","77"
"2018-02-19 13:56","77"
"2018-02-19 14:06","77"
"2018-02-19 14:16","77"
"2018-02-19 14:26","77"
"2018-02-19 14:36","77"
"2018-02-19 14:46","77"
"2018-02-19 14:56","77"
"2018-02-19 15:06","77"
"2018-02-19 15:16","77"
"2018-02-19 15:26","77"
"2018-02-19 15:36","77"
"2018-02-19 15:46","77"
"2018-02-19 15:56","78"
"2018-02-19 16:06","78"
"2018-02-19 16:16","78"
"2018-02-19 16:26","79"
"2018-02-19 16:36","79"
"2018-02-19 16:46","79"
"2018-02-19 16:56","79"
"2018-02-19 17:06","80"
"2018-02-19 17:16","80"
"2018-02-19 17:26","80"
"2018-02-19 17:36","81"
"2018-02-19 17:46","80"
"2018-02-19 17:56","81"
"2018-02-19 18:06","81"
"2018-02-19 18:16","81"
"2018-02-19 18:26","82"
"2018-02-19 18:36","82"
"2018-02-19 18:46","83"
"2018-02-19 18:56","84"
"2018-02-19 19:06","84"
"2018-02-19 19:16","85"
"2018-02-19 19:26","86"
"2018-02-19 19:36","86"
"2018-02-19 19:46","87"
"2018-02-19 19:56","88"
"2018-02-19 20:06","88"
"2018-02-19 20:16","89"
"2018-02-19 20:26","89"
"2018-02-19 20:36","90"
"2018-02-19 20:46","90"
"2018-02-19 20:56","90"
"2018-02-19 21:06","91"
"2018-02-19 21:16","91"
"2018-02-19 21:26","91"
"2018-02-19 21:36","92"
"2018-02-19 21:46","92"
"2018-02-19 21:56","92"
"2018-02-19 22:06","92"
"2018-02-19 22:16","93"
"2018-02-19 22:26","93"
"2018-02-19 22:36","93"
"2018-02-19 22:46","93"
"2018-02-19 22:56","93"
"2018-02-19 23:06","94"
"2018-02-19 23:16","94"
"2018-02-19 23:26","94"
"2018-02-19 23:36","94"
"2018-02-19 23:46","94"
"2018-02-19 23:56","94"
"2018-02-20 00:06","94"
"2018-02-20 00:16","95"
"2018-02-20 00:26","95"
"2018-02-20 00:36","95"
"2018-02-20 00:46","95"
"2018-02-20 00:56","95"
"2018-02-20 01:06","95"
"2018-02-20 01:16","95"
"2018-02-20 01:26","95"
"2018-02-20 01:36","95"
"2018-02-20 01:46","95"
"2018-02-20 01:56","96"
"2018-02-20 02:06","96"
"2018-02-20 02:16","96"
"2018-02-20 02:26","96"
"2018-02-20 02:36","96"
"2018-02-20 02:46","96"
"2018-02-20 02:56","96"
"2018-02-20 03:06","96"
"2018-02-20 03:16","96"
"2018-02-20 03:26","96"
"2018-02-20 03:36","96"
"2018-02-20 03:46","96"
"2018-02-20 03:56","96"
"2018-02-20 04:06","96"
"2018-02-20 04:16","96"
"2018-02-20 04:26","97"
"2018-02-20 04:36","97"
"2018-02-20 04:46","97"
"2018-02-20 04:56","97"
"2018-02-20 05:06","97"
"2018-02-20 05:16","97"
"2018-02-20 05:26","97"
"2018-02-20 05:36","97"
"2018-02-20 05:46","97"
"2018-02-20 05:56","97"
"2018-02-20 06:06","97"
"2018-02-20 06:16","97"
"2018-02-20 06:26","97"
"2018-02-20 06:36","97"
"2018-02-20 06:46","97"
"2018-02-20 06:56","97"
"2018-02-20 07:06","97"
"2018-02-20 07:16","97"
"2018-02-20 07:26","97"
"2018-02-20 07:36","97"
"2018-02-20 07:46","97"
"2018-02-20 07:56","97"
"2018-02-20 08:06","97"
"2018-02-20 08:16","97"
"2018-02-20 08:26","97"
"2018-02-20 08:36","97"
"2018-02-20 08:46","97"
"2018-02-20 08:56","98"
"2018-02-20 09:06","97"
"2018-02-20 09:16","98"
"2018-02-20 09:26","98"
"2018-02-20 09:36","97"
"2018-02-20 09:46","98"
"2018-02-20 09:56","98"
"2018-02-20 10:06","98"
"2018-02-20 10:16","98"
"2018-02-20 10:26","98"
"2018-02-20 10:36","98"
"2018-02-20 10:46","98"
"2018-02-20 10:56","98"
"2018-02-20 11:06","98"
"2018-02-20 11:16","98"
"2018-02-20 11:26","97"
"2018-02-20 11:36","98"
"2018-02-20 11:46","98"
"2018-02-20 11:56","98"
"2018-02-20 12:06","98"
"2018-02-20 12:16","98"
"2018-02-20 12:26","97"
"2018-02-20 12:36","98"
"2018-02-20 12:46","98"
"2018-02-20 12:56","98"
"2018-02-20 13:06","98"
"2018-02-20 13:16","98"
"2018-02-20 13:26","98"
"2018-02-20 13:36","98"
"2018-02-20 13:46","98"
"2018-02-20 13:56","98"
"2018-02-20 14:06","98"
"2018-02-20 14:16","98"
"2018-02-20 14:26","98"
"2018-02-20 14:36","98"
"2018-02-20 14:46","98"
"2018-02-20 14:56","98"
"2018-02-20 15:06","98"
"2018-02-20 15:16","98"
"2018-02-20 15:26","98"
"2018-02-20 15:36","98"
"2018-02-20 15:46","98"
"2018-02-20 15:56","98"
"2018-02-20 16:06","98"
"2018-02-20 16:16","98"
"2018-02-20 16:26","98"
"2018-02-20 16:36","98"
"2018-02-20 16:46","98"
"2018-02-20 16:56","98"
"2018-02-20 17:06","98"
"2018-02-20 17:16","98"
"2018-02-20 17:26","98"
"2018-02-20 17:36","99"
"2018-02-20 17:46","99"
"2018-02-20 17:56","99"
"2018-02-20 18:06","99"
"2018-02-20 18:16","99"
"2018-02-20 18:26","99"
"2018-02-20 18:36","99"
"2018-02-20 18:46","99"
"2018-02-20 18:56","99"
"2018-02-20 19:06","99"
"2018-02-20 19:16","99"
"2018-02-20 19:26","99"
"2018-02-20 19:36","99"
"2018-02-20 19:46","99"
"2018-02-20 19:56","99"
"2018-02-20 20:06","99"
"2018-02-20 20:16","99"
"2018-02-20 20:26","99"
"2018-02-20 20:36","99"
"2018-02-20 20:46","99"
"2018-02-20 20:56","99"
"2018-02-20 21:06","99"
"2018-02-20 21:16","99"
"2018-02-20 21:26","99"
"2018-02-20 21:36","99"
"2018-02-20 21:46","99"
"2018-02-20 21:56","99"
"2018-02-20 22:06","99"
"2018-02-20 22:16","99"
"2018-02-20 22:26","99"
"2018-02-20 22:36","99"
"2018-02-20 22:46","99"
"2018-02-20 22:56","99"
"2018-02-20 23:06","99"
"2018-02-20 23:16","99"
"2018-02-20 23:26","100"
"2018-02-20 23:36","100"
"2018-02-20 23:46","100"
"2018-02-20 23:56","100"
"2018-02-21 00:06","100"
"2018-02-21 00:16","100"
"2018-02-21 00:26","100"
"2018-02-21 00:36","100"
"2018-02-21 00:46","100"
"2018-02-21 00:56","100"
"2018-02-21 01:06","100"
"2018-02-21 01:16","100"
"2018-02-21 01:26","100"
"2018-02-21 01:36","100"
"2018-02-21 01:46","100"
"2018-02-21 01:56","100"
"2018-02-21 02:06","100"
"2018-02-21 02:16","100"
"2018-02-21 02:26","100"
"2018-02-21 02:36","100"
"2018-02-21 02:46","100"
"2018-02-21 03:00","100"
"2018-02-21 03:06","100"
"2018-02-21 03:16","100"
"2018-02-21 03:26","100"
"2018-02-21 03:36","100"
"2018-02-21 03:46","100"
"2018-02-21 03:56","100"
"2018-02-21 04:06","100"
"2018-02-21 04:16","100"
"2018-02-21 04:26","100"
"2018-02-21 04:36","100"
"2018-02-21 04:46","100"
"2018-02-21 04:56","100"
"2018-02-21 05:06","100"
"2018-02-21 05:16","100"
"2018-02-21 05:26","100"
"2018-02-21 05:36","100"
"2018-02-21 05:46","100"
"2018-02-21 05:56","100"
"2018-02-21 06:06","100"
"2018-02-21 06:16","100"
"2018-02-21 06:26","100"
"2018-02-21 06:36","100"
"2018-02-21 06:46","100"
"2018-02-21 06:56","100"
"2018-02-21 07:06","100"
"2018-02-21 07:16","100"
"2018-02-21 07:26","100"
"2018-02-21 07:36","100"
"2018-02-21 07:46","100"
"2018-02-21 07:56","100"
"2018-02-21 08:06","100"
"2018-02-21 08:16","100"
"2018-02-21 08:26","100"
"2018-02-21 08:36","100"
"2018-02-21 08:46","100"
"2018-02-21 08:56","100"
"2018-02-21 09:06","100"
"2018-02-21 09:16","100"
"2018-02-21 09:26","100"
"2018-02-21 09:36","100"
"2018-02-21 09:46","100"
"2018-02-21 09:56","100"
"2018-02-21 10:06","100"
"2018-02-21 10:16","100"
"2018-02-21 10:26","100"
"2018-02-21 10:36","100"
"2018-02-21 10:46","100"
"2018-02-21 10:56","100"
"2018-02-21 11:06","100"
"2018-02-21 11:16","100"
"2018-02-21 11:26","100"
"2018-02-21 11:46","100"
"2018-02-21 11:56","100"
"2018-02-21 12:06","100"
"2018-02-21 12:16","100"
"2018-02-21 12:26","100"
"2018-02-21 12:36","100"
"2018-02-21 12:46","100"
"2018-02-21 12:56","100"
"2018-02-21 13:06","100"
"2018-02-21 13:16","100"
"2018-02-21 13:26","100"
"2018-02-21 13:36","99"
"2018-02-21 13:46","99"
"2018-02-21 13:56","100"
"2018-02-21 14:06","100"
"2018-02-21 14:16","99"
"2018-02-21 14:26","99"
"2018-02-21 14:36","99"
"2018-02-21 14:46","99"
"2018-02-21 14:56","99"
"2018-02-21 15:06","98"
"2018-02-21 15:16","98"
"2018-02-21 15:26","98"
"2018-02-21 15:36","98"
"2018-02-21 15:46","98"
"2018-02-21 15:56","98"
"2018-02-21 16:06","97"
"2018-02-21 16:16","96"
"2018-02-21 16:26","96"
"2018-02-21 16:36","95"
"2018-02-21 16:46","94"
"2018-02-21 16:56","94"
"2018-02-21 17:06","93"
"2018-02-21 17:16","92"
"2018-02-21 17:26","92"
"2018-02-21 17:36","91"
"2018-02-21 17:46","90"
"2018-02-21 17:56","89"
"2018-02-21 18:06","89"
"2018-02-21 18:16","88"
"2018-02-21 18:26","88"
"2018-02-21 18:36","87"
"2018-02-21 18:46","86"
"2018-02-21 18:56","86"
"2018-02-21 19:06","85"
"2018-02-21 19:16","85"
"2018-02-21 19:26","84"
"2018-02-21 19:36","84"
"2018-02-21 19:46","83"
"2018-02-21 19:56","83"
"2018-02-21 20:06","83"
"2018-02-21 20:16","82"
"2018-02-21 20:26","82"
"2018-02-21 20:36","82"
"2018-02-21 20:46","82"
"2018-02-21 20:56","81"
"2018-02-21 21:06","81"
"2018-02-21 21:16","81"
"2018-02-21 21:26","81"
"2018-02-21 21:36","81"
"2018-02-21 21:46","80"
"2018-02-21 21:56","80"
"2018-02-21 22:06","80"
"2018-02-21 22:16","80"
"2018-02-21 22:26","80"
"2018-02-21 22:36","80"
"2018-02-21 22:46","79"
"2018-02-21 22:56","79"
"2018-02-21 23:06","79"
"2018-02-21 23:16","79"
"2018-02-21 23:26","79"
"2018-02-21 23:36","79"
"2018-02-21 23:46","79"
"2018-02-21 23:56","79"
"2018-02-22 00:06","79"
"2018-02-22 00:16","79"
"2018-02-22 00:26","79"
"2018-02-22 00:36","79"
"2018-02-22 00:46","79"
"2018-02-22 00:56","79"
"2018-02-22 01:06","79"
"2018-02-22 01:16","79"
"2018-02-22 01:26","79"
"2018-02-22 01:36","79"
"2018-02-22 01:46","79"
"2018-02-22 01:56","79"
"2018-02-22 02:06","79"
"2018-02-22 02:16","79"
"2018-02-22 02:26","78"
"2018-02-22 02:36","78"
"2018-02-22 02:46","78"
"2018-02-22 02:56","77"
"2018-02-22 03:06","77"
"2018-02-22 03:16","77"
"2018-02-22 03:26","76"
"2018-02-22 03:36","76"
"2018-02-22 03:46","76"
"2018-02-22 03:56","76"
"2018-02-22 04:06","76"
"2018-02-22 04:16","76"
"2018-02-22 04:26","76"
"2018-02-22 04:36","76"
"2018-02-22 04:46","77"
"2018-02-22 04:56","76"
"2018-02-22 05:06","77"
"2018-02-22 05:16","76"
"2018-02-22 05:26","76"
"2018-02-22 05:36","76"
"2018-02-22 05:46","76"
"2018-02-22 05:56","76"
"2018-02-22 06:06","76"
"2018-02-22 06:16","76"
"2018-02-22 06:26","76"
"2018-02-22 06:36","76"
"2018-02-22 06:46","76"
"2018-02-22 06:56","75"
"2018-02-22 07:06","76"
"2018-02-22 07:16","76"
"2018-02-22 07:26","76"
"2018-02-22 07:36","76"
"2018-02-22 07:46","75"
"2018-02-22 07:56","73"
"2018-02-22 08:06","73"
"2018-02-22 08:16","73"
"2018-02-22 08:26","73"
"2018-02-22 08:36","72"
"2018-02-22 08:46","72"
"2018-02-22 08:56","72"
"2018-02-22 09:06","72"
"2018-02-22 09:16","71"
"2018-02-22 09:26","71"
"2018-02-22 09:36","70"
"2018-02-22 09:46","70"
"2018-02-22 09:56","70"
"2018-02-22 10:06","70"
"2018-02-22 10:16","70"
"2018-02-22 10:26","70"
"2018-02-22 10:36","70"
"2018-02-22 10:46","70"
"2018-02-22 10:56","70"
"2018-02-22 11:06","71"
"2018-02-22 11:16","70"
"2018-02-22 11:26","71"
"2018-02-22 11:36","70"
"2018-02-22 11:46","70"
"2018-02-22 11:56","70"
"2018-02-22 12:06","70"
"2018-02-22 12:16","70"
"2018-02-22 12:26","70"
"2018-02-22 12:36","70"
"2018-02-22 12:46","69"
"2018-02-22 12:56","68"
"2018-02-22 13:06","68"
"2018-02-22 13:16","67"
"2018-02-22 13:26","67"
"2018-02-22 13:36","67"
"2018-02-22 13:46","67"
"2018-02-22 13:56","68"
"2018-02-22 14:06","68"
"2018-02-22 14:16","68"
"2018-02-22 14:26","67"
"2018-02-22 14:36","67"
"2018-02-22 14:46","66"
"2018-02-22 14:56","66"
"2018-02-22 15:06","65"
"2018-02-22 15:16","66"
"2018-02-22 15:26","66"
"2018-02-22 15:36","66"
"2018-02-22 15:46","66"
"2018-02-22 15:56","67"
"2018-02-22 16:06","66"
"2018-02-22 16:16","66"
"2018-02-22 16:26","65"
"2018-02-22 16:36","64"
"2018-02-22 16:46","65"
"2018-02-22 16:56","65"
"2018-02-22 17:06","65"
"2018-02-22 17:16","65"
"2018-02-22 17:26","66"
"2018-02-22 17:36","67"
"2018-02-22 17:46","68"
"2018-02-22 17:56","69"
"2018-02-22 18:06","69"
"2018-02-22 18:16","69"
"2018-02-22 18:26","70"
"2018-02-22 18:36","70"
"2018-02-22 18:46","70"
"2018-02-22 18:56","71"
"2018-02-22 19:06","72"
"2018-02-22 19:16","72"
"2018-02-22 19:26","74"
"2018-02-22 19:36","75"
"2018-02-22 19:46","75"
"2018-02-22 19:56","75"
"2018-02-22 20:06","76"
"2018-02-22 20:16","76"
"2018-02-22 20:26","76"
"2018-02-22 20:36","77"
"2018-02-22 20:46","77"
"2018-02-22 20:56","78"
"2018-02-22 21:06","78"
"2018-02-22 21:16","79"
"2018-02-22 21:26","79"
"2018-02-22 21:36","79"
"2018-02-22 21:46","79"
"2018-02-22 21:56","80"
"2018-02-22 22:06","80"
"2018-02-22 22:16","80"
"2018-02-22 22:26","80"
"2018-02-22 22:36","80"
"2018-02-22 22:46","81"
"2018-02-22 22:56","81"
"2018-02-22 23:06","82"
"2018-02-22 23:16","81"
"2018-02-22 23:26","82"
"2018-02-22 23:36","82"
"2018-02-22 23:46","82"
"2018-02-22 23:56","82"
"2018-02-23 00:06","82"
"2018-02-23 00:16","82"
"2018-02-23 00:26","83"
"2018-02-23 00:36","83"
"2018-02-23 00:46","83"
"2018-02-23 00:56","83"
"2018-02-23 01:06","83"
"2018-02-23 01:16","83"
"2018-02-23 01:26","83"
"2018-02-23 01:36","83"
"2018-02-23 01:46","83"
"2018-02-23 01:56","83"
"2018-02-23 02:06","83"
"2018-02-23 02:16","84"
"2018-02-23 02:26","84"
"2018-02-23 02:36","84"
"2018-02-23 02:46","84"
"2018-02-23 02:56","84"
"2018-02-23 03:06","85"
"2018-02-23 03:16","85"
"2018-02-23 03:26","85"
"2018-02-23 03:36","85"
"2018-02-23 03:46","86"
"2018-02-23 03:56","86"
"2018-02-23 04:06","86"
"2018-02-23 04:16","86"
"2018-02-23 04:26","86"
"2018-02-23 04:36","86"
"2018-02-23 04:46","87"
"2018-02-23 04:56","87"
"2018-02-23 05:06","87"
"2018-02-23 05:16","87"
"2018-02-23 05:26","87"
"2018-02-23 05:36","87"
"2018-02-23 05:46","87"
"2018-02-23 05:56","87"
"2018-02-23 06:06","87"
"2018-02-23 06:16","87"
"2018-02-23 06:26","87"
"2018-02-23 06:36","87"
"2018-02-23 06:46","87"
"2018-02-23 06:56","87"
"2018-02-23 07:06","87"
"2018-02-23 07:16","86"
"2018-02-23 07:26","86"
"2018-02-23 07:36","86"
"2018-02-23 07:46","86"
"2018-02-23 07:56","86"
"2018-02-23 08:06","86"
"2018-02-23 08:16","86"
"2018-02-23 08:26","85"
"2018-02-23 08:36","85"
"2018-02-23 08:46","85"
"2018-02-23 08:56","84"
"2018-02-23 09:06","84"
"2018-02-23 09:16","83"
"2018-02-23 09:26","83"
"2018-02-23 09:36","83"
"2018-02-23 09:46","82"
"2018-02-23 09:56","82"
"2018-02-23 10:06","82"
"2018-02-23 10:16","82"
"2018-02-23 10:26","81"
"2018-02-23 10:36","81"
"2018-02-23 10:46","81"
"2018-02-23 10:56","81"
"2018-02-23 11:06","81"
"2018-02-23 11:16","81"
"2018-02-23 11:26","81"
"2018-02-23 11:36","81"
"2018-02-23 11:46","80"
"2018-02-23 11:56","80"
"2018-02-23 12:06","80"
"2018-02-23 12:16","80"
"2018-02-23 12:26","80"
"2018-02-23 12:36","80"
"2018-02-23 12:46","80"
"2018-02-23 12:56","80"
"2018-02-23 13:06","80"
"2018-02-23 13:16","80"
"2018-02-23 13:26","80"
"2018-02-23 13:36","80"
"2018-02-23 13:46","80"
"2018-02-23 13:56","80"
"2018-02-23 14:06","80"
"2018-02-23 14:16","80"
"2018-02-23 14:26","80"
"2018-02-23 14:36","80"
"2018-02-23 14:46","80"
"2018-02-23 14:56","80"
"2018-02-23 15:06","80"
"2018-02-23 15:16","81"
"2018-02-23 15:26","81"
"2018-02-23 15:36","81"
"2018-02-23 15:46","81"
"2018-02-23 15:56","81"
"2018-02-23 16:06","82"
"2018-02-23 16:16","83"
"2018-02-23 16:26","83"
"2018-02-23 16:36","84"
"2018-02-23 16:46","85"
"2018-02-23 16:56","86"
"2018-02-23 17:06","86"
"2018-02-23 17:16","87"
"2018-02-23 17:26","87"
"2018-02-23 17:36","88"
"2018-02-23 17:46","89"
"2018-02-23 17:56","89"
"2018-02-23 18:06","90"
"2018-02-23 18:16","90"
"2018-02-23 18:26","90"
"2018-02-23 18:36","91"
"2018-02-23 18:46","91"
"2018-02-23 18:56","91"
"2018-02-23 19:06","92"
"2018-02-23 19:16","92"
"2018-02-23 19:26","92"
"2018-02-23 19:36","93"
"2018-02-23 19:46","93"
"2018-02-23 19:56","93"
"2018-02-23 20:06","93"
"2018-02-23 20:16","93"
"2018-02-23 20:26","94"
"2018-02-23 20:36","94"
"2018-02-23 20:46","94"
"2018-02-23 20:56","94"
"2018-02-23 21:06","94"
"2018-02-23 21:16","94"
"2018-02-23 21:26","94"
"2018-02-23 21:36","95"
"2018-02-23 21:46","95"
"2018-02-23 21:56","95"
"2018-02-23 22:06","95"
"2018-02-23 22:16","95"
"2018-02-23 22:26","95"
"2018-02-23 22:36","96"
"2018-02-23 22:46","96"
"2018-02-23 22:56","96"
"2018-02-23 23:06","96"
"2018-02-23 23:16","96"
"2018-02-23 23:26","97"
"2018-02-23 23:36","97"
"2018-02-23 23:46","97"
"2018-02-23 23:56","97"
"2018-02-24 00:06","97"
"2018-02-24 00:16","97"
"2018-02-24 00:26","97"
"2018-02-24 00:36","97"
"2018-02-24 00:46","97"
"2018-02-24 00:56","97"
"2018-02-24 01:06","97"
"2018-02-24 01:16","97"
"2018-02-24 01:26","97"
"2018-02-24 01:36","97"
"2018-02-24 01:46","97"
"2018-02-24 01:56","97"
"2018-02-24 02:06","97"
"2018-02-24 02:16","97"
"2018-02-24 02:26","97"
"2018-02-24 02:36","97"
"2018-02-24 02:46","97"
"2018-02-24 02:56","97"
"2018-02-24 03:06","97"
"2018-02-24 03:16","97"
"2018-02-24 03:26","97"
"2018-02-24 03:36","97"
"2018-02-24 03:46","96"
"2018-02-24 03:56","96"
"2018-02-24 04:06","96"
"2018-02-24 04:16","96"
"2018-02-24 04:26","96"
"2018-02-24 04:36","96"
"2018-02-24 04:46","96"
"2018-02-24 04:56","96"
"2018-02-24 05:06","95"
"2018-02-24 05:16","95"
"2018-02-24 05:26","95"
"2018-02-24 05:36","95"
"2018-02-24 05:46","95"
"2018-02-24 05:56","95"
"2018-02-24 06:06","95"
"2018-02-24 06:16","95"
"2018-02-24 06:26","94"
"2018-02-24 06:36","94"
"2018-02-24 06:46","94"
"2018-02-24 06:56","94"
"2018-02-24 07:06","94"
"2018-02-24 07:16","93"
"2018-02-24 07:26","93"
"2018-02-24 07:36","93"
"2018-02-24 07:46","93"
"2018-02-24 07:56","93"
"2018-02-24 08:06","92"
"2018-02-24 08:16","92"
"2018-02-24 08:26","92"
"2018-02-24 08:36","91"
"2018-02-24 08:46","91"
"2018-02-24 08:56","90"
"2018-02-24 09:06","90"
"2018-02-24 09:16","90"
"2018-02-24 09:26","89"
"2018-02-24 09:36","88"
"2018-02-24 09:46","88"
"2018-02-24 09:56","87"
"2018-02-24 10:06","86"
"2018-02-24 10:16","85"
"2018-02-24 10:26","85"
"2018-02-24 10:36","84"
"2018-02-24 10:46","84"
"2018-02-24 10:56","84"
"2018-02-24 11:06","83"
"2018-02-24 11:16","83"
"2018-02-24 11:26","83"
"2018-02-24 11:36","82"
"2018-02-24 11:46","82"
"2018-02-24 11:56","82"
"2018-02-24 12:06","82"
"2018-02-24 12:16","81"
"2018-02-24 12:26","81"
"2018-02-24 12:36","80"
"2018-02-24 12:46","80"
"2018-02-24 12:56","80"
"2018-02-24 13:06","80"
"2018-02-24 13:16","79"
"2018-02-24 13:26","79"
"2018-02-24 13:36","79"
"2018-02-24 13:46","79"
"2018-02-24 13:56","78"
"2018-02-24 14:06","78"
"2018-02-24 14:16","79"
"2018-02-24 14:26","78"
"2018-02-24 14:36","78"
"2018-02-24 14:46","78"
"2018-02-24 14:56","78"
"2018-02-24 15:06","78"
"2018-02-24 15:16","77"
"2018-02-24 15:26","77"
"2018-02-24 15:36","76"
"2018-02-24 15:46","76"
"2018-02-24 15:56","75"
"2018-02-24 16:06","75"
"2018-02-24 16:16","75"
"2018-02-24 16:26","74"
"2018-02-24 16:36","74"
"2018-02-24 16:46","74"
"2018-02-24 16:56","73"
"2018-02-24 17:06","72"
"2018-02-24 17:16","72"
"2018-02-24 17:26","72"
"2018-02-24 17:36","73"
"2018-02-24 17:46","74"
"2018-02-24 17:56","75"
"2018-02-24 18:06","76"
"2018-02-24 18:16","75"
"2018-02-24 18:26","76"
"2018-02-24 18:36","77"
"2018-02-24 18:46","77"
"2018-02-24 18:56","78"
"2018-02-24 19:06","78"
"2018-02-24 19:16","79"
"2018-02-24 19:26","79"
"2018-02-24 19:36","79"
"2018-02-24 19:46","79"
"2018-02-24 19:56","79"
"2018-02-24 20:06","79"
"2018-02-24 20:16","79"
"2018-02-24 20:26","79"
"2018-02-24 20:36","80"
"2018-02-24 20:46","80"
"2018-02-24 20:56","80"
"2018-02-24 21:06","80"
"2018-02-24 21:16","80"
"2018-02-24 21:26","80"
"2018-02-24 21:36","80"
"2018-02-24 21:46","80"
"2018-02-24 21:56","80"
"2018-02-24 22:06","81"
"2018-02-24 22:16","81"
"2018-02-24 22:26","81"
"2018-02-24 22:36","81"
"2018-02-24 22:46","81"
"2018-02-24 22:56","81"
"2018-02-24 23:06","81"
"2018-02-24 23:16","81"
"2018-02-24 23:26","81"
"2018-02-24 23:36","81"
"2018-02-24 23:46","81"
"2018-02-24 23:56","81"
"2018-02-25 00:06","81"
"2018-02-25 00:16","81"
"2018-02-25 00:26","81"
"2018-02-25 00:36","81"
"2018-02-25 00:46","81"
"2018-02-25 00:56","81"
"2018-02-25 01:06","81"
"2018-02-25 01:16","81"
"2018-02-25 01:26","81"
"2018-02-25 01:36","81"
"2018-02-25 01:46","81"
"2018-02-25 01:56","81"
"2018-02-25 02:06","81"
"2018-02-25 02:16","81"
"2018-02-25 02:26","81"
"2018-02-25 02:36","81"
"2018-02-25 02:46","81"
"2018-02-25 02:56","81"
"2018-02-25 03:06","81"
"2018-02-25 03:16","81"
"2018-02-25 03:26","80"
"2018-02-25 03:36","80"
"2018-02-25 03:46","80"
"2018-02-25 03:56","79"
"2018-02-25 04:06","79"
"2018-02-25 04:16","78"
"2018-02-25 04:26","77"
"2018-02-25 04:36","76"
"2018-02-25 04:46","75"
"2018-02-25 04:56","75"
"2018-02-25 05:06","74"
"2018-02-25 05:16","75"
"2018-02-25 05:26","75"
"2018-02-25 05:36","75"
"2018-02-25 05:46","75"
"2018-02-25 05:56","75"
"2018-02-25 06:06","76"
"2018-02-25 06:16","76"
"2018-02-25 06:26","76"
"2018-02-25 06:36","77"
"2018-02-25 06:46","77"
"2018-02-25 06:56","77"
"2018-02-25 07:06","77"
"2018-02-25 07:16","77"
"2018-02-25 07:26","78"
"2018-02-25 07:36","78"
"2018-02-25 07:46","78"
"2018-02-25 07:56","78"
"2018-02-25 08:06","78"
"2018-02-25 08:16","78"
"2018-02-25 08:26","79"
"2018-02-25 08:36","79"
"2018-02-25 08:46","79"
"2018-02-25 08:56","79"
"2018-02-25 09:06","79"
"2018-02-25 09:16","80"
"2018-02-25 09:26","80"
"2018-02-25 09:36","80"
"2018-02-25 09:46","80"
"2018-02-25 09:56","80"
"2018-02-25 10:06","80"
"2018-02-25 10:16","80"
"2018-02-25 10:26","80"
"2018-02-25 10:36","81"
"2018-02-25 10:46","81"
"2018-02-25 10:56","82"
"2018-02-25 11:06","83"
"2018-02-25 11:16","85"
"2018-02-25 11:26","86"
"2018-02-25 11:36","87"
"2018-02-25 11:46","87"
"2018-02-25 11:56","88"
"2018-02-25 12:06","89"
"2018-02-25 12:16","89"
"2018-02-25 12:26","90"
"2018-02-25 12:36","90"
"2018-02-25 12:46","91"
"2018-02-25 12:56","91"
"2018-02-25 13:06","92"
"2018-02-25 13:16","92"
"2018-02-25 13:26","93"
"2018-02-25 13:36","93"
"2018-02-25 13:46","93"
"2018-02-25 13:56","93"
"2018-02-25 14:06","93"
"2018-02-25 14:16","93"
"2018-02-25 14:26","93"
"2018-02-25 14:36","94"
"2018-02-25 14:46","94"
"2018-02-25 14:56","94"
"2018-02-25 15:06","94"
"2018-02-25 15:16","94"
"2018-02-25 15:26","94"
"2018-02-25 15:36","94"
"2018-02-25 15:46","94"
"2018-02-25 15:56","94"
"2018-02-25 16:06","95"
"2018-02-25 16:16","94"
"2018-02-25 16:26","93"
"2018-02-25 16:36","93"
"2018-02-25 16:46","93"
"2018-02-25 16:56","93"
"2018-02-25 17:06","92"
"2018-02-25 17:16","92"
"2018-02-25 17:26","92"
"2018-02-25 17:36","92"
"2018-02-25 17:46","91"
"2018-02-25 17:56","91"
"2018-02-25 18:06","91"
"2018-02-25 18:16","90"
"2018-02-25 18:26","90"
"2018-02-25 18:36","89"
"2018-02-25 18:46","88"
"2018-02-25 18:56","88"
"2018-02-25 19:06","87"
"2018-02-25 19:16","85"
"2018-02-25 19:26","85"
"2018-02-25 19:36","84"
"2018-02-25 19:46","84"
"2018-02-25 19:56","83"
"2018-02-25 20:06","83"
"2018-02-25 20:16","82"
"2018-02-25 20:26","82"
"2018-02-25 20:36","82"
"2018-02-25 20:46","82"
"2018-02-25 20:56","81"
"2018-02-25 21:06","81"
"2018-02-25 21:16","81"
"2018-02-25 21:26","81"
"2018-02-25 21:36","81"
"2018-02-25 21:46","81"
"2018-02-25 21:56","81"
"2018-02-25 22:06","81"
"2018-02-25 22:16","82"
"2018-02-25 22:26","82"
"2018-02-25 22:36","82"
"2018-02-25 22:46","82"
"2018-02-25 22:56","83"
"2018-02-25 23:06","83"
"2018-02-25 23:16","83"
"2018-02-25 23:26","83"
"2018-02-25 23:36","83"
"2018-02-25 23:46","84"
"2018-02-25 23:56","84"
"2018-02-26 00:06","84"
"2018-02-26 00:16","84"
"2018-02-26 00:26","84"
"2018-02-26 00:36","84"
"2018-02-26 00:46","84"
"2018-02-26 00:56","84"
"2018-02-26 01:06","84"
"2018-02-26 01:16","83"
"2018-02-26 01:26","84"
"2018-02-26 01:36","84"
"2018-02-26 01:46","84"
"2018-02-26 01:56","84"
"2018-02-26 02:06","85"
"2018-02-26 02:16","85"
"2018-02-26 02:26","85"
"2018-02-26 02:36","85"
"2018-02-26 02:46","85"
"2018-02-26 02:56","85"
"2018-02-26 03:06","85"
"2018-02-26 03:16","85"
"2018-02-26 03:26","86"
"2018-02-26 03:36","86"
"2018-02-26 03:46","86"
"2018-02-26 03:56","86"
"2018-02-26 04:06","86"
"2018-02-26 04:16","86"
"2018-02-26 04:26","86"
"2018-02-26 04:36","86"
"2018-02-26 04:46","86"
"2018-02-26 04:56","86"
"2018-02-26 05:06","86"
"2018-02-26 05:16","86"
"2018-02-26 05:26","86"
"2018-02-26 05:36","86"
"2018-02-26 05:46","86"
"2018-02-26 05:56","86"
"2018-02-26 06:06","86"
"2018-02-26 06:16","86"
"2018-02-26 06:26","86"
"2018-02-26 06:36","85"
"2018-02-26 06:46","86"
"2018-02-26 06:56","86"
"2018-02-26 07:06","86"
"2018-02-26 07:16","85"
"2018-02-26 07:26","85"
"2018-02-26 07:36","85"
"2018-02-26 07:46","85"
"2018-02-26 07:56","85"
"2018-02-26 08:06","85"
"2018-02-26 08:16","84"
"2018-02-26 08:26","84"
"2018-02-26 08:36","84"
"2018-02-26 08:46","83"
"2018-02-26 08:56","83"
"2018-02-26 09:06","82"
"2018-02-26 09:16","82"
"2018-02-26 09:26","81"
"2018-02-26 09:36","81"
"2018-02-26 09:46","80"
"2018-02-26 09:56","80"
"2018-02-26 10:06","79"
"2018-02-26 10:16","79"
"2018-02-26 10:26","79"
"2018-02-26 10:36","79"
"2018-02-26 10:46","79"
"2018-02-26 10:56","79"
"2018-02-26 11:06","79"
"2018-02-26 11:16","79"
"2018-02-26 11:26","79"
"2018-02-26 11:36","78"
"2018-02-26 11:46","78"
"2018-02-26 11:56","78"
"2018-02-26 12:06","77"
"2018-02-26 12:16","77"
"2018-02-26 12:26","76"
"2018-02-26 12:36","75"
"2018-02-26 12:46","73"
"2018-02-26 12:56","71"
"2018-02-26 13:06","69"
"2018-02-26 13:16","67"
"2018-02-26 13:26","65"
"2018-02-26 13:36","64"
"2018-02-26 13:46","63"
"2018-02-26 13:56","62"
"2018-02-26 14:06","61"
"2018-02-26 14:16","60"
"2018-02-26 14:26","60"
"2018-02-26 14:36","58"
"2018-02-26 14:46","59"
"2018-02-26 14:56","59"
"2018-02-26 15:06","58"
"2018-02-26 15:16","57"
"2018-02-26 15:26","57"
"2018-02-26 15:36","57"
"2018-02-26 15:46","56"
"2018-02-26 15:56","56"
"2018-02-26 16:06","56"
"2018-02-26 16:16","56"
"2018-02-26 16:26","58"
"2018-02-26 16:36","57"
"2018-02-26 16:46","56"
"2018-02-26 16:56","57"
"2018-02-26 17:06","57"
"2018-02-26 17:16","56"
"2018-02-26 17:26","57"
"2018-02-26 17:36","57"
"2018-02-26 17:46","57"
"2018-02-26 17:56","57"
"2018-02-26 18:06","58"
"2018-02-26 18:16","58"
"2018-02-26 18:26","58"
"2018-02-26 18:36","62"
"2018-02-26 18:46","65"
"2018-02-26 18:56","67"
"2018-02-26 19:06","68"
"2018-02-26 19:16","70"
"2018-02-26 19:26","72"
"2018-02-26 19:36","74"
"2018-02-26 19:46","75"
"2018-02-26 19:56","76"
"2018-02-26 20:06","76"
"2018-02-26 20:16","76"
"2018-02-26 20:26","77"
"2018-02-26 20:36","77"
"2018-02-26 20:46","77"
"2018-02-26 20:56","77"
"2018-02-26 21:06","78"
"2018-02-26 21:16","78"
"2018-02-26 21:26","78"
"2018-02-26 21:36","78"
"2018-02-26 21:46","78"
"2018-02-26 21:56","78"
"2018-02-26 22:06","78"
"2018-02-26 22:16","78"
"2018-02-26 22:26","78"
"2018-02-26 22:36","78"
"2018-02-26 22:46","78"
"2018-02-26 22:56","78"
"2018-02-26 23:06","78"
"2018-02-26 23:16","78"
"2018-02-26 23:26","78"
"2018-02-26 23:36","77"
"2018-02-26 23:46","77"
"2018-02-26 23:56","77"
"2018-02-27 00:06","77"
"2018-02-27 00:16","77"
"2018-02-27 00:26","77"
"2018-02-27 00:36","77"
"2018-02-27 00:46","76"
"2018-02-27 00:56","76"
"2018-02-27 01:06","76"
"2018-02-27 01:16","76"
"2018-02-27 01:26","76"
"2018-02-27 01:36","76"
"2018-02-27 01:46","77"
"2018-02-27 01:56","77"
"2018-02-27 02:06","77"
"2018-02-27 02:16","77"
"2018-02-27 02:26","77"
"2018-02-27 02:36","77"
"2018-02-27 02:46","78"
"2018-02-27 02:56","78"
"2018-02-27 03:06","78"
"2018-02-27 03:16","78"
"2018-02-27 03:26","78"
"2018-02-27 03:36","78"
"2018-02-27 03:46","79"
"2018-02-27 03:56","79"
"2018-02-27 04:06","79"
"2018-02-27 04:16","79"
"2018-02-27 04:26","79"
"2018-02-27 04:36","79"
"2018-02-27 04:46","79"
"2018-02-27 04:56","80"
"2018-02-27 05:06","80"
"2018-02-27 05:16","79"
"2018-02-27 05:26","80"
"2018-02-27 05:36","80"
"2018-02-27 05:46","80"
"2018-02-27 05:56","80"
"2018-02-27 06:06","80"
"2018-02-27 06:16","80"
"2018-02-27 06:26","80"
"2018-02-27 06:36","80"
"2018-02-27 06:46","80"
"2018-02-27 06:56","80"
"2018-02-27 07:06","80"
"2018-02-27 07:16","80"
"2018-02-27 07:26","80"
"2018-02-27 07:36","80"
"2018-02-27 07:46","80"
"2018-02-27 07:56","80"
"2018-02-27 08:06","80"
"2018-02-27 08:16","80"
"2018-02-27 08:26","80"
"2018-02-27 08:36","80"
"2018-02-27 08:46","80"
"2018-02-27 08:56","80"
"2018-02-27 09:06","79"
"2018-02-27 09:16","79"
"2018-02-27 09:26","80"
"2018-02-27 09:36","79"
"2018-02-27 09:46","79"
"2018-02-27 09:56","80"
"2018-02-27 10:06","80"
"2018-02-27 10:16","80"
"2018-02-27 10:26","80"
"2018-02-27 10:36","80"
"2018-02-27 10:46","79"
"2018-02-27 10:56","80"
"2018-02-27 11:06","80"
"2018-02-27 11:16","80"
"2018-02-27 11:26","80"
"2018-02-27 11:36","80"
"2018-02-27 11:46","80"
"2018-02-27 11:56","80"
"2018-02-27 12:06","80"
"2018-02-27 12:16","79"
"2018-02-27 12:26","79"
"2018-02-27 12:36","79"
"2018-02-27 12:46","79"
"2018-02-27 12:56","79"
"2018-02-27 13:06","79"
"2018-02-27 13:16","79"
"2018-02-27 13:26","79"
"2018-02-27 13:36","79"
"2018-02-27 13:46","79"
"2018-02-27 13:56","79"
"2018-02-27 14:06","79"
"2018-02-27 14:16","79"
"2018-02-27 14:26","79"
"2018-02-27 14:36","79"
"2018-02-27 14:46","79"
"2018-02-27 14:56","79"
"2018-02-27 15:06","79"
"2018-02-27 15:16","77"
"2018-02-27 15:26","75"
"2018-02-27 15:36","73"
"2018-02-27 15:46","73"
"2018-02-27 15:56","73"
"2018-02-27 16:06","73"
"2018-02-27 16:16","72"
"2018-02-27 16:26","73"
"2018-02-27 16:36","73"
"2018-02-27 16:46","72"
"2018-02-27 16:56","73"
"2018-02-27 17:06","74"
"2018-02-27 17:16","74"
"2018-02-27 17:26","75"
"2018-02-27 17:36","76"
"2018-02-27 17:46","76"
"2018-02-27 17:56","76"
"2018-02-27 18:06","76"
"2018-02-27 18:16","77"
"2018-02-27 18:26","77"
"2018-02-27 18:36","77"
"2018-02-27 18:46","77"
"2018-02-27 18:56","77"
"2018-02-27 19:06","77"
"2018-02-27 19:16","77"
"2018-02-27 19:26","77"
"2018-02-27 19:36","76"
"2018-02-27 19:46","76"
"2018-02-27 19:56","76"
"2018-02-27 20:06","76"
"2018-02-27 20:16","77"
"2018-02-27 20:26","77"
"2018-02-27 20:36","77"
"2018-02-27 20:46","77"
"2018-02-27 20:56","76"
"2018-02-27 21:06","75"
"2018-02-27 21:16","74"
"2018-02-27 21:26","73"
"2018-02-27 21:36","74"
"2018-02-27 21:46","72"
"2018-02-27 21:56","71"
"2018-02-27 22:06","71"
"2018-02-27 22:16","71"
"2018-02-27 22:26","70"
"2018-02-27 22:36","71"
"2018-02-27 22:46","71"
"2018-02-27 22:56","70"
"2018-02-27 23:06","70"
"2018-02-27 23:16","69"
"2018-02-27 23:26","70"
"2018-02-27 23:36","69"
"2018-02-27 23:46","70"
"2018-02-27 23:56","70"
"2018-02-28 00:06","70"
"2018-02-28 00:16","70"
"2018-02-28 00:26","72"
"2018-02-28 00:36","72"
"2018-02-28 00:46","72"
"2018-02-28 00:56","72"
"2018-02-28 01:06","72"
"2018-02-28 01:16","70"
"2018-02-28 01:26","71"
"2018-02-28 01:36","71"
"2018-02-28 01:46","71"
"2018-02-28 01:56","72"
"2018-02-28 02:06","73"
"2018-02-28 02:16","73"
"2018-02-28 02:26","75"
"2018-02-28 02:36","76"
"2018-02-28 02:46","76"
"2018-02-28 02:56","77"
"2018-02-28 03:06","77"
"2018-02-28 03:16","77"
"2018-02-28 03:26","77"
"2018-02-28 03:36","77"
"2018-02-28 03:46","77"
"2018-02-28 03:56","77"
"2018-02-28 04:06","77"
"2018-02-28 04:16","77"
"2018-02-28 04:26","78"
"2018-02-28 04:36","78"
"2018-02-28 04:46","78"
"2018-02-28 04:56","78"
"2018-02-28 05:06","78"
"2018-02-28 05:16","78"
"2018-02-28 05:26","79"
"2018-02-28 05:36","79"
"2018-02-28 05:46","79"
"2018-02-28 05:56","79"
"2018-02-28 06:06","79"
"2018-02-28 06:16","79"
"2018-02-28 06:26","79"
"2018-02-28 06:36","79"
"2018-02-28 06:46","79"
"2018-02-28 06:56","79"
"2018-02-28 07:06","79"
"2018-02-28 07:16","79"
"2018-02-28 07:26","79"
"2018-02-28 07:36","79"
"2018-02-28 07:46","79"
"2018-02-28 07:56","80"
"2018-02-28 08:06","80"
"2018-02-28 08:16","80"
"2018-02-28 08:26","80"
"2018-02-28 08:36","79"
"2018-02-28 08:46","80"
"2018-02-28 08:56","80"
"2018-02-28 09:06","79"
"2018-02-28 09:16","79"
"2018-02-28 09:26","79"
"2018-02-28 09:36","79"
"2018-02-28 09:46","78"
"2018-02-28 09:56","79"
"2018-02-28 10:06","78"
"2018-02-28 10:16","79"
"2018-02-28 10:26","77"
"2018-02-28 10:36","77"
"2018-02-28 10:46","76"
"2018-02-28 10:56","73"
"2018-02-28 11:06","70"
"2018-02-28 11:16","67"
"2018-02-28 11:26","65"
"2018-02-28 11:36","64"
"2018-02-28 11:46","62"
"2018-02-28 11:56","61"
"2018-02-28 12:06","60"
"2018-02-28 12:16","59"
"2018-02-28 12:26","58"
"2018-02-28 12:36","58"
"2018-02-28 12:46","57"
"2018-02-28 12:56","58"
"2018-02-28 13:06","56"
"2018-02-28 13:16","58"
"2018-02-28 13:26","57"
"2018-02-28 13:36","56"
"2018-02-28 13:46","56"
"2018-02-28 13:56","57"
"2018-02-28 14:06","59"
"2018-02-28 14:16","61"
"2018-02-28 14:26","63"
"2018-02-28 14:36","64"
"2018-02-28 14:46","65"
"2018-02-28 14:56","66"
"2018-02-28 15:06","66"
"2018-02-28 15:16","67"
"2018-02-28 15:26","69"
"2018-02-28 15:36","70"
"2018-02-28 15:46","71"
"2018-02-28 15:56","72"
"2018-02-28 16:06","73"
"2018-02-28 16:16","73"
"2018-02-28 16:26","74"
"2018-02-28 16:36","74"
"2018-02-28 16:46","75"
"2018-02-28 16:56","76"
"2018-02-28 17:06","76"
"2018-02-28 17:16","76"
"2018-02-28 17:26","77"
"2018-02-28 17:36","77"
"2018-02-28 17:46","77"
"2018-02-28 17:56","77"
"2018-02-28 18:06","77"
"2018-02-28 18:16","77"
"2018-02-28 18:26","78"
"2018-02-28 18:36","78"
"2018-02-28 18:46","78"
"2018-02-28 18:56","78"
"2018-02-28 19:06","78"
"2018-02-28 19:16","78"
"2018-02-28 19:26","78"
"2018-02-28 19:36","78"
"2018-02-28 19:46","78"
"2018-02-28 19:56","79"
"2018-02-28 20:06","79"
"2018-02-28 20:16","79"
"2018-02-28 20:26","79"
"2018-02-28 20:36","79"
"2018-02-28 20:46","79"
"2018-02-28 20:56","79"
"2018-02-28 21:06","79"
"2018-02-28 21:16","79"
"2018-02-28 21:26","80"
"2018-02-28 21:36","80"
"2018-02-28 21:46","80"
"2018-02-28 21:56","80"
"2018-02-28 22:06","80"
"2018-02-28 22:16","80"
"2018-02-28 22:26","80"
"2018-02-28 22:36","80"
"2018-02-28 22:46","80"
"2018-02-28 22:56","80"
"2018-02-28 23:06","80"
"2018-02-28 23:16","81"
"2018-02-28 23:26","81"
"2018-02-28 23:36","81"
"2018-02-28 23:46","82"
"2018-02-28 23:56","82"