"Time EST","Air Temp (°C)"
"2017-11-01 00:08","-12.0"
"2017-11-01 00:28","-12.3"
"2017-11-01 00:48","-12.2"
"2017-11-01 01:09","-12.7"
"2017-11-01 01:29","-12.7"
"2017-11-01 01:49","-12.5"
"2017-11-01 02:08","-12.0"
"2017-11-01 02:28","-11.8"
"2017-11-01 02:49","-12.4"
"2017-11-01 03:08","-12.7"
"2017-11-01 03:28","-13.4"
"2017-11-01 03:48","-13.4"
"2017-11-01 04:08","-13.3"
"2017-11-01 04:28","-13.1"
"2017-11-01 04:48","-12.4"
"2017-11-01 05:08","-11.8"
"2017-11-01 05:28","-11.4"
"2017-11-01 05:48","-11.1"
"2017-11-01 06:08","-10.8"
"2017-11-01 06:28","-10.1"
"2017-11-01 06:48","-9.8"
"2017-11-01 07:08","-9.5"
"2017-11-01 07:28","-8.9"
"2017-11-01 07:48","-7.4"
"2017-11-01 08:08","-7.4"
"2017-11-01 08:28","-7.0"
"2017-11-01 08:48","-6.8"
"2017-11-01 09:08","-6.4"
"2017-11-01 09:28","-6.1"
"2017-11-01 09:48","-5.7"
"2017-11-01 10:08","-5.4"
"2017-11-01 10:28","-4.8"
"2017-11-01 10:48","-4.1"
"2017-11-01 11:09","-3.6"
"2017-11-01 11:28","-3.1"
"2017-11-01 11:48","-2.5"
"2017-11-01 12:08","-2.2"
"2017-11-01 12:29","-2.2"
"2017-11-01 12:48","-1.5"
"2017-11-01 13:08","-0.8"
"2017-11-01 13:28","-1.0"
"2017-11-01 13:49","-0.6"
"2017-11-01 14:08","-0.5"
"2017-11-01 14:29","-0.3"
"2017-11-01 14:49","0.3"
"2017-11-01 15:08","0.1"
"2017-11-01 15:28","0.4"
"2017-11-01 15:48","0.6"
"2017-11-01 16:09","0.8"
"2017-11-01 16:29","0.5"
"2017-11-01 16:49","0.5"
"2017-11-01 17:09","0.4"
"2017-11-01 17:28","0.1"
"2017-11-01 17:48","0.0"
"2017-11-01 18:09","0.0"
"2017-11-01 18:29","-0.3"
"2017-11-01 18:48","-0.6"
"2017-11-01 19:08","-0.9"
"2017-11-01 19:30","-1.2"
"2017-11-01 19:50","-1.2"
"2017-11-01 20:08","-1.2"
"2017-11-01 20:28","-1.3"
"2017-11-01 20:48","-1.5"
"2017-11-01 21:08","-1.4"
"2017-11-01 21:28","-1.2"
"2017-11-01 21:48","-1.4"
"2017-11-01 22:08","-1.6"
"2017-11-01 22:28","-1.4"
"2017-11-01 22:48","-1.5"
"2017-11-01 23:08","-1.6"
"2017-11-01 23:28","-1.6"
"2017-11-01 23:48","-1.4"
"2017-11-02 00:08","-1.3"
"2017-11-02 00:28","-1.3"
"2017-11-02 00:48","-1.2"
"2017-11-02 01:08","-1.1"
"2017-11-02 01:28","-1.1"
"2017-11-02 01:48","-1.1"
"2017-11-02 02:08","-1.0"
"2017-11-02 02:28","-1.0"
"2017-11-02 02:48","-0.9"
"2017-11-02 03:08","-0.8"
"2017-11-02 03:28","-0.8"
"2017-11-02 03:48","-0.8"
"2017-11-02 04:08","-0.7"
"2017-11-02 04:28","-0.7"
"2017-11-02 04:48","-0.7"
"2017-11-02 05:08","-0.7"
"2017-11-02 05:28","-0.6"
"2017-11-02 05:48","-0.6"
"2017-11-02 06:08","-0.5"
"2017-11-02 06:28","-0.5"
"2017-11-02 06:48","-0.4"
"2017-11-02 07:08","-0.4"
"2017-11-02 07:28","-0.3"
"2017-11-02 07:48","-0.2"
"2017-11-02 08:08","-0.2"
"2017-11-02 08:28","-0.1"
"2017-11-02 08:48","-0.1"
"2017-11-02 09:08","0.0"
"2017-11-02 09:28","0.1"
"2017-11-02 09:48","0.2"
"2017-11-02 10:08","0.2"
"2017-11-02 10:28","0.3"
"2017-11-02 10:48","0.3"
"2017-11-02 11:08","0.4"
"2017-11-02 11:28","0.4"
"2017-11-02 11:48","0.5"
"2017-11-02 12:08","0.4"
"2017-11-02 15:08","0.1"
"2017-11-02 15:28","0.2"
"2017-11-02 15:48","0.1"
"2017-11-02 16:08","0.1"
"2017-11-02 16:28","0.1"
"2017-11-02 16:48","0.1"
"2017-11-02 17:08","0.1"
"2017-11-02 17:28","0.0"
"2017-11-02 17:48","0.0"
"2017-11-02 18:08","0.0"
"2017-11-02 18:28","0.0"
"2017-11-02 18:48","-0.1"
"2017-11-02 19:08","0.0"
"2017-11-02 19:28","-0.1"
"2017-11-02 19:48","0.0"
"2017-11-02 20:08","0.0"
"2017-11-02 20:28","-0.1"
"2017-11-02 20:48","-0.1"
"2017-11-02 21:08","-0.1"
"2017-11-02 21:28","-0.1"
"2017-11-02 21:48","-0.1"
"2017-11-02 22:08","-0.2"
"2017-11-02 22:28","-0.2"
"2017-11-02 22:48","-0.2"
"2017-11-02 23:08","-0.3"
"2017-11-02 23:28","-0.4"
"2017-11-02 23:48","-0.6"
"2017-11-03 00:08","-0.7"
"2017-11-03 00:28","-0.8"
"2017-11-03 00:48","-1.0"
"2017-11-03 01:08","-1.2"
"2017-11-03 01:28","-1.5"
"2017-11-03 01:48","-1.7"
"2017-11-03 02:08","-2.0"
"2017-11-03 02:28","-2.2"
"2017-11-03 02:48","-2.4"
"2017-11-03 03:08","-2.5"
"2017-11-03 03:28","-2.7"
"2017-11-03 03:48","-2.9"
"2017-11-03 04:08","-3.1"
"2017-11-03 04:28","-3.2"
"2017-11-03 04:48","-3.5"
"2017-11-03 05:08","-3.8"
"2017-11-03 05:28","-4.0"
"2017-11-03 05:48","-4.2"
"2017-11-03 06:08","-4.3"
"2017-11-03 06:28","-4.3"
"2017-11-03 06:48","-4.3"
"2017-11-03 07:08","-4.3"
"2017-11-03 07:28","-4.4"
"2017-11-03 07:48","-4.5"
"2017-11-03 08:08","-4.6"
"2017-11-03 08:28","-4.6"
"2017-11-03 08:48","-4.7"
"2017-11-03 09:08","-4.7"
"2017-11-03 09:28","-4.9"
"2017-11-03 09:48","-4.9"
"2017-11-03 10:08","-5.0"
"2017-11-03 10:28","-5.0"
"2017-11-03 10:48","-4.9"
"2017-11-03 11:08","-4.8"
"2017-11-03 11:28","-4.5"
"2017-11-03 11:48","-4.6"
"2017-11-03 12:08","-4.6"
"2017-11-03 12:28","-4.4"
"2017-11-03 12:48","-4.5"
"2017-11-03 13:08","-4.5"
"2017-11-03 13:28","-4.3"
"2017-11-03 13:48","-4.4"
"2017-11-03 14:08","-4.1"
"2017-11-03 14:28","-4.3"
"2017-11-03 14:48","-4.4"
"2017-11-03 15:08","-4.3"
"2017-11-03 15:28","-4.5"
"2017-11-03 15:48","-4.5"
"2017-11-03 16:08","-4.6"
"2017-11-03 16:28","-4.5"
"2017-11-03 16:48","-4.6"
"2017-11-03 17:08","-4.6"
"2017-11-03 17:28","-4.7"
"2017-11-03 17:48","-4.6"
"2017-11-03 18:08","-4.7"
"2017-11-03 18:28","-4.9"
"2017-11-03 18:48","-4.8"
"2017-11-03 19:08","-5.0"
"2017-11-03 19:28","-5.0"
"2017-11-03 19:48","-5.1"
"2017-11-03 20:08","-5.1"
"2017-11-03 20:28","-5.2"
"2017-11-03 20:48","-5.2"
"2017-11-03 21:08","-5.3"
"2017-11-03 21:28","-5.4"
"2017-11-03 21:48","-5.5"
"2017-11-03 22:08","-5.5"
"2017-11-03 22:28","-5.7"
"2017-11-03 22:48","-5.8"
"2017-11-03 23:08","-5.8"
"2017-11-03 23:28","-5.9"
"2017-11-03 23:48","-6.0"
"2017-11-04 00:08","-6.3"
"2017-11-04 00:28","-6.6"
"2017-11-04 00:48","-6.7"
"2017-11-04 01:08","-6.8"
"2017-11-04 01:28","-6.9"
"2017-11-04 01:48","-6.9"
"2017-11-04 02:08","-6.8"
"2017-11-04 02:28","-6.8"
"2017-11-04 02:48","-6.9"
"2017-11-04 03:08","-6.9"
"2017-11-04 03:28","-7.0"
"2017-11-04 03:48","-7.0"
"2017-11-04 04:08","-7.1"
"2017-11-04 04:28","-7.2"
"2017-11-04 04:48","-7.2"
"2017-11-04 05:08","-7.4"
"2017-11-04 05:28","-7.5"
"2017-11-04 05:48","-7.7"
"2017-11-04 06:08","-8.0"
"2017-11-04 06:28","-8.3"
"2017-11-04 06:48","-8.5"
"2017-11-04 07:08","-8.9"
"2017-11-04 07:28","-9.3"
"2017-11-04 07:48","-9.9"
"2017-11-04 08:08","-10.8"
"2017-11-04 08:28","-11.0"
"2017-11-04 08:48","-11.7"
"2017-11-04 09:08","-11.8"
"2017-11-04 09:28","-11.2"
"2017-11-04 09:48","-10.6"
"2017-11-04 10:08","-9.4"
"2017-11-04 10:28","-7.7"
"2017-11-04 10:48","-7.1"
"2017-11-04 11:08","-6.8"
"2017-11-04 11:28","-6.7"
"2017-11-04 11:48","-6.6"
"2017-11-04 12:08","-6.4"
"2017-11-04 12:28","-6.1"
"2017-11-04 12:48","-5.8"
"2017-11-04 13:08","-6.2"
"2017-11-04 13:28","-5.9"
"2017-11-04 13:48","-6.1"
"2017-11-04 14:08","-6.1"
"2017-11-04 14:28","-6.1"
"2017-11-04 14:48","-6.0"
"2017-11-04 15:08","-5.8"
"2017-11-04 15:28","-6.0"
"2017-11-04 15:48","-5.9"
"2017-11-04 16:08","-6.0"
"2017-11-04 16:28","-5.8"
"2017-11-04 16:48","-5.8"
"2017-11-04 17:08","-5.7"
"2017-11-04 17:28","-5.8"
"2017-11-04 17:48","-5.8"
"2017-11-04 18:08","-5.7"
"2017-11-04 18:28","-5.7"
"2017-11-04 18:48","-5.7"
"2017-11-04 19:08","-5.6"
"2017-11-04 19:28","-5.6"
"2017-11-04 19:48","-5.6"
"2017-11-04 20:08","-5.6"
"2017-11-04 20:28","-5.5"
"2017-11-04 20:48","-5.5"
"2017-11-04 21:08","-5.5"
"2017-11-04 21:28","-5.4"
"2017-11-04 21:48","-5.3"
"2017-11-04 22:08","-5.2"
"2017-11-04 22:28","-5.2"
"2017-11-04 22:48","-5.1"
"2017-11-04 23:08","-5.1"
"2017-11-04 23:28","-5.0"
"2017-11-04 23:48","-4.9"
"2017-11-05 00:08","-4.7"
"2017-11-05 00:28","-4.6"
"2017-11-05 00:48","-4.5"
"2017-11-05 01:08","-4.4"
"2017-11-05 01:09","-4.0"
"2017-11-05 01:28","-3.8"
"2017-11-05 01:28","-4.3"
"2017-11-05 01:48","-3.5"
"2017-11-05 01:48","-4.1"
"2017-11-05 02:08","-3.2"
"2017-11-05 02:28","-3.0"
"2017-11-05 02:48","-2.8"
"2017-11-05 03:08","-2.6"
"2017-11-05 03:28","-2.4"
"2017-11-05 03:48","-2.1"
"2017-11-05 04:08","-1.9"
"2017-11-05 04:28","-1.7"
"2017-11-05 04:48","-1.5"
"2017-11-05 05:08","-1.4"
"2017-11-05 05:28","-1.3"
"2017-11-05 05:48","-1.1"
"2017-11-05 06:08","-0.9"
"2017-11-05 06:28","-0.7"
"2017-11-05 06:48","-0.6"
"2017-11-05 07:08","-0.5"
"2017-11-05 07:28","-0.5"
"2017-11-05 07:48","-0.4"
"2017-11-05 08:08","-0.3"
"2017-11-05 08:28","-0.1"
"2017-11-05 08:48","0.0"
"2017-11-05 09:08","0.1"
"2017-11-05 09:28","0.1"
"2017-11-05 09:48","0.1"
"2017-11-05 10:08","0.3"
"2017-11-05 10:28","0.3"
"2017-11-05 10:48","0.4"
"2017-11-05 11:08","0.5"
"2017-11-05 11:28","0.8"
"2017-11-05 15:48","0.0"
"2017-11-05 16:28","-0.2"
"2017-11-05 16:48","-0.3"
"2017-11-05 17:08","-0.4"
"2017-11-05 17:28","-0.6"
"2017-11-05 17:48","-0.4"
"2017-11-05 18:08","-0.6"
"2017-11-05 18:28","-1.3"
"2017-11-05 18:48","-1.5"
"2017-11-05 19:08","-1.8"
"2017-11-05 19:28","-1.9"
"2017-11-05 19:48","-2.1"
"2017-11-05 20:08","-2.3"
"2017-11-05 20:28","-2.6"
"2017-11-05 20:48","-2.9"
"2017-11-05 21:08","-3.2"
"2017-11-05 21:28","-3.6"
"2017-11-05 21:48","-4.0"
"2017-11-05 22:08","-4.2"
"2017-11-05 22:28","-4.5"
"2017-11-05 22:48","-4.7"
"2017-11-05 23:08","-4.8"
"2017-11-05 23:28","-4.9"
"2017-11-05 23:48","-5.0"
"2017-11-06 00:08","-5.2"
"2017-11-06 00:28","-5.2"
"2017-11-06 00:48","-5.3"
"2017-11-06 01:08","-5.3"
"2017-11-06 01:28","-5.3"
"2017-11-06 01:48","-5.4"
"2017-11-06 02:08","-5.3"
"2017-11-06 02:28","-5.5"
"2017-11-06 02:48","-5.9"
"2017-11-06 03:08","-6.5"
"2017-11-06 03:28","-5.9"
"2017-11-06 03:48","-6.0"
"2017-11-06 04:08","-6.4"
"2017-11-06 04:28","-6.3"
"2017-11-06 04:48","-6.3"
"2017-11-06 05:08","-6.1"
"2017-11-06 05:28","-6.1"
"2017-11-06 05:48","-6.3"
"2017-11-06 06:08","-6.3"
"2017-11-06 06:28","-6.3"
"2017-11-06 06:48","-6.4"
"2017-11-06 07:08","-6.3"
"2017-11-06 07:28","-6.4"
"2017-11-06 07:48","-6.4"
"2017-11-06 08:08","-6.4"
"2017-11-06 08:28","-6.3"
"2017-11-06 08:48","-6.2"
"2017-11-06 09:08","-5.9"
"2017-11-06 09:28","-5.7"
"2017-11-06 09:48","-5.5"
"2017-11-06 10:08","-5.3"
"2017-11-06 10:28","-5.0"
"2017-11-06 10:48","-5.0"
"2017-11-06 11:08","-5.0"
"2017-11-06 11:28","-4.9"
"2017-11-06 11:48","-4.4"
"2017-11-06 12:08","-3.6"
"2017-11-06 12:28","-3.5"
"2017-11-06 12:48","-3.6"
"2017-11-06 13:08","-3.7"
"2017-11-06 13:28","-3.7"
"2017-11-06 13:48","-3.8"
"2017-11-06 14:08","-3.7"
"2017-11-06 14:28","-3.9"
"2017-11-06 14:48","-3.9"
"2017-11-06 15:08","-4.1"
"2017-11-06 15:28","-4.2"
"2017-11-06 15:48","-4.2"
"2017-11-06 16:08","-4.4"
"2017-11-06 16:28","-4.5"
"2017-11-06 16:48","-5.1"
"2017-11-06 17:08","-5.4"
"2017-11-06 17:28","-5.6"
"2017-11-06 17:48","-5.6"
"2017-11-06 18:08","-5.8"
"2017-11-06 18:28","-6.1"
"2017-11-06 18:48","-6.3"
"2017-11-06 19:08","-8.2"
"2017-11-06 19:28","-8.4"
"2017-11-06 19:48","-7.5"
"2017-11-06 20:08","-7.5"
"2017-11-06 20:28","-7.2"
"2017-11-06 20:48","-7.9"
"2017-11-06 21:08","-9.5"
"2017-11-06 21:28","-8.3"
"2017-11-06 21:48","-8.1"
"2017-11-06 22:08","-7.4"
"2017-11-06 22:28","-7.4"
"2017-11-06 22:48","-7.3"
"2017-11-06 23:08","-7.2"
"2017-11-06 23:28","-7.0"
"2017-11-06 23:48","-7.0"
"2017-11-07 00:08","-7.1"
"2017-11-07 00:28","-7.3"
"2017-11-07 00:48","-6.5"
"2017-11-07 01:08","-6.3"
"2017-11-07 01:28","-6.5"
"2017-11-07 01:48","-6.7"
"2017-11-07 02:08","-7.3"
"2017-11-07 02:28","-7.2"
"2017-11-07 02:48","-7.5"
"2017-11-07 03:08","-7.1"
"2017-11-07 03:28","-7.2"
"2017-11-07 03:48","-7.2"
"2017-11-07 04:08","-7.3"
"2017-11-07 04:28","-7.2"
"2017-11-07 04:48","-7.4"
"2017-11-07 05:08","-7.5"
"2017-11-07 05:28","-7.4"
"2017-11-07 05:48","-7.8"
"2017-11-07 06:08","-8.1"
"2017-11-07 06:28","-7.9"
"2017-11-07 06:48","-8.1"
"2017-11-07 07:08","-8.3"
"2017-11-07 07:28","-8.2"
"2017-11-07 07:48","-8.4"
"2017-11-07 08:08","-8.7"
"2017-11-07 08:28","-8.7"
"2017-11-07 08:48","-8.5"
"2017-11-07 09:08","-8.4"
"2017-11-07 09:28","-8.3"
"2017-11-07 09:48","-8.0"
"2017-11-07 10:08","-7.9"
"2017-11-07 10:28","-7.8"
"2017-11-07 10:48","-8.0"
"2017-11-07 11:08","-7.9"
"2017-11-07 11:28","-7.0"
"2017-11-07 11:48","-7.4"
"2017-11-07 12:08","-7.3"
"2017-11-07 12:28","-6.9"
"2017-11-07 12:48","-7.2"
"2017-11-07 13:08","-6.9"
"2017-11-07 13:28","-6.7"
"2017-11-07 13:48","-6.4"
"2017-11-07 14:08","-6.2"
"2017-11-07 14:28","-6.0"
"2017-11-07 14:48","-5.9"
"2017-11-07 15:08","-5.8"
"2017-11-07 15:28","-5.6"
"2017-11-07 15:48","-5.6"
"2017-11-07 16:08","-5.6"
"2017-11-07 16:28","-5.8"
"2017-11-07 16:48","-6.0"
"2017-11-07 17:08","-6.0"
"2017-11-07 17:28","-6.2"
"2017-11-07 17:48","-6.3"
"2017-11-07 18:08","-6.6"
"2017-11-07 18:28","-6.7"
"2017-11-07 18:48","-6.9"
"2017-11-07 19:08","-6.6"
"2017-11-07 19:28","-6.6"
"2017-11-07 19:48","-6.4"
"2017-11-07 20:08","-6.4"
"2017-11-07 20:28","-6.3"
"2017-11-07 20:48","-6.3"
"2017-11-07 21:08","-6.2"
"2017-11-07 21:28","-6.3"
"2017-11-07 21:48","-6.3"
"2017-11-07 22:08","-6.3"
"2017-11-07 22:28","-6.4"
"2017-11-07 22:48","-6.4"
"2017-11-07 23:08","-6.4"
"2017-11-07 23:28","-6.4"
"2017-11-07 23:48","-6.3"
"2017-11-08 00:08","-6.2"
"2017-11-08 00:28","-6.1"
"2017-11-08 00:48","-6.0"
"2017-11-08 01:08","-6.0"
"2017-11-08 01:28","-5.9"
"2017-11-08 01:48","-5.9"
"2017-11-08 02:08","-5.9"
"2017-11-08 02:28","-5.8"
"2017-11-08 02:48","-5.7"
"2017-11-08 03:08","-5.8"
"2017-11-08 03:28","-5.9"
"2017-11-08 03:48","-5.9"
"2017-11-08 04:08","-5.9"
"2017-11-08 04:28","-5.9"
"2017-11-08 04:48","-5.9"
"2017-11-08 05:08","-6.0"
"2017-11-08 05:28","-5.9"
"2017-11-08 05:48","-5.9"
"2017-11-08 06:08","-6.0"
"2017-11-08 06:28","-6.0"
"2017-11-08 06:48","-6.0"
"2017-11-08 07:08","-5.9"
"2017-11-08 07:28","-6.0"
"2017-11-08 07:48","-6.0"
"2017-11-08 08:08","-6.1"
"2017-11-08 08:28","-6.0"
"2017-11-08 08:48","-5.9"
"2017-11-08 09:08","-5.7"
"2017-11-08 09:28","-5.6"
"2017-11-08 09:48","-5.5"
"2017-11-08 10:08","-5.2"
"2017-11-08 10:28","-5.3"
"2017-11-08 10:48","-5.2"
"2017-11-08 11:08","-5.1"
"2017-11-08 11:28","-5.0"
"2017-11-08 11:48","-4.9"
"2017-11-08 12:08","-4.9"
"2017-11-08 12:29","-5.1"
"2017-11-08 12:48","-5.0"
"2017-11-08 13:08","-4.6"
"2017-11-08 13:28","-4.5"
"2017-11-08 13:48","-4.3"
"2017-11-08 14:08","-4.3"
"2017-11-08 14:28","-5.3"
"2017-11-08 14:48","-5.8"
"2017-11-08 15:08","-6.4"
"2017-11-08 15:28","-6.8"
"2017-11-08 15:48","-7.1"
"2017-11-08 16:08","-7.4"
"2017-11-08 16:28","-7.8"
"2017-11-08 16:48","-8.1"
"2017-11-08 17:08","-8.3"
"2017-11-08 17:28","-8.6"
"2017-11-08 17:48","-8.7"
"2017-11-08 18:08","-8.7"
"2017-11-08 18:28","-8.7"
"2017-11-08 18:48","-8.8"
"2017-11-08 19:08","-8.9"
"2017-11-08 19:28","-9.1"
"2017-11-08 19:48","-9.6"
"2017-11-08 20:08","-10.0"
"2017-11-08 20:28","-10.5"
"2017-11-08 20:48","-11.0"
"2017-11-08 21:08","-11.3"
"2017-11-08 21:28","-11.4"
"2017-11-08 21:48","-11.7"
"2017-11-08 22:08","-11.9"
"2017-11-08 22:28","-12.1"
"2017-11-08 22:48","-12.2"
"2017-11-08 23:08","-12.4"
"2017-11-08 23:28","-12.6"
"2017-11-08 23:48","-12.9"
"2017-11-09 00:08","-13.0"
"2017-11-09 00:28","-13.3"
"2017-11-09 00:48","-13.6"
"2017-11-09 01:08","-13.8"
"2017-11-09 01:28","-14.1"
"2017-11-09 01:48","-14.3"
"2017-11-09 02:08","-14.7"
"2017-11-09 02:28","-15.2"
"2017-11-09 02:48","-15.9"
"2017-11-09 03:08","-17.0"
"2017-11-09 03:28","-18.1"
"2017-11-09 03:48","-18.8"
"2017-11-09 04:08","-19.6"
"2017-11-09 04:28","-19.7"
"2017-11-09 04:48","-20.2"
"2017-11-09 05:08","-20.7"
"2017-11-09 05:28","-21.4"
"2017-11-09 05:48","-21.8"
"2017-11-09 06:08","-21.9"
"2017-11-09 06:28","-21.4"
"2017-11-09 06:48","-21.2"
"2017-11-09 07:08","-21.7"
"2017-11-09 07:28","-21.3"
"2017-11-09 07:48","-21.8"
"2017-11-09 08:08","-21.8"
"2017-11-09 08:28","-21.2"
"2017-11-09 08:48","-20.3"
"2017-11-09 09:08","-19.9"
"2017-11-09 09:28","-19.6"
"2017-11-09 09:48","-19.2"
"2017-11-09 10:08","-18.2"
"2017-11-09 10:28","-17.4"
"2017-11-09 10:48","-16.9"
"2017-11-09 11:08","-16.6"
"2017-11-09 11:28","-16.7"
"2017-11-09 11:48","-16.1"
"2017-11-09 12:08","-16.4"
"2017-11-09 12:28","-16.1"
"2017-11-09 12:48","-16.6"
"2017-11-09 13:08","-16.6"
"2017-11-09 13:28","-16.4"
"2017-11-09 13:48","-16.4"
"2017-11-09 14:08","-16.1"
"2017-11-09 14:28","-16.6"
"2017-11-09 14:48","-16.6"
"2017-11-09 15:08","-16.7"
"2017-11-09 15:28","-16.8"
"2017-11-09 15:48","-16.7"
"2017-11-09 16:08","-16.8"
"2017-11-09 16:28","-17.0"
"2017-11-09 16:48","-17.3"
"2017-11-09 17:08","-17.7"
"2017-11-09 17:28","-17.8"
"2017-11-09 17:48","-18.0"
"2017-11-09 18:08","-18.1"
"2017-11-09 18:28","-18.3"
"2017-11-09 18:48","-18.5"
"2017-11-09 19:08","-18.8"
"2017-11-09 19:28","-18.7"
"2017-11-09 19:48","-18.8"
"2017-11-09 20:08","-18.8"
"2017-11-09 20:28","-18.9"
"2017-11-09 20:48","-18.8"
"2017-11-09 21:08","-18.8"
"2017-11-09 21:28","-18.9"
"2017-11-09 21:48","-19.0"
"2017-11-09 22:08","-19.1"
"2017-11-09 22:28","-18.8"
"2017-11-09 22:48","-19.0"
"2017-11-09 23:08","-19.2"
"2017-11-09 23:28","-19.8"
"2017-11-09 23:48","-20.2"
"2017-11-10 00:08","-20.1"
"2017-11-10 00:28","-20.1"
"2017-11-10 00:48","-20.2"
"2017-11-10 01:08","-20.7"
"2017-11-10 01:28","-21.2"
"2017-11-10 01:48","-21.2"
"2017-11-10 02:08","-20.8"
"2017-11-10 02:28","-20.3"
"2017-11-10 02:48","-20.2"
"2017-11-10 03:08","-20.3"
"2017-11-10 03:28","-20.2"
"2017-11-10 03:48","-20.2"
"2017-11-10 04:08","-20.3"
"2017-11-10 04:28","-20.1"
"2017-11-10 04:48","-19.8"
"2017-11-10 05:08","-19.8"
"2017-11-10 05:28","-19.9"
"2017-11-10 05:48","-20.0"
"2017-11-10 06:08","-20.2"
"2017-11-10 06:28","-20.3"
"2017-11-10 06:48","-19.9"
"2017-11-10 07:08","-19.9"
"2017-11-10 07:28","-20.3"
"2017-11-10 07:48","-20.3"
"2017-11-10 08:08","-20.3"
"2017-11-10 08:28","-20.2"
"2017-11-10 08:48","-19.7"
"2017-11-10 09:08","-19.1"
"2017-11-10 09:28","-18.4"
"2017-11-10 09:48","-17.7"
"2017-11-10 10:08","-16.9"
"2017-11-10 10:28","-16.1"
"2017-11-10 10:48","-15.2"
"2017-11-10 11:08","-14.8"
"2017-11-10 11:28","-14.1"
"2017-11-10 11:48","-13.4"
"2017-11-10 12:08","-13.3"
"2017-11-10 12:28","-12.4"
"2017-11-10 12:48","-12.3"
"2017-11-10 13:08","-11.6"
"2017-11-10 13:28","-11.4"
"2017-11-10 13:48","-10.8"
"2017-11-10 14:08","-10.6"
"2017-11-10 14:28","-10.4"
"2017-11-10 14:48","-9.9"
"2017-11-10 15:08","-9.8"
"2017-11-10 15:28","-9.6"
"2017-11-10 15:48","-9.4"
"2017-11-10 16:08","-10.0"
"2017-11-10 16:28","-11.6"
"2017-11-10 16:48","-13.1"
"2017-11-10 17:08","-13.3"
"2017-11-10 17:28","-14.6"
"2017-11-10 17:48","-15.2"
"2017-11-10 18:08","-16.0"
"2017-11-10 18:28","-16.4"
"2017-11-10 18:48","-16.8"
"2017-11-10 19:08","-17.1"
"2017-11-10 19:28","-17.1"
"2017-11-10 19:48","-17.2"
"2017-11-10 20:08","-17.8"
"2017-11-10 20:28","-17.7"
"2017-11-10 20:48","-18.1"
"2017-11-10 21:08","-16.4"
"2017-11-10 21:28","-14.7"
"2017-11-10 21:48","-14.3"
"2017-11-10 22:08","-13.8"
"2017-11-10 22:28","-13.9"
"2017-11-10 22:48","-13.5"
"2017-11-10 23:08","-13.1"
"2017-11-10 23:28","-12.9"
"2017-11-10 23:48","-12.0"
"2017-11-11 00:08","-11.6"
"2017-11-11 00:28","-11.3"
"2017-11-11 00:48","-11.0"
"2017-11-11 01:08","-10.6"
"2017-11-11 01:28","-10.1"
"2017-11-11 01:48","-8.8"
"2017-11-11 02:08","-8.2"
"2017-11-11 02:28","-7.9"
"2017-11-11 02:48","-7.9"
"2017-11-11 03:08","-7.8"
"2017-11-11 03:28","-8.0"
"2017-11-11 03:48","-8.1"
"2017-11-11 04:08","-7.7"
"2017-11-11 04:28","-7.3"
"2017-11-11 04:48","-7.2"
"2017-11-11 05:08","-7.1"
"2017-11-11 05:28","-6.9"
"2017-11-11 05:48","-6.7"
"2017-11-11 06:08","-6.4"
"2017-11-11 06:28","-6.1"
"2017-11-11 06:48","-6.0"
"2017-11-11 07:08","-5.8"
"2017-11-11 07:28","-5.7"
"2017-11-11 07:48","-5.5"
"2017-11-11 08:08","-5.3"
"2017-11-11 08:28","-5.1"
"2017-11-11 08:48","-4.8"
"2017-11-11 09:08","-4.5"
"2017-11-11 09:28","-4.4"
"2017-11-11 09:48","-4.1"
"2017-11-11 10:08","-4.0"
"2017-11-11 10:28","-3.8"
"2017-11-11 10:48","-3.7"
"2017-11-11 11:08","-3.5"
"2017-11-11 11:28","-3.4"
"2017-11-11 11:48","-3.0"
"2017-11-11 12:08","-2.7"
"2017-11-11 12:28","-2.2"
"2017-11-11 12:48","-1.9"
"2017-11-11 13:08","-1.7"
"2017-11-11 13:28","-1.6"
"2017-11-11 13:48","-1.5"
"2017-11-11 14:08","-1.5"
"2017-11-11 14:28","-1.5"
"2017-11-11 14:48","-1.4"
"2017-11-11 15:08","-1.5"
"2017-11-11 15:28","-1.5"
"2017-11-11 15:48","-1.5"
"2017-11-11 16:08","-1.6"
"2017-11-11 16:28","-1.6"
"2017-11-11 16:48","-1.6"
"2017-11-11 17:08","-1.6"
"2017-11-11 17:28","-1.7"
"2017-11-11 17:48","-1.8"
"2017-11-11 18:08","-1.9"
"2017-11-11 18:28","-1.9"
"2017-11-11 18:48","-2.1"
"2017-11-11 19:08","-2.0"
"2017-11-11 19:28","-2.1"
"2017-11-11 19:48","-2.2"
"2017-11-11 20:08","-2.3"
"2017-11-11 20:28","-2.4"
"2017-11-11 20:48","-2.5"
"2017-11-11 21:08","-2.5"
"2017-11-11 21:28","-2.5"
"2017-11-11 21:48","-2.6"
"2017-11-11 22:08","-2.6"
"2017-11-11 22:28","-2.7"
"2017-11-11 22:48","-2.9"
"2017-11-11 23:08","-3.0"
"2017-11-11 23:28","-3.1"
"2017-11-11 23:48","-3.3"
"2017-11-12 00:08","-3.4"
"2017-11-12 00:28","-3.6"
"2017-11-12 00:48","-3.9"
"2017-11-12 01:08","-4.0"
"2017-11-12 01:28","-4.1"
"2017-11-12 01:48","-4.2"
"2017-11-12 02:08","-4.3"
"2017-11-12 02:28","-4.4"
"2017-11-12 02:48","-4.5"
"2017-11-12 03:08","-4.7"
"2017-11-12 03:28","-4.8"
"2017-11-12 03:48","-4.9"
"2017-11-12 04:08","-5.1"
"2017-11-12 04:28","-5.2"
"2017-11-12 04:48","-5.2"
"2017-11-12 05:08","-5.4"
"2017-11-12 05:28","-5.4"
"2017-11-12 05:48","-5.4"
"2017-11-12 06:08","-5.4"
"2017-11-12 06:28","-5.5"
"2017-11-12 06:48","-5.5"
"2017-11-12 07:08","-5.6"
"2017-11-12 07:28","-5.5"
"2017-11-12 07:48","-5.6"
"2017-11-12 08:08","-5.5"
"2017-11-12 08:28","-5.4"
"2017-11-12 08:48","-5.4"
"2017-11-12 09:08","-5.3"
"2017-11-12 09:28","-5.1"
"2017-11-12 09:48","-5.0"
"2017-11-12 10:08","-4.8"
"2017-11-12 10:28","-4.7"
"2017-11-12 10:48","-4.5"
"2017-11-12 11:08","-4.3"
"2017-11-12 11:28","-4.1"
"2017-11-12 11:48","-4.0"
"2017-11-12 12:08","-3.8"
"2017-11-12 12:28","-3.6"
"2017-11-12 12:48","-3.4"
"2017-11-12 13:08","-3.3"
"2017-11-12 13:28","-3.3"
"2017-11-12 13:48","-3.2"
"2017-11-12 14:08","-3.1"
"2017-11-12 14:28","-3.1"
"2017-11-12 14:48","-3.0"
"2017-11-12 15:08","-2.9"
"2017-11-12 15:28","-2.9"
"2017-11-12 15:48","-2.9"
"2017-11-12 16:08","-2.9"
"2017-11-12 16:28","-2.9"
"2017-11-12 16:48","-3.0"
"2017-11-12 17:08","-3.0"
"2017-11-12 17:28","-3.0"
"2017-11-12 17:48","-3.0"
"2017-11-12 18:08","-3.0"
"2017-11-12 18:28","-3.0"
"2017-11-12 18:48","-3.0"
"2017-11-12 19:08","-3.0"
"2017-11-12 19:28","-3.0"
"2017-11-12 19:48","-2.9"
"2017-11-12 20:08","-2.9"
"2017-11-12 20:28","-3.1"
"2017-11-12 20:48","-3.2"
"2017-11-12 21:08","-3.3"
"2017-11-12 21:28","-3.4"
"2017-11-12 21:48","-3.4"
"2017-11-12 22:08","-3.5"
"2017-11-12 22:28","-3.6"
"2017-11-12 22:48","-3.7"
"2017-11-12 23:08","-3.7"
"2017-11-12 23:28","-3.7"
"2017-11-12 23:48","-3.8"
"2017-11-13 00:08","-3.8"
"2017-11-13 00:28","-3.8"
"2017-11-13 00:48","-3.8"
"2017-11-13 01:08","-4.2"
"2017-11-13 01:28","-4.5"
"2017-11-13 01:48","-4.6"
"2017-11-13 02:08","-4.7"
"2017-11-13 02:28","-4.8"
"2017-11-13 02:48","-4.8"
"2017-11-13 03:08","-4.9"
"2017-11-13 03:28","-5.0"
"2017-11-13 03:48","-5.1"
"2017-11-13 04:08","-5.3"
"2017-11-13 04:28","-5.5"
"2017-11-13 04:48","-5.5"
"2017-11-13 05:08","-5.6"
"2017-11-13 05:28","-5.7"
"2017-11-13 05:48","-5.7"
"2017-11-13 06:08","-5.8"
"2017-11-13 06:28","-5.8"
"2017-11-13 06:48","-5.9"
"2017-11-13 07:08","-6.1"
"2017-11-13 07:28","-6.2"
"2017-11-13 07:48","-6.4"
"2017-11-13 08:08","-6.5"
"2017-11-13 08:28","-6.5"
"2017-11-13 08:48","-6.4"
"2017-11-13 09:08","-6.4"
"2017-11-13 09:28","-6.4"
"2017-11-13 09:48","-6.4"
"2017-11-13 10:08","-6.2"
"2017-11-13 10:28","-5.9"
"2017-11-13 10:48","-5.8"
"2017-11-13 11:08","-5.5"
"2017-11-13 11:28","-5.4"
"2017-11-13 11:48","-5.5"
"2017-11-13 12:08","-4.8"
"2017-11-13 12:28","-4.3"
"2017-11-13 12:48","-4.5"
"2017-11-13 13:08","-4.1"
"2017-11-13 13:28","-4.1"
"2017-11-13 13:48","-3.8"
"2017-11-13 14:08","-3.9"
"2017-11-13 14:28","-3.8"
"2017-11-13 14:48","-3.8"
"2017-11-13 15:08","-3.4"
"2017-11-13 15:28","-3.5"
"2017-11-13 15:48","-3.6"
"2017-11-13 16:08","-3.9"
"2017-11-13 16:28","-4.1"
"2017-11-13 16:48","-4.2"
"2017-11-13 17:08","-4.4"
"2017-11-13 17:28","-4.5"
"2017-11-13 17:48","-4.6"
"2017-11-13 18:08","-4.8"
"2017-11-13 18:28","-4.8"
"2017-11-13 18:48","-4.8"
"2017-11-13 19:08","-4.9"
"2017-11-13 19:28","-4.9"
"2017-11-13 19:48","-4.9"
"2017-11-13 20:08","-4.9"
"2017-11-13 20:28","-5.0"
"2017-11-13 20:48","-5.0"
"2017-11-13 21:08","-5.1"
"2017-11-13 21:28","-5.0"
"2017-11-13 21:48","-5.0"
"2017-11-13 22:08","-5.0"
"2017-11-13 22:28","-4.9"
"2017-11-13 22:48","-4.9"
"2017-11-13 23:08","-4.9"
"2017-11-13 23:28","-4.8"
"2017-11-13 23:48","-4.8"
"2017-11-14 00:08","-4.7"
"2017-11-14 00:28","-4.6"
"2017-11-14 00:48","-4.5"
"2017-11-14 01:08","-4.3"
"2017-11-14 01:28","-4.2"
"2017-11-14 01:48","-4.1"
"2017-11-14 02:08","-3.9"
"2017-11-14 02:28","-3.7"
"2017-11-14 02:48","-3.5"
"2017-11-14 03:08","-3.3"
"2017-11-14 03:28","-3.1"
"2017-11-14 03:48","-2.9"
"2017-11-14 04:08","-2.8"
"2017-11-14 04:28","-2.7"
"2017-11-14 04:48","-2.7"
"2017-11-14 05:08","-2.6"
"2017-11-14 05:28","-2.7"
"2017-11-14 05:48","-2.6"
"2017-11-14 06:08","-2.3"
"2017-11-14 06:28","-2.5"
"2017-11-14 06:48","-2.4"
"2017-11-14 07:08","-1.7"
"2017-11-14 07:28","-1.5"
"2017-11-14 07:48","-1.1"
"2017-11-14 08:08","-0.7"
"2017-11-14 08:28","-0.5"
"2017-11-14 08:48","-0.5"
"2017-11-14 09:08","-0.2"
"2017-11-14 09:28","-0.1"
"2017-11-14 09:48","0.1"
"2017-11-14 10:08","0.2"
"2017-11-14 10:28","0.6"
"2017-11-14 10:48","1.3"
"2017-11-14 11:08","1.6"
"2017-11-14 11:28","1.6"
"2017-11-14 11:48","1.5"
"2017-11-14 12:08","1.5"
"2017-11-14 12:28","1.5"
"2017-11-14 12:48","1.5"
"2017-11-14 13:08","1.9"
"2017-11-14 13:28","1.7"
"2017-11-14 13:48","1.6"
"2017-11-14 14:08","1.5"
"2017-11-14 14:28","1.3"
"2017-11-14 14:48","1.3"
"2017-11-14 15:08","1.4"
"2017-11-14 15:28","1.5"
"2017-11-14 15:48","1.5"
"2017-11-14 16:08","1.4"
"2017-11-14 16:28","1.4"
"2017-11-14 16:48","1.5"
"2017-11-14 17:08","1.5"
"2017-11-14 17:28","1.6"
"2017-11-14 17:48","1.7"
"2017-11-14 18:08","1.7"
"2017-11-14 18:28","1.7"
"2017-11-14 18:48","1.8"
"2017-11-14 19:08","1.8"
"2017-11-14 19:28","1.8"
"2017-11-14 19:48","1.8"
"2017-11-14 20:08","1.7"
"2017-11-14 20:28","1.7"
"2017-11-14 20:48","1.7"
"2017-11-14 21:08","1.7"
"2017-11-14 21:28","1.6"
"2017-11-14 21:48","1.7"
"2017-11-14 22:08","1.8"
"2017-11-14 22:28","1.8"
"2017-11-14 22:48","1.6"
"2017-11-14 23:08","1.8"
"2017-11-14 23:28","1.8"
"2017-11-14 23:48","1.7"
"2017-11-15 00:08","1.7"
"2017-11-15 00:28","1.6"
"2017-11-15 00:48","1.4"
"2017-11-15 01:08","1.5"
"2017-11-15 01:28","1.6"
"2017-11-15 01:48","1.9"
"2017-11-15 02:08","1.9"
"2017-11-15 02:28","1.8"
"2017-11-15 02:48","1.8"
"2017-11-15 03:08","1.8"
"2017-11-15 03:28","1.7"
"2017-11-15 03:48","1.6"
"2017-11-15 04:08","1.5"
"2017-11-15 04:28","1.5"
"2017-11-15 04:48","1.3"
"2017-11-15 05:08","1.5"
"2017-11-15 05:28","1.5"
"2017-11-15 05:48","1.5"
"2017-11-15 06:08","1.6"
"2017-11-15 06:28","1.5"
"2017-11-15 06:48","1.3"
"2017-11-15 07:08","0.9"
"2017-11-15 07:28","1.1"
"2017-11-15 07:48","0.9"
"2017-11-15 08:08","1.1"
"2017-11-15 08:28","1.0"
"2017-11-15 08:48","1.2"
"2017-11-15 09:08","1.4"
"2017-11-15 09:28","1.5"
"2017-11-15 09:48","1.6"
"2017-11-15 10:08","1.7"
"2017-11-15 10:28","1.7"
"2017-11-15 10:48","1.8"
"2017-11-15 11:08","1.8"
"2017-11-15 11:28","1.9"
"2017-11-15 11:48","2.0"
"2017-11-15 12:08","2.0"
"2017-11-15 12:28","2.0"
"2017-11-15 12:48","1.9"
"2017-11-15 13:08","1.8"
"2017-11-15 13:28","1.7"
"2017-11-15 13:48","1.6"
"2017-11-15 14:08","0.6"
"2017-11-15 14:28","-0.1"
"2017-11-15 14:48","-0.3"
"2017-11-15 15:08","-0.6"
"2017-11-15 15:28","-1.0"
"2017-11-15 15:48","-1.8"
"2017-11-15 16:08","-2.1"
"2017-11-15 16:28","-2.5"
"2017-11-15 16:48","-2.8"
"2017-11-15 17:08","-3.1"
"2017-11-15 17:28","-3.3"
"2017-11-15 17:48","-3.5"
"2017-11-15 18:08","-3.6"
"2017-11-15 18:28","-3.8"
"2017-11-15 18:48","-3.9"
"2017-11-15 19:08","-4.0"
"2017-11-15 19:28","-4.1"
"2017-11-15 19:48","-4.3"
"2017-11-15 20:08","-4.4"
"2017-11-15 20:28","-4.5"
"2017-11-15 20:48","-4.8"
"2017-11-15 21:08","-5.1"
"2017-11-15 21:28","-5.3"
"2017-11-15 21:48","-5.5"
"2017-11-15 22:08","-5.7"
"2017-11-15 22:28","-5.9"
"2017-11-15 22:48","-6.3"
"2017-11-15 23:08","-6.6"
"2017-11-15 23:28","-6.7"
"2017-11-15 23:48","-6.9"
"2017-11-16 00:08","-7.0"
"2017-11-16 00:28","-7.1"
"2017-11-16 00:48","-7.4"
"2017-11-16 01:08","-7.8"
"2017-11-16 01:28","-8.0"
"2017-11-16 01:48","-8.1"
"2017-11-16 02:08","-8.3"
"2017-11-16 02:28","-8.4"
"2017-11-16 02:48","-8.5"
"2017-11-16 03:08","-8.6"
"2017-11-16 03:28","-8.8"
"2017-11-16 03:48","-8.9"
"2017-11-16 04:08","-9.1"
"2017-11-16 04:28","-9.3"
"2017-11-16 04:48","-9.5"
"2017-11-16 05:08","-9.7"
"2017-11-16 05:28","-9.8"
"2017-11-16 05:48","-9.8"
"2017-11-16 06:08","-10.0"
"2017-11-16 06:28","-10.2"
"2017-11-16 06:48","-10.3"
"2017-11-16 07:08","-10.4"
"2017-11-16 07:28","-10.5"
"2017-11-16 07:48","-10.6"
"2017-11-16 08:08","-10.9"
"2017-11-16 08:28","-10.7"
"2017-11-16 08:48","-10.5"
"2017-11-16 09:08","-10.2"
"2017-11-16 09:28","-10.0"
"2017-11-16 09:48","-9.8"
"2017-11-16 10:08","-9.6"
"2017-11-16 10:28","-9.3"
"2017-11-16 10:48","-9.0"
"2017-11-16 11:08","-8.9"
"2017-11-16 11:28","-8.6"
"2017-11-16 11:48","-8.4"
"2017-11-16 12:08","-8.3"
"2017-11-16 12:28","-8.1"
"2017-11-16 12:48","-7.9"
"2017-11-16 13:08","-7.7"
"2017-11-16 13:28","-7.7"
"2017-11-16 13:48","-7.5"
"2017-11-16 14:08","-7.6"
"2017-11-16 14:28","-7.9"
"2017-11-16 14:48","-7.8"
"2017-11-16 15:08","-7.8"
"2017-11-16 15:28","-8.1"
"2017-11-16 15:48","-8.1"
"2017-11-16 16:08","-8.7"
"2017-11-16 16:28","-8.6"
"2017-11-16 16:48","-8.6"
"2017-11-16 17:08","-8.8"
"2017-11-16 17:28","-9.2"
"2017-11-16 17:48","-9.2"
"2017-11-16 18:08","-9.3"
"2017-11-16 18:28","-9.4"
"2017-11-16 18:48","-9.5"
"2017-11-16 19:08","-9.6"
"2017-11-16 19:28","-9.7"
"2017-11-16 19:48","-10.4"
"2017-11-16 20:08","-11.0"
"2017-11-16 20:28","-11.5"
"2017-11-16 20:48","-12.1"
"2017-11-16 21:08","-12.2"
"2017-11-16 21:28","-13.0"
"2017-11-16 21:48","-13.6"
"2017-11-16 22:08","-14.6"
"2017-11-16 22:28","-15.9"
"2017-11-16 22:48","-15.6"
"2017-11-16 23:08","-15.8"
"2017-11-16 23:28","-15.7"
"2017-11-16 23:48","-16.7"
"2017-11-17 00:08","-15.3"
"2017-11-17 00:28","-14.0"
"2017-11-17 00:48","-13.4"
"2017-11-17 01:08","-13.1"
"2017-11-17 01:28","-13.1"
"2017-11-17 01:48","-13.4"
"2017-11-17 02:08","-13.3"
"2017-11-17 02:28","-13.3"
"2017-11-17 02:48","-13.1"
"2017-11-17 03:08","-13.0"
"2017-11-17 03:28","-13.0"
"2017-11-17 03:48","-12.7"
"2017-11-17 04:08","-12.7"
"2017-11-17 04:28","-12.5"
"2017-11-17 04:48","-12.3"
"2017-11-17 05:08","-12.2"
"2017-11-17 05:28","-12.0"
"2017-11-17 05:48","-11.7"
"2017-11-17 06:08","-11.4"
"2017-11-17 06:28","-10.9"
"2017-11-17 06:48","-10.4"
"2017-11-17 07:08","-10.2"
"2017-11-17 07:28","-10.1"
"2017-11-17 07:48","-9.8"
"2017-11-17 08:08","-9.5"
"2017-11-17 08:28","-9.0"
"2017-11-17 08:48","-8.7"
"2017-11-17 09:08","-8.5"
"2017-11-17 09:28","-8.2"
"2017-11-17 09:48","-7.7"
"2017-11-17 10:08","-7.5"
"2017-11-17 10:28","-7.3"
"2017-11-17 10:48","-6.9"
"2017-11-17 11:08","-6.7"
"2017-11-17 11:28","-6.3"
"2017-11-17 11:48","-6.1"
"2017-11-17 12:08","-5.8"
"2017-11-17 12:28","-5.5"
"2017-11-17 12:48","-5.2"
"2017-11-17 13:08","-4.9"
"2017-11-17 13:28","-4.6"
"2017-11-17 13:48","-4.4"
"2017-11-17 14:08","-4.2"
"2017-11-17 14:28","-4.5"
"2017-11-17 14:48","-4.6"
"2017-11-17 15:08","-4.5"
"2017-11-17 15:28","-4.3"
"2017-11-17 15:48","-4.1"
"2017-11-17 16:08","-3.9"
"2017-11-17 16:28","-3.6"
"2017-11-17 16:48","-3.5"
"2017-11-17 17:08","-3.5"
"2017-11-17 17:28","-3.4"
"2017-11-17 17:48","-3.4"
"2017-11-17 18:08","-3.4"
"2017-11-17 18:28","-3.4"
"2017-11-17 18:48","-3.5"
"2017-11-17 19:08","-3.6"
"2017-11-17 19:28","-3.7"
"2017-11-17 19:48","-3.6"
"2017-11-17 20:08","-3.6"
"2017-11-17 20:28","-3.5"
"2017-11-17 20:48","-3.4"
"2017-11-17 21:08","-3.3"
"2017-11-17 21:28","-3.2"
"2017-11-17 21:48","-3.1"
"2017-11-17 22:08","-3.0"
"2017-11-17 22:28","-2.9"
"2017-11-17 22:48","-2.7"
"2017-11-17 23:08","-2.5"
"2017-11-17 23:28","-2.6"
"2017-11-17 23:48","-2.8"
"2017-11-18 00:08","-2.6"
"2017-11-18 00:28","-2.6"
"2017-11-18 00:48","-2.6"
"2017-11-18 01:08","-2.5"
"2017-11-18 01:28","-2.5"
"2017-11-18 01:48","-2.6"
"2017-11-18 02:08","-2.7"
"2017-11-18 02:28","-2.6"
"2017-11-18 02:48","-2.5"
"2017-11-18 03:08","-2.4"
"2017-11-18 03:28","-2.5"
"2017-11-18 03:48","-2.6"
"2017-11-18 04:08","-2.7"
"2017-11-18 04:28","-2.7"
"2017-11-18 04:48","-2.4"
"2017-11-18 05:08","-1.6"
"2017-11-18 05:28","-1.9"
"2017-11-18 05:48","-2.1"
"2017-11-18 06:08","-2.2"
"2017-11-18 06:28","-2.4"
"2017-11-18 06:48","-2.5"
"2017-11-18 07:08","-2.7"
"2017-11-18 07:28","-3.1"
"2017-11-18 07:48","-3.1"
"2017-11-18 08:08","-3.2"
"2017-11-18 08:28","-3.3"
"2017-11-18 08:48","-3.3"
"2017-11-18 09:08","-3.4"
"2017-11-18 09:28","-3.5"
"2017-11-18 09:48","-3.5"
"2017-11-18 10:08","-3.6"
"2017-11-18 10:28","-4.1"
"2017-11-18 10:48","-4.4"
"2017-11-18 11:08","-4.7"
"2017-11-18 11:28","-4.8"
"2017-11-18 11:48","-5.0"
"2017-11-18 12:08","-5.1"
"2017-11-18 12:28","-5.1"
"2017-11-18 12:48","-5.2"
"2017-11-18 13:08","-5.4"
"2017-11-18 13:28","-5.3"
"2017-11-18 13:48","-5.3"
"2017-11-18 14:08","-6.1"
"2017-11-18 14:28","-6.4"
"2017-11-18 14:48","-6.7"
"2017-11-18 15:08","-6.4"
"2017-11-18 15:28","-6.8"
"2017-11-18 15:48","-6.9"
"2017-11-18 16:08","-6.9"
"2017-11-18 16:28","-7.2"
"2017-11-18 16:48","-7.2"
"2017-11-18 17:08","-7.4"
"2017-11-18 17:28","-7.4"
"2017-11-18 17:48","-7.7"
"2017-11-18 18:08","-8.0"
"2017-11-18 18:28","-8.0"
"2017-11-18 18:48","-8.3"
"2017-11-18 19:08","-8.4"
"2017-11-18 19:28","-8.7"
"2017-11-18 19:48","-8.8"
"2017-11-18 20:08","-8.9"
"2017-11-18 20:28","-9.2"
"2017-11-18 20:48","-9.3"
"2017-11-18 21:08","-9.4"
"2017-11-18 21:28","-9.4"
"2017-11-18 21:48","-9.5"
"2017-11-18 22:08","-9.6"
"2017-11-18 22:28","-9.7"
"2017-11-18 22:48","-9.7"
"2017-11-18 23:08","-9.8"
"2017-11-18 23:28","-9.9"
"2017-11-18 23:48","-9.9"
"2017-11-19 00:08","-9.9"
"2017-11-19 00:28","-9.9"
"2017-11-19 00:48","-9.9"
"2017-11-19 01:08","-9.9"
"2017-11-19 01:28","-9.9"
"2017-11-19 01:48","-10.0"
"2017-11-19 02:08","-10.0"
"2017-11-19 02:28","-10.0"
"2017-11-19 02:48","-10.0"
"2017-11-19 03:08","-10.0"
"2017-11-19 03:28","-10.1"
"2017-11-19 03:48","-10.2"
"2017-11-19 04:08","-10.2"
"2017-11-19 04:28","-10.1"
"2017-11-19 04:48","-10.2"
"2017-11-19 05:08","-10.6"
"2017-11-19 05:28","-10.9"
"2017-11-19 05:48","-11.1"
"2017-11-19 06:08","-11.5"
"2017-11-19 06:28","-11.7"
"2017-11-19 06:48","-11.8"
"2017-11-19 07:08","-12.0"
"2017-11-19 07:28","-12.2"
"2017-11-19 07:48","-12.2"
"2017-11-19 08:08","-12.2"
"2017-11-19 08:28","-12.3"
"2017-11-19 08:48","-12.2"
"2017-11-19 09:08","-12.2"
"2017-11-19 09:28","-12.1"
"2017-11-19 09:48","-12.0"
"2017-11-19 10:08","-11.8"
"2017-11-19 10:28","-11.7"
"2017-11-19 10:48","-11.4"
"2017-11-19 11:08","-11.3"
"2017-11-19 11:28","-11.1"
"2017-11-19 11:48","-10.8"
"2017-11-19 12:08","-10.8"
"2017-11-19 12:28","-10.8"
"2017-11-19 12:48","-10.8"
"2017-11-19 13:08","-10.7"
"2017-11-19 13:28","-10.7"
"2017-11-19 13:48","-10.6"
"2017-11-19 14:08","-10.5"
"2017-11-19 14:28","-10.4"
"2017-11-19 14:48","-10.5"
"2017-11-19 15:08","-10.5"
"2017-11-19 15:28","-10.5"
"2017-11-19 15:48","-10.6"
"2017-11-19 16:08","-10.7"
"2017-11-19 16:28","-10.7"
"2017-11-19 16:48","-10.8"
"2017-11-19 17:08","-11.0"
"2017-11-19 17:28","-11.1"
"2017-11-19 17:48","-11.1"
"2017-11-19 18:08","-11.4"
"2017-11-19 18:28","-12.2"
"2017-11-19 18:48","-13.1"
"2017-11-19 19:08","-13.7"
"2017-11-19 19:28","-13.3"
"2017-11-19 19:48","-12.5"
"2017-11-19 20:08","-12.3"
"2017-11-19 20:28","-11.9"
"2017-11-19 20:48","-11.5"
"2017-11-19 21:08","-11.4"
"2017-11-19 21:28","-11.2"
"2017-11-19 21:48","-11.2"
"2017-11-19 22:08","-11.1"
"2017-11-19 22:28","-11.1"
"2017-11-19 22:48","-11.4"
"2017-11-19 23:08","-11.5"
"2017-11-19 23:28","-11.4"
"2017-11-19 23:48","-11.2"
"2017-11-20 00:08","-11.2"
"2017-11-20 00:28","-11.2"
"2017-11-20 00:48","-11.7"
"2017-11-20 01:08","-12.4"
"2017-11-20 01:28","-12.5"
"2017-11-20 01:48","-11.8"
"2017-11-20 02:08","-11.5"
"2017-11-20 02:28","-10.9"
"2017-11-20 02:48","-10.6"
"2017-11-20 03:08","-10.7"
"2017-11-20 03:28","-11.1"
"2017-11-20 03:48","-11.7"
"2017-11-20 04:08","-12.2"
"2017-11-20 04:28","-12.4"
"2017-11-20 04:48","-12.8"
"2017-11-20 05:08","-13.5"
"2017-11-20 05:28","-13.7"
"2017-11-20 05:48","-15.1"
"2017-11-20 06:08","-16.1"
"2017-11-20 06:28","-16.7"
"2017-11-20 06:48","-17.0"
"2017-11-20 07:08","-18.1"
"2017-11-20 07:28","-18.1"
"2017-11-20 07:48","-18.9"
"2017-11-20 08:08","-19.7"
"2017-11-20 08:28","-20.4"
"2017-11-20 08:48","-19.2"
"2017-11-20 09:08","-17.3"
"2017-11-20 09:28","-15.0"
"2017-11-20 09:48","-13.7"
"2017-11-20 10:08","-12.6"
"2017-11-20 10:28","-10.6"
"2017-11-20 10:48","-10.3"
"2017-11-20 11:08","-9.1"
"2017-11-20 11:28","-8.5"
"2017-11-20 11:48","-7.6"
"2017-11-20 12:08","-7.0"
"2017-11-20 12:28","-6.7"
"2017-11-20 12:48","-6.1"
"2017-11-20 13:08","-5.8"
"2017-11-20 13:28","-5.8"
"2017-11-20 13:48","-5.4"
"2017-11-20 14:08","-5.1"
"2017-11-20 14:28","-5.0"
"2017-11-20 14:48","-4.9"
"2017-11-20 15:08","-5.5"
"2017-11-20 15:28","-5.6"
"2017-11-20 15:48","-5.6"
"2017-11-20 16:08","-5.5"
"2017-11-20 16:28","-5.6"
"2017-11-20 16:48","-5.5"
"2017-11-20 17:08","-5.5"
"2017-11-20 17:28","-5.5"
"2017-11-20 17:48","-5.4"
"2017-11-20 18:08","-5.3"
"2017-11-20 18:28","-5.1"
"2017-11-20 18:48","-4.8"
"2017-11-20 19:08","-4.7"
"2017-11-20 19:28","-4.4"
"2017-11-20 19:48","-4.2"
"2017-11-20 20:08","-4.0"
"2017-11-20 20:28","-3.9"
"2017-11-20 20:48","-3.9"
"2017-11-20 21:08","-3.7"
"2017-11-20 21:28","-3.6"
"2017-11-20 21:48","-3.3"
"2017-11-20 22:08","-2.9"
"2017-11-20 22:28","-2.7"
"2017-11-20 22:48","-2.4"
"2017-11-20 23:08","-2.1"
"2017-11-20 23:28","-1.9"
"2017-11-20 23:48","-1.5"
"2017-11-21 00:08","-1.3"
"2017-11-21 00:28","-1.1"
"2017-11-21 00:48","-1.0"
"2017-11-21 01:08","-0.9"
"2017-11-21 01:28","-0.6"
"2017-11-21 01:48","-0.3"
"2017-11-21 02:08","-0.2"
"2017-11-21 02:28","-0.1"
"2017-11-21 02:48","-0.2"
"2017-11-21 03:08","0.0"
"2017-11-21 03:28","0.2"
"2017-11-21 03:48","0.2"
"2017-11-21 04:08","0.2"
"2017-11-21 04:28","0.2"
"2017-11-21 04:48","0.6"
"2017-11-21 05:08","0.7"
"2017-11-21 05:28","0.5"
"2017-11-21 05:48","0.6"
"2017-11-21 06:08","0.5"
"2017-11-21 06:28","-2.0"
"2017-11-21 06:48","-4.2"
"2017-11-21 07:08","-5.6"
"2017-11-21 07:28","-6.8"
"2017-11-21 07:48","-7.6"
"2017-11-21 08:08","-8.6"
"2017-11-21 08:28","-9.2"
"2017-11-21 08:48","-9.6"
"2017-11-21 09:08","-9.8"
"2017-11-21 09:28","-9.9"
"2017-11-21 09:48","-9.9"
"2017-11-21 10:08","-9.9"
"2017-11-21 10:28","-9.8"
"2017-11-21 10:48","-10.3"
"2017-11-21 11:08","-10.4"
"2017-11-21 11:28","-10.2"
"2017-11-21 11:48","-10.1"
"2017-11-21 12:08","-10.0"
"2017-11-21 12:28","-9.8"
"2017-11-21 12:48","-9.4"
"2017-11-21 13:08","-9.2"
"2017-11-21 13:28","-9.2"
"2017-11-21 13:48","-8.9"
"2017-11-21 14:08","-8.8"
"2017-11-21 14:28","-8.8"
"2017-11-21 14:48","-9.0"
"2017-11-21 15:08","-8.9"
"2017-11-21 15:28","-8.9"
"2017-11-21 15:48","-8.9"
"2017-11-21 16:08","-8.6"
"2017-11-21 16:28","-8.7"
"2017-11-21 16:48","-8.7"
"2017-11-21 17:08","-8.8"
"2017-11-21 17:28","-8.8"
"2017-11-21 17:48","-8.8"
"2017-11-21 18:08","-8.8"
"2017-11-21 18:28","-8.9"
"2017-11-21 18:48","-8.9"
"2017-11-21 19:08","-8.9"
"2017-11-21 19:28","-8.9"
"2017-11-21 19:48","-8.8"
"2017-11-21 20:08","-8.8"
"2017-11-21 20:28","-8.9"
"2017-11-21 20:48","-8.9"
"2017-11-21 21:08","-9.0"
"2017-11-21 21:28","-9.0"
"2017-11-21 21:48","-9.2"
"2017-11-21 22:08","-9.2"
"2017-11-21 22:28","-9.3"
"2017-11-21 22:48","-9.4"
"2017-11-21 23:08","-9.4"
"2017-11-21 23:28","-9.4"
"2017-11-21 23:48","-9.8"
"2017-11-22 00:08","-9.7"
"2017-11-22 00:28","-9.8"
"2017-11-22 00:48","-9.6"
"2017-11-22 01:08","-9.5"
"2017-11-22 01:28","-9.4"
"2017-11-22 01:48","-9.4"
"2017-11-22 02:08","-9.3"
"2017-11-22 02:28","-9.4"
"2017-11-22 02:48","-9.4"
"2017-11-22 03:08","-9.5"
"2017-11-22 03:28","-9.5"
"2017-11-22 03:48","-9.5"
"2017-11-22 04:08","-9.5"
"2017-11-22 04:28","-9.3"
"2017-11-22 04:48","-9.2"
"2017-11-22 05:08","-9.0"
"2017-11-22 05:28","-8.9"
"2017-11-22 05:48","-8.7"
"2017-11-22 06:08","-8.7"
"2017-11-22 06:28","-8.7"
"2017-11-22 06:48","-8.9"
"2017-11-22 07:08","-9.3"
"2017-11-22 07:28","-9.5"
"2017-11-22 07:48","-9.4"
"2017-11-22 08:08","-9.3"
"2017-11-22 08:28","-9.6"
"2017-11-22 08:48","-9.9"
"2017-11-22 09:08","-9.5"
"2017-11-22 09:28","-8.0"
"2017-11-22 09:48","-7.8"
"2017-11-22 10:08","-7.3"
"2017-11-22 10:28","-6.5"
"2017-11-22 10:48","-6.5"
"2017-11-22 11:08","-6.2"
"2017-11-22 11:28","-5.9"
"2017-11-22 11:48","-5.5"
"2017-11-22 12:08","-5.1"
"2017-11-22 12:28","-4.7"
"2017-11-22 12:48","-4.9"
"2017-11-22 13:08","-5.0"
"2017-11-22 13:28","-4.8"
"2017-11-22 13:48","-4.8"
"2017-11-22 14:08","-4.9"
"2017-11-22 14:28","-4.8"
"2017-11-22 14:48","-5.0"
"2017-11-22 15:08","-5.1"
"2017-11-22 15:28","-5.4"
"2017-11-22 15:48","-5.6"
"2017-11-22 16:08","-6.0"
"2017-11-22 16:28","-7.5"
"2017-11-22 16:48","-9.8"
"2017-11-22 17:08","-9.8"
"2017-11-22 17:28","-8.9"
"2017-11-22 17:48","-9.4"
"2017-11-22 18:08","-9.9"
"2017-11-22 18:28","-9.9"
"2017-11-22 18:48","-10.1"
"2017-11-22 19:08","-10.3"
"2017-11-22 19:28","-10.4"
"2017-11-22 19:48","-10.9"
"2017-11-22 20:08","-11.8"
"2017-11-22 20:28","-13.0"
"2017-11-22 20:48","-13.3"
"2017-11-22 21:08","-13.8"
"2017-11-22 21:28","-11.1"
"2017-11-22 21:48","-7.0"
"2017-11-22 22:08","-6.6"
"2017-11-22 22:28","-6.5"
"2017-11-22 22:48","-6.4"
"2017-11-22 23:08","-6.1"
"2017-11-22 23:28","-6.1"
"2017-11-22 23:48","-5.9"
"2017-11-23 00:08","-5.8"
"2017-11-23 00:28","-5.8"
"2017-11-23 00:48","-5.8"
"2017-11-23 01:08","-5.9"
"2017-11-23 01:28","-5.9"
"2017-11-23 01:48","-6.0"
"2017-11-23 02:08","-6.0"
"2017-11-23 02:28","-6.1"
"2017-11-23 02:48","-6.2"
"2017-11-23 03:08","-6.2"
"2017-11-23 03:28","-6.0"
"2017-11-23 03:48","-6.1"
"2017-11-23 04:08","-6.1"
"2017-11-23 04:28","-6.1"
"2017-11-23 04:48","-6.1"
"2017-11-23 05:08","-5.9"
"2017-11-23 05:28","-5.9"
"2017-11-23 05:48","-5.9"
"2017-11-23 06:08","-5.9"
"2017-11-23 06:28","-5.9"
"2017-11-23 06:48","-5.8"
"2017-11-23 07:08","-5.8"
"2017-11-23 07:28","-5.8"
"2017-11-23 07:48","-5.8"
"2017-11-23 08:08","-5.9"
"2017-11-23 08:28","-6.6"
"2017-11-23 08:48","-6.8"
"2017-11-23 09:08","-7.0"
"2017-11-23 09:28","-7.0"
"2017-11-23 09:48","-7.0"
"2017-11-23 10:08","-7.1"
"2017-11-23 10:28","-7.3"
"2017-11-23 10:48","-7.2"
"2017-11-23 11:08","-7.0"
"2017-11-23 11:28","-6.7"
"2017-11-23 11:48","-6.4"
"2017-11-23 12:08","-7.7"
"2017-11-23 12:28","-7.5"
"2017-11-23 12:48","-7.4"
"2017-11-23 13:08","-7.7"
"2017-11-23 13:28","-7.6"
"2017-11-23 13:48","-7.4"
"2017-11-23 14:08","-7.8"
"2017-11-23 14:28","-7.7"
"2017-11-23 14:48","-7.7"
"2017-11-23 15:08","-8.0"
"2017-11-23 15:28","-8.1"
"2017-11-23 15:48","-9.1"
"2017-11-23 16:08","-9.6"
"2017-11-23 16:28","-9.7"
"2017-11-23 16:48","-10.6"
"2017-11-23 17:08","-11.6"
"2017-11-23 17:28","-13.2"
"2017-11-23 17:48","-14.5"
"2017-11-23 18:08","-15.2"
"2017-11-23 18:28","-16.0"
"2017-11-23 18:48","-17.0"
"2017-11-23 19:08","-17.8"
"2017-11-23 19:28","-18.9"
"2017-11-23 19:48","-19.2"
"2017-11-23 20:08","-19.6"
"2017-11-23 20:28","-19.3"
"2017-11-23 20:48","-18.6"
"2017-11-23 21:08","-17.7"
"2017-11-23 21:28","-16.1"
"2017-11-23 21:48","-14.2"
"2017-11-23 22:08","-12.6"
"2017-11-23 22:28","-12.3"
"2017-11-23 22:48","-12.2"
"2017-11-23 23:08","-12.0"
"2017-11-23 23:28","-11.8"
"2017-11-23 23:48","-11.7"
"2017-11-24 00:08","-11.6"
"2017-11-24 00:28","-11.4"
"2017-11-24 00:48","-11.1"
"2017-11-24 01:08","-10.9"
"2017-11-24 01:28","-10.7"
"2017-11-24 01:48","-10.5"
"2017-11-24 02:08","-10.3"
"2017-11-24 02:28","-9.9"
"2017-11-24 02:48","-9.6"
"2017-11-24 03:08","-9.2"
"2017-11-24 03:28","-8.8"
"2017-11-24 03:48","-8.5"
"2017-11-24 04:08","-8.5"
"2017-11-24 04:28","-8.4"
"2017-11-24 04:48","-7.7"
"2017-11-24 05:08","-7.2"
"2017-11-24 05:28","-7.0"
"2017-11-24 05:48","-6.7"
"2017-11-24 06:08","-5.7"
"2017-11-24 06:28","-5.1"
"2017-11-24 06:48","-4.3"
"2017-11-24 07:08","-3.6"
"2017-11-24 07:28","-3.6"
"2017-11-24 07:48","-3.6"
"2017-11-24 08:08","-3.6"
"2017-11-24 08:28","-3.5"
"2017-11-24 08:48","-3.2"
"2017-11-24 09:08","-3.0"
"2017-11-24 09:28","-2.7"
"2017-11-24 09:48","-2.2"
"2017-11-24 10:08","-0.7"
"2017-11-24 10:28","0.1"
"2017-11-24 10:48","0.9"
"2017-11-24 11:08","1.4"
"2017-11-24 11:28","1.6"
"2017-11-24 11:48","1.9"
"2017-11-24 12:08","2.2"
"2017-11-24 12:28","2.4"
"2017-11-24 12:48","2.4"
"2017-11-24 13:08","2.5"
"2017-11-24 13:28","2.5"
"2017-11-24 13:48","2.6"
"2017-11-24 14:08","2.5"
"2017-11-24 14:28","2.5"
"2017-11-24 14:48","2.4"
"2017-11-24 15:08","2.2"
"2017-11-24 15:28","2.0"
"2017-11-24 15:48","1.8"
"2017-11-24 16:08","1.7"
"2017-11-24 16:28","1.3"
"2017-11-24 16:48","1.0"
"2017-11-24 17:08","0.6"
"2017-11-24 17:28","0.3"
"2017-11-24 17:48","0.0"
"2017-11-24 18:08","-0.2"
"2017-11-24 18:28","-0.2"
"2017-11-24 18:48","-0.3"
"2017-11-24 19:08","-0.4"
"2017-11-24 19:28","-0.4"
"2017-11-24 19:48","-0.6"
"2017-11-24 20:08","-0.6"
"2017-11-24 20:28","-0.7"
"2017-11-24 20:48","-0.7"
"2017-11-24 21:08","-0.7"
"2017-11-24 21:28","-0.7"
"2017-11-24 21:48","-0.8"
"2017-11-24 22:08","-0.8"
"2017-11-24 22:28","-0.9"
"2017-11-24 22:48","-1.0"
"2017-11-24 23:08","-1.4"
"2017-11-24 23:28","-1.6"
"2017-11-24 23:48","-1.7"
"2017-11-25 00:08","-2.0"
"2017-11-25 00:28","-2.4"
"2017-11-25 00:48","-2.5"
"2017-11-25 01:08","-2.6"
"2017-11-25 01:28","-2.8"
"2017-11-25 01:48","-3.1"
"2017-11-25 02:08","-3.5"
"2017-11-25 02:28","-3.9"
"2017-11-25 02:48","-4.3"
"2017-11-25 03:08","-5.1"
"2017-11-25 03:28","-5.9"
"2017-11-25 03:48","-6.3"
"2017-11-25 04:08","-6.9"
"2017-11-25 04:28","-7.6"
"2017-11-25 04:48","-7.8"
"2017-11-25 05:08","-8.1"
"2017-11-25 05:28","-8.4"
"2017-11-25 05:48","-8.7"
"2017-11-25 06:08","-9.8"
"2017-11-25 06:28","-10.2"
"2017-11-25 06:48","-10.6"
"2017-11-25 07:08","-11.0"
"2017-11-25 07:28","-11.3"
"2017-11-25 07:48","-11.5"
"2017-11-25 08:08","-11.8"
"2017-11-25 08:28","-12.0"
"2017-11-25 08:48","-12.0"
"2017-11-25 09:08","-12.0"
"2017-11-25 09:28","-12.0"
"2017-11-25 09:48","-11.9"
"2017-11-25 10:08","-11.9"
"2017-11-25 10:28","-11.9"
"2017-11-25 10:48","-11.9"
"2017-11-25 11:08","-11.8"
"2017-11-25 11:28","-11.7"
"2017-11-25 11:48","-11.3"
"2017-11-25 12:08","-11.2"
"2017-11-25 12:28","-11.2"
"2017-11-25 12:48","-11.2"
"2017-11-25 13:08","-10.9"
"2017-11-25 13:28","-11.0"
"2017-11-25 13:48","-10.9"
"2017-11-25 14:08","-10.8"
"2017-11-25 14:28","-11.3"
"2017-11-25 14:48","-11.2"
"2017-11-25 15:08","-11.6"
"2017-11-25 15:28","-11.8"
"2017-11-25 15:48","-12.0"
"2017-11-25 16:08","-11.9"
"2017-11-25 16:28","-11.8"
"2017-11-25 16:48","-11.9"
"2017-11-25 17:08","-12.4"
"2017-11-25 17:28","-12.7"
"2017-11-25 17:48","-13.1"
"2017-11-25 18:08","-14.1"
"2017-11-25 18:28","-15.4"
"2017-11-25 18:48","-16.3"
"2017-11-25 19:08","-17.2"
"2017-11-25 19:28","-17.2"
"2017-11-25 19:48","-17.0"
"2017-11-25 20:08","-16.9"
"2017-11-25 20:28","-16.7"
"2017-11-25 20:48","-17.5"
"2017-11-25 21:08","-18.0"
"2017-11-25 21:28","-18.7"
"2017-11-25 21:48","-19.5"
"2017-11-25 22:08","-20.2"
"2017-11-25 22:28","-20.8"
"2017-11-25 22:48","-21.6"
"2017-11-25 23:08","-21.7"
"2017-11-25 23:28","-21.6"
"2017-11-25 23:48","-21.1"
"2017-11-26 00:08","-21.6"
"2017-11-26 00:28","-22.6"
"2017-11-26 00:48","-22.9"
"2017-11-26 01:08","-22.9"
"2017-11-26 01:28","-22.8"
"2017-11-26 01:48","-22.6"
"2017-11-26 02:08","-21.7"
"2017-11-26 02:28","-20.9"
"2017-11-26 02:48","-21.3"
"2017-11-26 03:08","-20.7"
"2017-11-26 03:28","-20.5"
"2017-11-26 03:52","-18.7"
"2017-11-26 04:08","-18.1"
"2017-11-26 04:28","-16.8"
"2017-11-26 04:48","-15.5"
"2017-11-26 05:08","-15.2"
"2017-11-26 05:28","-15.2"
"2017-11-26 05:48","-15.2"
"2017-11-26 06:08","-14.4"
"2017-11-26 06:28","-13.9"
"2017-11-26 06:48","-13.3"
"2017-11-26 07:08","-12.9"
"2017-11-26 07:28","-12.5"
"2017-11-26 07:48","-12.1"
"2017-11-26 08:08","-11.9"
"2017-11-26 08:28","-10.3"
"2017-11-26 08:48","-10.3"
"2017-11-26 09:08","-10.2"
"2017-11-26 09:28","-10.1"
"2017-11-26 09:48","-9.7"
"2017-11-26 10:08","-9.3"
"2017-11-26 10:28","-8.5"
"2017-11-26 10:48","-7.1"
"2017-11-26 11:08","-7.3"
"2017-11-26 11:28","-7.8"
"2017-11-26 11:48","-8.0"
"2017-11-26 12:08","-8.5"
"2017-11-26 12:28","-8.5"
"2017-11-26 12:48","-8.9"
"2017-11-26 13:08","-9.0"
"2017-11-26 13:28","-9.1"
"2017-11-26 13:48","-8.7"
"2017-11-26 14:08","-8.7"
"2017-11-26 14:28","-9.2"
"2017-11-26 14:48","-9.3"
"2017-11-26 15:08","-9.0"
"2017-11-26 15:28","-9.2"
"2017-11-26 15:48","-9.6"
"2017-11-26 16:08","-9.9"
"2017-11-26 16:28","-10.3"
"2017-11-26 16:48","-10.3"
"2017-11-26 17:08","-10.5"
"2017-11-26 17:28","-10.7"
"2017-11-26 17:48","-10.9"
"2017-11-26 18:08","-11.1"
"2017-11-26 18:28","-11.2"
"2017-11-26 18:48","-11.3"
"2017-11-26 19:08","-11.4"
"2017-11-26 19:28","-11.6"
"2017-11-26 19:48","-11.7"
"2017-11-26 20:08","-11.8"
"2017-11-26 20:28","-12.0"
"2017-11-26 20:48","-12.2"
"2017-11-26 21:08","-12.2"
"2017-11-26 21:28","-12.4"
"2017-11-26 21:48","-12.6"
"2017-11-26 22:08","-12.6"
"2017-11-26 22:28","-12.7"
"2017-11-26 22:48","-12.8"
"2017-11-26 23:08","-12.9"
"2017-11-26 23:28","-13.0"
"2017-11-26 23:48","-13.0"
"2017-11-27 00:08","-13.2"
"2017-11-27 00:28","-13.4"
"2017-11-27 00:48","-13.5"
"2017-11-27 01:08","-13.7"
"2017-11-27 01:28","-13.8"
"2017-11-27 01:48","-13.9"
"2017-11-27 02:08","-14.3"
"2017-11-27 02:28","-15.0"
"2017-11-27 02:48","-14.5"
"2017-11-27 03:08","-15.4"
"2017-11-27 03:28","-17.2"
"2017-11-27 03:48","-18.0"
"2017-11-27 04:08","-19.1"
"2017-11-27 04:28","-19.8"
"2017-11-27 04:48","-20.5"
"2017-11-27 05:08","-21.5"
"2017-11-27 05:28","-22.6"
"2017-11-27 05:48","-22.0"
"2017-11-27 06:08","-22.5"
"2017-11-27 06:28","-22.8"
"2017-11-27 06:48","-22.6"
"2017-11-27 07:08","-23.4"
"2017-11-27 07:28","-23.4"
"2017-11-27 07:48","-23.6"
"2017-11-27 08:08","-24.0"
"2017-11-27 08:28","-23.6"
"2017-11-27 08:48","-23.5"
"2017-11-27 09:08","-22.4"
"2017-11-27 09:28","-20.8"
"2017-11-27 09:48","-19.8"
"2017-11-27 10:08","-18.7"
"2017-11-27 10:28","-17.2"
"2017-11-27 10:48","-14.5"
"2017-11-27 11:08","-13.0"
"2017-11-27 11:28","-12.1"
"2017-11-27 11:48","-11.9"
"2017-11-27 12:08","-11.7"
"2017-11-27 12:28","-11.1"
"2017-11-27 12:48","-10.8"
"2017-11-27 13:08","-10.8"
"2017-11-27 13:28","-10.5"
"2017-11-27 13:48","-10.2"
"2017-11-27 14:08","-10.0"
"2017-11-27 14:28","-9.7"
"2017-11-27 14:48","-9.5"
"2017-11-27 15:08","-9.3"
"2017-11-27 15:28","-9.0"
"2017-11-27 15:48","-9.0"
"2017-11-27 16:08","-9.0"
"2017-11-27 16:28","-9.2"
"2017-11-27 16:48","-9.3"
"2017-11-27 17:08","-9.4"
"2017-11-27 17:28","-9.2"
"2017-11-27 17:48","-9.1"
"2017-11-27 18:08","-8.9"
"2017-11-27 18:28","-8.7"
"2017-11-27 18:48","-8.3"
"2017-11-27 19:08","-8.0"
"2017-11-27 19:28","-7.7"
"2017-11-27 19:48","-7.3"
"2017-11-27 20:08","-7.2"
"2017-11-27 20:28","-6.9"
"2017-11-27 20:48","-6.5"
"2017-11-27 21:08","-5.9"
"2017-11-27 21:28","-5.5"
"2017-11-27 21:48","-5.1"
"2017-11-27 22:08","-4.4"
"2017-11-27 22:28","-3.8"
"2017-11-27 22:48","-2.9"
"2017-11-27 23:08","-2.1"
"2017-11-27 23:28","-1.2"
"2017-11-27 23:48","-0.3"
"2017-11-28 00:08","0.2"
"2017-11-28 00:28","0.2"
"2017-11-28 00:48","0.1"
"2017-11-28 01:08","0.2"
"2017-11-28 01:28","0.0"
"2017-11-28 01:48","0.2"
"2017-11-28 02:08","0.4"
"2017-11-28 02:28","0.7"
"2017-11-28 02:48","1.0"
"2017-11-28 03:08","1.4"
"2017-11-28 03:28","1.8"
"2017-11-28 03:48","2.4"
"2017-11-28 04:08","2.8"
"2017-11-28 04:28","3.4"
"2017-11-28 04:48","3.7"
"2017-11-28 05:08","3.9"
"2017-11-28 05:28","3.8"
"2017-11-28 05:48","4.0"
"2017-11-28 06:08","3.7"
"2017-11-28 06:28","4.1"
"2017-11-28 06:48","4.0"
"2017-11-28 07:08","4.3"
"2017-11-28 07:28","4.3"
"2017-11-28 07:48","4.2"
"2017-11-28 08:08","4.0"
"2017-11-28 08:28","3.8"
"2017-11-28 08:48","3.6"
"2017-11-28 09:08","3.3"
"2017-11-28 09:28","3.1"
"2017-11-28 09:48","3.2"
"2017-11-28 10:08","3.2"
"2017-11-28 10:28","3.7"
"2017-11-28 10:48","4.2"
"2017-11-28 11:08","4.7"
"2017-11-28 11:28","5.0"
"2017-11-28 11:48","4.9"
"2017-11-28 12:08","5.5"
"2017-11-28 12:28","5.6"
"2017-11-28 12:48","5.0"
"2017-11-28 13:08","4.6"
"2017-11-28 13:28","4.4"
"2017-11-28 13:48","4.0"
"2017-11-28 14:08","3.6"
"2017-11-28 14:28","3.6"
"2017-11-28 14:48","3.6"
"2017-11-28 15:08","3.5"
"2017-11-28 15:28","1.1"
"2017-11-28 15:48","1.1"
"2017-11-28 16:08","0.5"
"2017-11-28 16:28","0.5"
"2017-11-28 16:48","0.2"
"2017-11-28 17:08","-0.1"
"2017-11-28 17:28","-0.3"
"2017-11-28 17:48","-0.9"
"2017-11-28 18:08","-2.8"
"2017-11-28 18:28","-3.3"
"2017-11-28 18:48","-4.0"
"2017-11-28 19:08","-4.5"
"2017-11-28 19:28","-5.3"
"2017-11-28 19:48","-5.4"
"2017-11-28 20:08","-5.4"
"2017-11-28 20:28","-5.7"
"2017-11-28 20:48","-6.3"
"2017-11-28 21:08","-6.3"
"2017-11-28 21:28","-6.5"
"2017-11-28 21:48","-6.7"
"2017-11-28 22:08","-7.0"
"2017-11-28 22:28","-7.2"
"2017-11-28 22:48","-7.7"
"2017-11-28 23:08","-8.0"
"2017-11-28 23:28","-8.3"
"2017-11-28 23:48","-8.3"
"2017-11-29 00:08","-8.3"
"2017-11-29 00:28","-8.3"
"2017-11-29 00:48","-8.5"
"2017-11-29 01:08","-8.6"
"2017-11-29 01:28","-8.7"
"2017-11-29 01:48","-8.9"
"2017-11-29 02:08","-9.2"
"2017-11-29 02:28","-9.4"
"2017-11-29 02:48","-9.6"
"2017-11-29 03:08","-9.6"
"2017-11-29 03:28","-10.0"
"2017-11-29 03:48","-10.2"
"2017-11-29 04:08","-10.4"
"2017-11-29 04:28","-10.6"
"2017-11-29 04:48","-10.9"
"2017-11-29 05:08","-11.0"
"2017-11-29 05:28","-11.3"
"2017-11-29 05:48","-11.4"
"2017-11-29 06:08","-11.8"
"2017-11-29 06:28","-11.6"
"2017-11-29 06:48","-11.6"
"2017-11-29 07:08","-11.9"
"2017-11-29 07:28","-11.9"
"2017-11-29 07:48","-11.8"
"2017-11-29 08:08","-12.4"
"2017-11-29 08:28","-12.9"
"2017-11-29 08:48","-12.8"
"2017-11-29 09:08","-12.0"
"2017-11-29 09:28","-11.0"
"2017-11-29 09:48","-10.0"
"2017-11-29 10:08","-9.2"
"2017-11-29 10:28","-8.7"
"2017-11-29 10:48","-7.9"
"2017-11-29 11:08","-7.4"
"2017-11-29 11:28","-6.6"
"2017-11-29 11:48","-6.1"
"2017-11-29 12:08","-6.0"
"2017-11-29 12:28","-5.8"
"2017-11-29 12:48","-5.2"
"2017-11-29 13:08","-4.8"
"2017-11-29 13:28","-4.5"
"2017-11-29 13:48","-4.3"
"2017-11-29 14:08","-4.1"
"2017-11-29 14:28","-3.9"
"2017-11-29 14:48","-4.0"
"2017-11-29 15:08","-4.1"
"2017-11-29 15:28","-4.0"
"2017-11-29 15:48","-3.9"
"2017-11-29 16:08","-3.9"
"2017-11-29 16:28","-3.7"
"2017-11-29 16:48","-3.8"
"2017-11-29 17:08","-3.8"
"2017-11-29 17:28","-3.9"
"2017-11-29 17:48","-4.0"
"2017-11-29 18:08","-4.2"
"2017-11-29 18:28","-4.4"
"2017-11-29 18:48","-4.4"
"2017-11-29 19:08","-4.2"
"2017-11-29 19:28","-4.0"
"2017-11-29 19:48","-4.0"
"2017-11-29 20:08","-3.7"
"2017-11-29 20:28","-3.4"
"2017-11-29 20:48","-3.6"
"2017-11-29 21:08","-3.3"
"2017-11-29 21:28","-3.0"
"2017-11-29 21:48","-2.8"
"2017-11-29 22:08","-2.7"
"2017-11-29 22:28","-2.6"
"2017-11-29 22:48","-2.4"
"2017-11-29 23:08","-2.2"
"2017-11-29 23:28","-2.0"
"2017-11-29 23:48","-1.8"
"2017-11-30 00:08","-1.7"
"2017-11-30 00:28","-1.6"
"2017-11-30 00:48","-1.4"
"2017-11-30 01:08","-1.3"
"2017-11-30 01:28","-1.2"
"2017-11-30 01:48","-1.1"
"2017-11-30 02:08","-0.9"
"2017-11-30 02:28","-0.9"
"2017-11-30 02:50","-0.9"
"2017-11-30 03:15","-0.8"
"2017-11-30 03:28","-0.7"
"2017-11-30 03:48","-0.1"
"2017-11-30 04:08","-0.1"
"2017-11-30 04:28","0.1"
"2017-11-30 04:48","0.2"
"2017-11-30 05:08","0.2"
"2017-11-30 05:28","0.4"
"2017-11-30 05:48","0.6"
"2017-11-30 06:08","0.7"
"2017-11-30 06:28","0.8"
"2017-11-30 06:48","0.9"
"2017-11-30 07:08","1.0"
"2017-11-30 07:28","1.1"
"2017-11-30 07:48","1.2"
"2017-11-30 08:08","0.9"
"2017-11-30 08:28","0.6"
"2017-11-30 08:48","0.5"
"2017-11-30 09:08","0.5"
"2017-11-30 09:28","0.5"
"2017-11-30 09:48","0.5"
"2017-11-30 10:08","0.5"
"2017-11-30 10:28","0.1"
"2017-11-30 10:48","0.0"
"2017-11-30 11:08","-0.2"
"2017-11-30 11:28","-0.1"
"2017-11-30 11:48","-0.2"
"2017-11-30 12:08","-0.3"
"2017-11-30 12:28","-0.6"
"2017-11-30 12:48","-0.3"
"2017-11-30 13:08","-0.3"
"2017-11-30 13:28","-0.4"
"2017-11-30 13:48","-0.7"
"2017-11-30 14:08","-0.8"
"2017-11-30 14:28","-1.0"
"2017-11-30 14:48","-1.1"
"2017-11-30 15:08","-1.3"
"2017-11-30 15:28","-1.2"
"2017-11-30 15:48","-1.2"
"2017-11-30 16:08","-1.3"
"2017-11-30 16:28","-1.3"
"2017-11-30 16:48","-1.5"
"2017-11-30 17:08","-1.7"
"2017-11-30 17:28","-1.8"
"2017-11-30 17:48","-2.0"
"2017-11-30 18:08","-2.2"
"2017-11-30 18:28","-2.5"
"2017-11-30 18:48","-2.8"
"2017-11-30 19:08","-3.5"
"2017-11-30 19:28","-4.0"
"2017-11-30 19:48","-4.5"
"2017-11-30 20:08","-5.0"
"2017-11-30 20:28","-5.8"
"2017-11-30 20:48","-5.8"
"2017-11-30 21:08","-6.2"
"2017-11-30 21:28","-7.4"
"2017-11-30 21:48","-8.3"
"2017-11-30 22:08","-9.3"
"2017-11-30 22:28","-9.7"
"2017-11-30 22:48","-11.0"
"2017-11-30 23:08","-11.6"
"2017-11-30 23:28","-12.6"
"2017-11-30 23:48","-13.2"