"Time EST","Wind Speed (km/h)","Wind Direction","Wind Gusts (km/h)"
"2018-02-01 00:08","11","W","23"
"2018-02-01 00:18","13","WNW","23"
"2018-02-01 00:28","13","W","28"
"2018-02-01 00:38","15","W","32"
"2018-02-01 00:48","16","W","26"
"2018-02-01 00:58","14","W","28"
"2018-02-01 01:08","15","W","27"
"2018-02-01 01:18","13","WSW","26"
"2018-02-01 01:28","15","NW","31"
"2018-02-01 01:38","10","W","31"
"2018-02-01 01:48","13","W","33"
"2018-02-01 01:58","14","W","25"
"2018-02-01 02:08","12","W","26"
"2018-02-01 02:18","12","W","26"
"2018-02-01 02:28","8","WNW","21"
"2018-02-01 02:38","14","WNW","26"
"2018-02-01 02:48","12","NW","24"
"2018-02-01 02:58","12","W","24"
"2018-02-01 03:08","12","NW","21"
"2018-02-01 03:18","12","W","21"
"2018-02-01 03:28","13","W","21"
"2018-02-01 03:38","11","W","23"
"2018-02-01 03:48","9","W","19"
"2018-02-01 03:58","9","W","23"
"2018-02-01 04:08","9","W","19"
"2018-02-01 04:18","8","NW","18"
"2018-02-01 04:28","10","NW","25"
"2018-02-01 04:38","9","WNW","19"
"2018-02-01 04:48","11","WNW","19"
"2018-02-01 04:58","10","W","19"
"2018-02-01 05:08","7","WNW","24"
"2018-02-01 05:18","6","WNW","19"
"2018-02-01 05:28","9","W","21"
"2018-02-01 05:38","9","W","15"
"2018-02-01 05:48","9","W","21"
"2018-02-01 05:58","11","NW","22"
"2018-02-01 06:08","6","NW","18"
"2018-02-01 06:18","11","WNW","32"
"2018-02-01 06:28","13","WNW","24"
"2018-02-01 06:38","10","NW","27"
"2018-02-01 06:48","8","NW","22"
"2018-02-01 06:58","6","NW","18"
"2018-02-01 07:08","8","WNW","20"
"2018-02-01 07:18","8","WNW","20"
"2018-02-01 07:28","10","WNW","17"
"2018-02-01 07:38","8","W","23"
"2018-02-01 07:48","7","NW","19"
"2018-02-01 07:58","7","NW","26"
"2018-02-01 08:08","8","WNW","17"
"2018-02-01 08:18","8","W","17"
"2018-02-01 08:28","10","WNW","18"
"2018-02-01 08:38","7","WNW","23"
"2018-02-01 08:48","7","WNW","14"
"2018-02-01 08:58","11","W","20"
"2018-02-01 09:08","8","WNW","19"
"2018-02-01 09:18","8","W","19"
"2018-02-01 09:28","9","W","21"
"2018-02-01 09:38","6","WNW","29"
"2018-02-01 09:48","11","NW","24"
"2018-02-01 09:58","11","NW","26"
"2018-02-01 10:08","13","WNW","23"
"2018-02-01 10:18","8","NW","27"
"2018-02-01 10:28","13","W","25"
"2018-02-01 10:38","12","WNW","25"
"2018-02-01 10:48","8","WNW","24"
"2018-02-01 10:58","9","NW","23"
"2018-02-01 11:08","14","NW","26"
"2018-02-01 11:18","13","WNW","25"
"2018-02-01 11:28","6","NW","23"
"2018-02-01 11:38","10","NW","21"
"2018-02-01 11:48","14","W","26"
"2018-02-01 11:58","9","W","24"
"2018-02-01 12:08","10","W","27"
"2018-02-01 12:18","10","NNW","23"
"2018-02-01 12:28","11","NW","24"
"2018-02-01 12:38","10","NW","26"
"2018-02-01 12:48","10","NW","22"
"2018-02-01 12:58","9","W","24"
"2018-02-01 13:08","10","WNW","25"
"2018-02-01 13:18","11","NW","23"
"2018-02-01 13:28","9","NW","24"
"2018-02-01 13:38","10","W","19"
"2018-02-01 13:48","14","NW","29"
"2018-02-01 13:58","8","WNW","21"
"2018-02-01 14:08","14","WNW","24"
"2018-02-01 14:18","11","NW","27"
"2018-02-01 14:28","13","WNW",""
"2018-02-01 14:38","13","WNW","23"
"2018-02-01 14:48","12","W","21"
"2018-02-01 14:58","12","WNW","25"
"2018-02-01 15:08","9","WNW","19"
"2018-02-01 15:18","13","WNW","24"
"2018-02-01 15:28","6","NW","21"
"2018-02-01 15:38","13","NW","23"
"2018-02-01 15:48","12","NW","22"
"2018-02-01 15:58","10","WNW","24"
"2018-02-01 16:08","9","NW","21"
"2018-02-01 16:18","7","WNW","18"
"2018-02-01 16:28","9","WNW","20"
"2018-02-01 16:38","6","WNW","16"
"2018-02-01 16:48","8","WNW","21"
"2018-02-01 16:58","7","NW","17"
"2018-02-01 17:08","5","WNW","12"
"2018-02-01 17:18","9","WNW","18"
"2018-02-01 17:28","8","W","17"
"2018-02-01 17:38","6","NW","16"
"2018-02-01 17:48","4","WNW","11"
"2018-02-01 17:58","5","WNW","9"
"2018-02-01 18:08","4","WNW","10"
"2018-02-01 18:18","8","WNW","10"
"2018-02-01 18:28","11","NW","20"
"2018-02-01 18:38","7","W","18"
"2018-02-01 18:48","9","W","15"
"2018-02-01 18:58","8","W","15"
"2018-02-01 19:08","6","WNW","21"
"2018-02-01 19:18","8","W","13"
"2018-02-01 19:28","8","NW","18"
"2018-02-01 19:38","6","WNW","13"
"2018-02-01 19:48","4","W","13"
"2018-02-01 19:58","4","W","11"
"2018-02-01 20:08","3","W","9"
"2018-02-01 20:18","4","W","8"
"2018-02-01 20:28","4","WNW","10"
"2018-02-01 20:38","4","NW","12"
"2018-02-01 20:48","4","WNW","9"
"2018-02-01 20:58","6","WNW","11"
"2018-02-01 21:08","6","W","11"
"2018-02-01 21:18","4","WNW","14"
"2018-02-01 21:28","2","WNW","9"
"2018-02-01 21:38","2","NW","9"
"2018-02-01 21:48","6","WNW","10"
"2018-02-01 21:58","4","WNW","9"
"2018-02-01 22:08","4","WNW","8"
"2018-02-01 22:18","2","WNW","9"
"2018-02-01 22:28","3","WNW","5"
"2018-02-01 22:38","0","NW","5"
"2018-02-01 22:48","1","W","5"
"2018-02-01 22:58","3","W","5"
"2018-02-01 23:08","4","W","7"
"2018-02-01 23:18","5","W","8"
"2018-02-01 23:28","7","WNW","13"
"2018-02-01 23:38","5","WNW","12"
"2018-02-01 23:58","5","W","10"
"2018-02-02 00:08","6","W","10"
"2018-02-02 00:18","5","WNW","12"
"2018-02-02 00:28","4","W","7"
"2018-02-02 00:38","5","W","8"
"2018-02-02 00:48","5","W","8"
"2018-02-02 00:58","5","W","7"
"2018-02-02 01:08","2","W","6"
"2018-02-02 01:18","4","W","7"
"2018-02-02 01:28","0","W","4"
"2018-02-02 01:38","4","W","9"
"2018-02-02 01:48","5","W","6"
"2018-02-02 01:58","6","W","9"
"2018-02-02 02:08","5","W","9"
"2018-02-02 02:18","3","W","10"
"2018-02-02 02:28","2","W","4"
"2018-02-02 02:38","0","W","4"
"2018-02-02 02:48","1","W","7"
"2018-02-02 02:58","3","W","5"
"2018-02-02 03:08","5","W","6"
"2018-02-02 03:18","5","W","8"
"2018-02-02 03:28","5","W","6"
"2018-02-02 03:38","6","W","7"
"2018-02-02 03:48","6","W","8"
"2018-02-02 03:58","7","W","10"
"2018-02-02 04:08","8","W","11"
"2018-02-02 04:18","5","W","10"
"2018-02-02 04:28","7","W","10"
"2018-02-02 04:38","6","W","9"
"2018-02-02 04:48","5","W","7"
"2018-02-02 04:58","4","W","7"
"2018-02-02 05:08","3","W","6"
"2018-02-02 05:18","4","W","6"
"2018-02-02 05:28","3","W","6"
"2018-02-02 05:38","3","W","8"
"2018-02-02 05:48","1","W","7"
"2018-02-02 05:58","4","W","7"
"2018-02-02 06:08","5","W","6"
"2018-02-02 06:18","4","W","6"
"2018-02-02 06:28","5","W","6"
"2018-02-02 06:38","5","W","9"
"2018-02-02 06:48","4","W","6"
"2018-02-02 06:58","4","W","6"
"2018-02-02 07:08","4","W","5"
"2018-02-02 07:18","4","W","5"
"2018-02-02 07:28","1","W","5"
"2018-02-02 07:38","0","WSW","4"
"2018-02-02 07:48","1","WSW","4"
"2018-02-02 07:58","0","W","0"
"2018-02-02 08:08","5","W","6"
"2018-02-02 08:18","4","W","7"
"2018-02-02 08:28","5","WSW","8"
"2018-02-02 08:38","1","WSW","7"
"2018-02-02 08:48","3","W","5"
"2018-02-02 08:58","3","W","6"
"2018-02-02 09:08","7","W","11"
"2018-02-02 09:18","10","W","15"
"2018-02-02 09:28","11","W","15"
"2018-02-02 09:38","10","W","15"
"2018-02-02 09:48","8","W","13"
"2018-02-02 09:58","9","W","13"
"2018-02-02 10:08","10","W","15"
"2018-02-02 10:18","9","W","14"
"2018-02-02 10:28","9","W","19"
"2018-02-02 10:38","10","W","18"
"2018-02-02 10:48","12","W","17"
"2018-02-02 10:58","10","WSW","18"
"2018-02-02 11:08","14","W","19"
"2018-02-02 11:18","10","W","19"
"2018-02-02 11:28","12","W","22"
"2018-02-02 11:38","9","W","18"
"2018-02-02 11:48","17","W","23"
"2018-02-02 11:58","13","W","24"
"2018-02-02 12:08","18","W","23"
"2018-02-02 12:18","14","W","23"
"2018-02-02 12:28","18","W","23"
"2018-02-02 12:38","15","W","22"
"2018-02-02 12:48","19","W","25"
"2018-02-02 12:58","11","W","29"
"2018-02-02 13:08","17","W","25"
"2018-02-02 13:18","18","W","26"
"2018-02-02 13:28","15","W","22"
"2018-02-02 13:38","10","W","22"
"2018-02-02 13:48","16","W","23"
"2018-02-02 13:58","8","W","24"
"2018-02-02 14:08","13","W","27"
"2018-02-02 14:18","15","W","26"
"2018-02-02 14:28","14","W","24"
"2018-02-02 14:38","12","W","20"
"2018-02-02 14:48","12","W","24"
"2018-02-02 15:08","15","W","26"
"2018-02-02 15:28","12","W","23"
"2018-02-02 15:48","12","W","22"
"2018-02-02 16:08","12","WNW","23"
"2018-02-02 16:28","12","W","29"
"2018-02-02 16:48","13","W","22"
"2018-02-02 17:08","11","W","18"
"2018-02-02 17:28","7","W","12"
"2018-02-02 17:48","2","W","8"
"2018-02-02 18:08","0","W","4"
"2018-02-02 18:28","0","SW","0"
"2018-02-02 18:48","0","S","0"
"2018-02-02 19:08","0","W","0"
"2018-02-02 19:28","0","W","1"
"2018-02-02 19:48","0","W","0"
"2018-02-02 20:08","0","W","0"
"2018-02-02 20:28","0","S","0"
"2018-02-02 20:48","2","W","4"
"2018-02-02 21:08","0","W","0"
"2018-02-02 21:28","0","W","0"
"2018-02-02 21:48","0","W","0"
"2018-02-02 22:08","0","W","1"
"2018-02-02 22:28","0","W","0"
"2018-02-02 22:48","0","W","0"
"2018-02-02 23:08","0","W","0"
"2018-02-02 23:28","0","W","0"
"2018-02-02 23:48","0","W","0"
"2018-02-03 00:08","0","W","0"
"2018-02-03 00:28","0","W","0"
"2018-02-03 00:48","0","W","0"
"2018-02-03 01:08","2","W","3"
"2018-02-03 01:28","0","WNW","0"
"2018-02-03 01:48","0","WNW","0"
"2018-02-03 02:08","0","WNW","0"
"2018-02-03 02:28","0","W","3"
"2018-02-03 02:48","0","NNE","0"
"2018-02-03 03:08","0","NNE","0"
"2018-02-03 03:28","0","NNE","0"
"2018-02-03 03:48","0","NNE","0"
"2018-02-03 04:08","0","NNE","0"
"2018-02-03 04:28","0","NNE","0"
"2018-02-03 04:48","0","NNE","0"
"2018-02-03 05:08","0","NNE","0"
"2018-02-03 05:28","0","NNE","0"
"2018-02-03 05:48","0","NNE","0"
"2018-02-03 06:08","0","NNE","0"
"2018-02-03 06:28","0","NNE","0"
"2018-02-03 06:48","0","NNE","0"
"2018-02-03 07:08","0","NNE","0"
"2018-02-03 07:28","0","NNE","0"
"2018-02-03 07:48","0","NNE","0"
"2018-02-03 08:08","0","NNE","0"
"2018-02-03 08:28","0","NE","0"
"2018-02-03 08:48","0","NE","0"
"2018-02-03 09:08","0","NE","0"
"2018-02-03 09:28","0","NE","0"
"2018-02-03 09:48","0","NE","0"
"2018-02-03 10:08","0","NE","0"
"2018-02-03 10:28","0","NE","0"
"2018-02-03 10:48","1","NE","3"
"2018-02-03 11:08","0","NE","2"
"2018-02-03 11:28","4","E","5"
"2018-02-03 11:48","0","NE","2"
"2018-02-03 12:08","5","WSW","9"
"2018-02-03 12:28","9","W","12"
"2018-02-03 12:48","9","W","14"
"2018-02-03 13:08","7","NW","15"
"2018-02-03 13:28","8","W","17"
"2018-02-03 13:48","12","W","16"
"2018-02-03 14:08","8","W","15"
"2018-02-03 14:28","10","W","16"
"2018-02-03 14:48","10","W","21"
"2018-02-03 15:08","10","W","19"
"2018-02-03 15:28","13","W","23"
"2018-02-03 15:48","11","WNW","21"
"2018-02-03 16:08","14","W","20"
"2018-02-03 16:28","10","W","21"
"2018-02-03 16:48","9","W","18"
"2018-02-03 17:08","9","WSW","12"
"2018-02-03 17:28","5","W","12"
"2018-02-03 17:48","3","W","10"
"2018-02-03 18:08","0","W","4"
"2018-02-03 18:28","0","W","0"
"2018-02-03 18:48","0","W","0"
"2018-02-03 19:08","0","W","0"
"2018-02-03 19:28","0","W","2"
"2018-02-03 19:48","0","W","0"
"2018-02-03 20:08","0","W","0"
"2018-02-03 20:28","0","W","0"
"2018-02-03 20:48","0","W","0"
"2018-02-03 21:08","1","W","3"
"2018-02-03 21:28","0","WNW","4"
"2018-02-03 21:48","0","WNW","0"
"2018-02-03 22:08","0","W","0"
"2018-02-03 22:28","0","W","0"
"2018-02-03 22:48","0","W","0"
"2018-02-03 23:08","0","W","0"
"2018-02-03 23:28","0","W","0"
"2018-02-03 23:48","0","W","0"
"2018-02-04 00:08","0","W","0"
"2018-02-04 00:28","0","W","0"
"2018-02-04 00:48","5","W","7"
"2018-02-04 01:08","2","WNW","4"
"2018-02-04 01:28","0","WNW","0"
"2018-02-04 01:48","0","WNW","0"
"2018-02-04 02:08","0","WNW","0"
"2018-02-04 02:28","0","WNW","0"
"2018-02-04 02:48","0","WNW","0"
"2018-02-04 03:08","0","W","4"
"2018-02-04 03:28","0","W","4"
"2018-02-04 03:48","0","W","5"
"2018-02-04 04:08","0","W","0"
"2018-02-04 04:28","0","S","0"
"2018-02-04 04:48","0","W","6"
"2018-02-04 05:08","1","W","3"
"2018-02-04 05:28","0","W","0"
"2018-02-04 05:48","0","WNW","4"
"2018-02-04 06:08","0","SSW","5"
"2018-02-04 06:28","0","WSW","0"
"2018-02-04 06:48","0","SSW","3"
"2018-02-04 07:08","0","SW","6"
"2018-02-04 07:28","4","WSW","8"
"2018-02-04 07:48","6","W","10"
"2018-02-04 08:08","5","W","8"
"2018-02-04 08:28","3","S","8"
"2018-02-04 08:48","8","WSW","12"
"2018-02-04 09:08","6","W","13"
"2018-02-04 09:28","6","W","13"
"2018-02-04 09:48","9","W","16"
"2018-02-04 10:08","8","WSW","16"
"2018-02-04 10:28","8","WSW","19"
"2018-02-04 10:48","17","W","24"
"2018-02-04 11:08","15","W","24"
"2018-02-04 11:28","15","W","24"
"2018-02-04 11:48","14","W","25"
"2018-02-04 12:08","16","W","24"
"2018-02-04 12:28","15","W","27"
"2018-02-04 12:48","15","W","22"
"2018-02-04 13:08","13","W","28"
"2018-02-04 13:28","16","W","27"
"2018-02-04 13:48","18","W","28"
"2018-02-04 14:08","15","W","25"
"2018-02-04 14:28","16","W","26"
"2018-02-04 14:48","17","W","29"
"2018-02-04 15:08","12","W","25"
"2018-02-04 15:28","14","W","26"
"2018-02-04 15:48","15","W","27"
"2018-02-04 16:08","9","W","23"
"2018-02-04 16:28","13","W","19"
"2018-02-04 16:48","4","WSW","21"
"2018-02-04 17:08","7","WSW","20"
"2018-02-04 17:28","6","W","16"
"2018-02-04 17:48","5","WSW","19"
"2018-02-04 18:08","8","SW","13"
"2018-02-04 18:28","4","SW","12"
"2018-02-04 18:48","4","WSW","11"
"2018-02-04 19:08","13","WSW","24"
"2018-02-04 19:28","13","W","20"
"2018-02-04 19:48","15","WSW","22"
"2018-02-04 20:08","10","W","19"
"2018-02-04 20:28","13","W","22"
"2018-02-04 20:48","15","W","32"
"2018-02-04 21:08","13","W","31"
"2018-02-04 21:28","12","W","23"
"2018-02-04 21:48","15","W","24"
"2018-02-04 22:08","14","W","22"
"2018-02-04 22:28","10","WNW","26"
"2018-02-04 22:48","13","W","21"
"2018-02-04 23:08","10","W","18"
"2018-02-04 23:28","5","WNW","13"
"2018-02-04 23:48","0","SSW","6"
"2018-02-05 00:08","6","W","10"
"2018-02-05 00:28","0","WSW","3"
"2018-02-05 00:48","0","SW","3"
"2018-02-05 01:08","0","W","3"
"2018-02-05 01:28","0","WNW","7"
"2018-02-05 01:48","0","SSW","5"
"2018-02-05 02:08","0","SW","4"
"2018-02-05 02:28","0","SW","4"
"2018-02-05 02:48","4","W","7"
"2018-02-05 03:08","2","W","6"
"2018-02-05 03:28","1","WSW","6"
"2018-02-05 03:48","1","SW","6"
"2018-02-05 04:08","3","W","6"
"2018-02-05 04:28","3","W","7"
"2018-02-05 04:48","0","S","9"
"2018-02-05 05:08","3","W","7"
"2018-02-05 05:28","0","W","6"
"2018-02-05 05:48","2","W","10"
"2018-02-05 06:08","1","W","11"
"2018-02-05 06:28","3","W","9"
"2018-02-05 06:48","1","SSW","4"
"2018-02-05 07:08","0","W","7"
"2018-02-05 07:28","5","SW","8"
"2018-02-05 07:48","2","SSW","4"
"2018-02-05 08:08","2","SSW","6"
"2018-02-05 08:28","1","S","4"
"2018-02-05 08:48","0","SSW","0"
"2018-02-05 09:08","1","SW","5"
"2018-02-05 09:28","5","W","7"
"2018-02-05 09:48","9","W","15"
"2018-02-05 10:08","10","W","18"
"2018-02-05 10:28","7","WSW","15"
"2018-02-05 10:48","12","W","19"
"2018-02-05 11:08","13","W","18"
"2018-02-05 11:28","10","W","22"
"2018-02-05 11:48","10","W","13"
"2018-02-05 12:08","12","W","21"
"2018-02-05 12:28","15","W","21"
"2018-02-05 12:48","11","WSW","24"
"2018-02-05 13:08","16","W","21"
"2018-02-05 13:28","13","W","21"
"2018-02-05 13:48","16","W","26"
"2018-02-05 14:08","19","W","29"
"2018-02-05 14:28","17","W","24"
"2018-02-05 14:48","10","W","20"
"2018-02-05 15:08","14","W","24"
"2018-02-05 15:28","11","W","27"
"2018-02-05 15:48","8","NW","22"
"2018-02-05 16:08","11","W","24"
"2018-02-05 16:28","8","W","24"
"2018-02-05 16:48","14","W","23"
"2018-02-05 17:08","13","W","24"
"2018-02-05 17:28","11","W","20"
"2018-02-05 17:48","4","W","15"
"2018-02-05 18:08","3","W","7"
"2018-02-05 18:28","2","W","6"
"2018-02-05 18:48","0","S","4"
"2018-02-05 19:08","0","SW","0"
"2018-02-05 19:28","0","SSW","5"
"2018-02-05 19:48","2","W","4"
"2018-02-05 20:08","0","WNW","2"
"2018-02-05 20:28","1","W","3"
"2018-02-05 20:48","5","W","8"
"2018-02-05 21:08","4","W","6"
"2018-02-05 21:28","5","WNW","7"
"2018-02-05 21:48","5","NW","10"
"2018-02-05 22:08","4","W","6"
"2018-02-05 22:28","6","WNW","11"
"2018-02-05 22:48","4","W","5"
"2018-02-05 23:08","5","WNW","9"
"2018-02-05 23:28","4","W","6"
"2018-02-05 23:48","4","W","6"
"2018-02-06 00:08","3","WSW","6"
"2018-02-06 00:28","0","W","0"
"2018-02-06 00:48","0","W","4"
"2018-02-06 01:08","0","W","0"
"2018-02-06 01:28","3","W","7"
"2018-02-06 01:48","5","W","8"
"2018-02-06 02:08","5","W","7"
"2018-02-06 02:28","7","W","8"
"2018-02-06 02:48","6","W","9"
"2018-02-06 03:08","6","W","8"
"2018-02-06 03:28","6","W","9"
"2018-02-06 03:48","6","W","11"
"2018-02-06 04:08","6","W","8"
"2018-02-06 04:28","7","W","10"
"2018-02-06 04:48","6","W","9"
"2018-02-06 05:08","1","W","6"
"2018-02-06 05:28","0","W","3"
"2018-02-06 05:48","0","WSW","5"
"2018-02-06 06:08","3","W","6"
"2018-02-06 06:28","0","S","0"
"2018-02-06 06:48","3","SW","6"
"2018-02-06 07:08","3","SSW","5"
"2018-02-06 07:28","0","SSW","1"
"2018-02-06 07:48","2","SSW","6"
"2018-02-06 08:08","1","SW","7"
"2018-02-06 08:28","5","SW","8"
"2018-02-06 08:48","0","W","6"
"2018-02-06 09:08","7","W","12"
"2018-02-06 09:28","14","W","19"
"2018-02-06 09:48","14","W","22"
"2018-02-06 10:08","12","W","23"
"2018-02-06 10:28","9","W","16"
"2018-02-06 10:48","11","W","17"
"2018-02-06 11:08","8","W","18"
"2018-02-06 11:28","10","W","20"
"2018-02-06 11:48","11","WSW","27"
"2018-02-06 12:08","17","W","27"
"2018-02-06 12:28","16","W","24"
"2018-02-06 12:48","19","W","29"
"2018-02-06 13:08","11","WSW","26"
"2018-02-06 13:28","14","W","30"
"2018-02-06 13:48","11","W","21"
"2018-02-06 14:08","14","W","26"
"2018-02-06 14:28","12","W","23"
"2018-02-06 14:48","6","WNW","22"
"2018-02-06 15:08","13","W","25"
"2018-02-06 15:28","18","W","23"
"2018-02-06 15:48","11","W","23"
"2018-02-06 16:08","15","W","21"
"2018-02-06 16:28","6","W","14"
"2018-02-06 16:48","7","W","13"
"2018-02-06 17:08","4","SW","11"
"2018-02-06 17:28","7","W","15"
"2018-02-06 17:48","1","SW","5"
"2018-02-06 18:08","0","S","3"
"2018-02-06 18:28","3","SSW","6"
"2018-02-06 18:48","4","SSW","9"
"2018-02-06 19:08","1","SSW","6"
"2018-02-06 19:28","1","S","4"
"2018-02-06 19:48","2","SSW","7"
"2018-02-06 20:08","2","S","7"
"2018-02-06 20:28","2","SSW","8"
"2018-02-06 20:48","4","SSW","8"
"2018-02-06 21:08","0","S","5"
"2018-02-06 21:28","1","S","4"
"2018-02-06 21:48","3","S","6"
"2018-02-06 22:08","1","SW","6"
"2018-02-06 22:28","3","SSW","8"
"2018-02-06 22:48","3","SW","7"
"2018-02-06 23:08","4","SSW","7"
"2018-02-06 23:28","2","SSW","5"
"2018-02-06 23:48","1","SSW","6"
"2018-02-07 00:08","3","WSW","8"
"2018-02-07 00:28","4","SW","8"
"2018-02-07 00:48","4","SSW","7"
"2018-02-07 01:08","3","SW","6"
"2018-02-07 01:28","3","SSW","7"
"2018-02-07 01:48","1","W","3"
"2018-02-07 02:08","1","WSW","9"
"2018-02-07 02:28","4","W","6"
"2018-02-07 02:49","5","W","7"
"2018-02-07 03:08","4","W","7"
"2018-02-07 03:28","4","W","10"
"2018-02-07 03:48","3","W","10"
"2018-02-07 04:08","0","W","3"
"2018-02-07 04:28","0","SW","2"
"2018-02-07 04:48","3","SSW","6"
"2018-02-07 05:08","0","SSW","3"
"2018-02-07 05:28","0","S","3"
"2018-02-07 05:48","1","S","4"
"2018-02-07 06:08","2","W","7"
"2018-02-07 06:28","1","W","6"
"2018-02-07 06:48","1","SSW","5"
"2018-02-07 07:08","0","W","0"
"2018-02-07 07:28","0","S","0"
"2018-02-07 07:48","3","S","5"
"2018-02-07 08:08","1","S","3"
"2018-02-07 08:28","1","S","4"
"2018-02-07 08:48","2","S","5"
"2018-02-07 09:08","2","S","6"
"2018-02-07 09:28","8","W","13"
"2018-02-07 09:48","10","W","16"
"2018-02-07 10:08","15","W","19"
"2018-02-07 10:28","12","W","21"
"2018-02-07 10:48","18","WSW","21"
"2018-02-07 11:08","18","W","28"
"2018-02-07 11:28","14","W","23"
"2018-02-07 11:48","14","WSW","26"
"2018-02-07 12:08","14","W","26"
"2018-02-07 12:28","19","W","27"
"2018-02-07 12:48","13","W","24"
"2018-02-07 13:08","16","W","28"
"2018-02-07 13:28","20","W","28"
"2018-02-07 13:48","15","W","24"
"2018-02-07 14:08","13","W","22"
"2018-02-07 14:28","17","W","32"
"2018-02-07 14:48","17","W","26"
"2018-02-07 15:08","24","W","35"
"2018-02-07 15:28","17","W","29"
"2018-02-07 15:48","16","WNW","28"
"2018-02-07 16:08","11","W","24"
"2018-02-07 16:28","16","W","24"
"2018-02-07 16:48","19","W","31"
"2018-02-07 17:08","18","W","27"
"2018-02-07 17:28","10","W","23"
"2018-02-07 17:48","9","W","20"
"2018-02-07 18:08","5","W","19"
"2018-02-07 18:28","4","WSW","9"
"2018-02-07 18:48","1","SW","5"
"2018-02-07 19:08","0","S","3"
"2018-02-07 19:28","0","SSW","5"
"2018-02-07 19:48","0","WSW","4"
"2018-02-07 20:08","0","S","0"
"2018-02-07 20:28","0","SSW","0"
"2018-02-07 20:48","0","SSW","1"
"2018-02-07 21:08","3","SSW","5"
"2018-02-07 21:28","1","WNW","3"
"2018-02-07 21:48","0","WSW","3"
"2018-02-07 22:08","0","W","3"
"2018-02-07 22:28","0","SSW","3"
"2018-02-07 22:48","0","W","0"
"2018-02-07 23:08","1","W","5"
"2018-02-07 23:28","0","SSW","4"
"2018-02-07 23:48","3","W","5"
"2018-02-08 00:08","4","W","6"
"2018-02-08 00:28","4","W","6"
"2018-02-08 00:48","0","SW","1"
"2018-02-08 01:08","0","WSW","3"
"2018-02-08 01:28","2","W","4"
"2018-02-08 01:48","5","W","6"
"2018-02-08 02:08","1","WSW","5"
"2018-02-08 02:28","1","WNW","4"
"2018-02-08 02:48","3","W","7"
"2018-02-08 03:08","0","NNE","0"
"2018-02-08 03:28","0","NE","0"
"2018-02-08 03:48","0","W","0"
"2018-02-08 04:08","1","WSW","3"
"2018-02-08 04:28","1","WSW","4"
"2018-02-08 04:48","1","W","5"
"2018-02-08 05:08","3","W","5"
"2018-02-08 05:28","4","W","6"
"2018-02-08 05:48","3","WSW","5"
"2018-02-08 06:08","1","W","4"
"2018-02-08 06:28","1","WNW","3"
"2018-02-08 06:48","0","W","0"
"2018-02-08 07:08","0","W","0"
"2018-02-08 07:28","0","W","0"
"2018-02-08 07:48","0","W","0"
"2018-02-08 08:08","0","W","0"
"2018-02-08 08:28","2","W","3"
"2018-02-08 08:48","3","W","4"
"2018-02-08 09:08","5","W","6"
"2018-02-08 09:28","6","W","9"
"2018-02-08 09:48","8","W","10"
"2018-02-08 10:08","8","W","12"
"2018-02-08 10:28","7","WNW","12"
"2018-02-08 10:48","5","W","12"
"2018-02-08 11:08","7","W","15"
"2018-02-08 11:28","8","W","14"
"2018-02-08 11:48","6","W","18"
"2018-02-08 12:08","9","WNW","17"
"2018-02-08 12:28","8","W","15"
"2018-02-08 12:48","14","W","20"
"2018-02-08 13:08","9","WNW","21"
"2018-02-08 13:28","13","W","19"
"2018-02-08 13:48","10","WNW","17"
"2018-02-08 14:08","6","NW","14"
"2018-02-08 14:28","7","NW","17"
"2018-02-08 14:48","14","W","24"
"2018-02-08 15:08","8","WNW","22"
"2018-02-08 15:28","14","W","24"
"2018-02-08 15:48","8","W","22"
"2018-02-08 16:08","12","W","22"
"2018-02-08 16:28","8","W","19"
"2018-02-08 16:48","9","WNW","14"
"2018-02-08 17:08","6","WNW","14"
"2018-02-08 17:28","5","WNW","15"
"2018-02-08 17:48","5","W","12"
"2018-02-08 18:08","0","SW","2"
"2018-02-08 18:28","0","S","0"
"2018-02-08 18:48","0","W","0"
"2018-02-08 19:08","0","W","0"
"2018-02-08 19:28","2","W","4"
"2018-02-08 19:48","0","W","3"
"2018-02-08 20:08","0","WSW","3"
"2018-02-08 20:28","0","SSW","1"
"2018-02-08 20:48","0","WSW","0"
"2018-02-08 21:08","0","WSW","0"
"2018-02-08 21:28","0","WSW","0"
"2018-02-08 21:48","0","SW","1"
"2018-02-08 22:08","0","W","0"
"2018-02-08 22:28","0","W","0"
"2018-02-08 22:48","0","W","0"
"2018-02-08 23:08","0","SW","0"
"2018-02-08 23:28","0","W","4"
"2018-02-08 23:48","0","WSW","0"
"2018-02-09 00:08","1","SW","3"
"2018-02-09 00:28","0","SSW","0"
"2018-02-09 00:48","0","S","0"
"2018-02-09 01:08","1","W","5"
"2018-02-09 01:28","0","WSW","3"
"2018-02-09 01:48","0","S","1"
"2018-02-09 02:08","2","S","5"
"2018-02-09 02:28","1","S","6"
"2018-02-09 02:48","2","S","5"
"2018-02-09 03:08","1","S","4"
"2018-02-09 03:28","0","S","3"
"2018-02-09 03:48","0","SW","0"
"2018-02-09 04:08","0","SSE","0"
"2018-02-09 04:28","0","WNW","1"
"2018-02-09 04:48","0","SSW","2"
"2018-02-09 05:08","3","W","8"
"2018-02-09 05:28","5","W","9"
"2018-02-09 05:48","3","SW","7"
"2018-02-09 06:08","1","WSW","6"
"2018-02-09 06:28","3","SW","8"
"2018-02-09 06:48","5","W","13"
"2018-02-09 07:08","7","W","13"
"2018-02-09 07:28","5","W","10"
"2018-02-09 07:48","4","SW","12"
"2018-02-09 08:08","1","W","6"
"2018-02-09 08:28","10","W","15"
"2018-02-09 08:48","8","W","13"
"2018-02-09 09:08","8","W","14"
"2018-02-09 09:28","15","W","21"
"2018-02-09 09:48","13","W","23"
"2018-02-09 10:08","15","W","23"
"2018-02-09 10:28","14","W","23"
"2018-02-09 10:48","10","W","18"
"2018-02-09 11:08","13","W","23"
"2018-02-09 11:28","12","WSW","19"
"2018-02-09 11:48","14","W","27"
"2018-02-09 12:08","17","W","25"
"2018-02-09 12:28","16","W","26"
"2018-02-09 12:48","12","WSW","24"
"2018-02-09 13:08","10","W","23"
"2018-02-09 13:28","15","W","26"
"2018-02-09 13:48","17","W","28"
"2018-02-09 14:08","17","W","25"
"2018-02-09 14:28","15","W","26"
"2018-02-09 14:48","16","W","23"
"2018-02-09 15:08","10","W","24"
"2018-02-09 15:28","14","WSW","26"
"2018-02-09 15:48","15","W","29"
"2018-02-09 16:08","9","W","22"
"2018-02-09 16:28","8","WSW","20"
"2018-02-09 16:48","9","SW","20"
"2018-02-09 17:08","8","SW","14"
"2018-02-09 17:28","7","SW","20"
"2018-02-09 17:48","7","SW","18"
"2018-02-09 18:08","4","W","11"
"2018-02-09 18:28","3","WSW","17"
"2018-02-09 18:48","5","SW","13"
"2018-02-09 19:08","6","WSW","20"
"2018-02-09 19:28","3","SSW","15"
"2018-02-09 19:48","6","SW","14"
"2018-02-09 20:08","5","SSW","15"
"2018-02-09 20:28","7","WSW","15"
"2018-02-09 20:48","7","WSW","17"
"2018-02-09 21:08","9","WSW","18"
"2018-02-09 21:28","7","SW","18"
"2018-02-09 21:48","5","W","14"
"2018-02-09 22:08","6","WSW","13"
"2018-02-09 22:28","10","W","21"
"2018-02-09 22:48","10","WSW","21"
"2018-02-09 23:08","11","W","20"
"2018-02-09 23:28","11","W","21"
"2018-02-09 23:48","10","WNW","19"
"2018-02-10 00:08","13","WSW","22"
"2018-02-10 00:28","13","W","22"
"2018-02-10 00:48","17","W","27"
"2018-02-10 01:08","14","W","27"
"2018-02-10 01:28","15","W","25"
"2018-02-10 01:48","13","W","24"
"2018-02-10 02:08","8","W","15"
"2018-02-10 02:28","10","W","18"
"2018-02-10 02:48","6","W","13"
"2018-02-10 03:14","5","W","10"
"2018-02-10 03:28","4","W","10"
"2018-02-10 03:48","6","W","11"
"2018-02-10 04:08","6","W","12"
"2018-02-10 04:28","5","W","9"
"2018-02-10 04:48","7","W","10"
"2018-02-10 05:08","9","W","15"
"2018-02-10 05:28","4","W","9"
"2018-02-10 05:48","5","W","10"
"2018-02-10 06:08","6","W","11"
"2018-02-10 06:28","5","W","9"
"2018-02-10 06:48","2","WNW","4"
"2018-02-10 07:08","5","W","8"
"2018-02-10 07:28","7","W","10"
"2018-02-10 07:48","6","W","11"
"2018-02-10 08:08","6","WSW","12"
"2018-02-10 08:28","4","W","10"
"2018-02-10 08:48","0","WSW","4"
"2018-02-10 09:08","6","WSW","9"
"2018-02-10 09:28","10","W","17"
"2018-02-10 09:48","12","W","21"
"2018-02-10 10:08","8","W","13"
"2018-02-10 10:28","6","W","16"
"2018-02-10 10:48","12","WSW","17"
"2018-02-10 11:08","11","W","18"
"2018-02-10 11:28","9","W","17"
"2018-02-10 11:48","9","W","15"
"2018-02-10 12:08","8","WNW","16"
"2018-02-10 12:28","12","W","17"
"2018-02-10 12:48","12","W","16"
"2018-02-10 13:08","8","W","18"
"2018-02-10 13:28","16","W","20"
"2018-02-10 13:48","9","W","23"
"2018-02-10 14:08","12","W","21"
"2018-02-10 14:28","12","W","18"
"2018-02-10 14:48","11","W","19"
"2018-02-10 15:08","7","W","24"
"2018-02-10 15:28","10","WSW","19"
"2018-02-10 15:48","15","W","22"
"2018-02-10 16:08","11","W","19"
"2018-02-10 16:28","6","W","13"
"2018-02-10 16:48","6","W","15"
"2018-02-10 17:08","4","W","12"
"2018-02-10 17:28","1","W","6"
"2018-02-10 17:48","3","S","6"
"2018-02-10 18:08","1","S","3"
"2018-02-10 18:28","0","SSE","0"
"2018-02-10 18:48","0","SE","0"
"2018-02-10 19:08","0","S","0"
"2018-02-10 19:28","0","S","8"
"2018-02-10 19:48","1","S","3"
"2018-02-10 20:08","3","S","9"
"2018-02-10 20:28","0","SSW","5"
"2018-02-10 20:48","1","SSE","6"
"2018-02-10 21:08","0","S","4"
"2018-02-10 21:28","1","ESE","4"
"2018-02-10 21:48","0","SE","5"
"2018-02-10 22:08","0","SE","4"
"2018-02-10 22:28","1","SSE","4"
"2018-02-10 22:48","3","SSE","4"
"2018-02-10 23:08","0","ENE","0"
"2018-02-10 23:28","0","ENE","0"
"2018-02-10 23:48","0","ENE","0"
"2018-02-11 00:08","0","WSW","2"
"2018-02-11 00:28","0","SSW","4"
"2018-02-11 00:48","2","SSW","5"
"2018-02-11 01:08","1","S","3"
"2018-02-11 01:28","0","SSW","3"
"2018-02-11 01:48","0","SSW","4"
"2018-02-11 02:08","0","S","0"
"2018-02-11 02:28","1","SSW","6"
"2018-02-11 02:48","0","W","0"
"2018-02-11 03:08","0","WSW","2"
"2018-02-11 03:28","3","SSW","8"
"2018-02-11 03:48","3","S","10"
"2018-02-11 04:08","3","SSW","6"
"2018-02-11 04:28","3","SSW","5"
"2018-02-11 04:48","3","S","4"
"2018-02-11 05:08","1","S","3"
"2018-02-11 05:28","3","S","6"
"2018-02-11 05:48","1","S","6"
"2018-02-11 06:08","1","SSW","6"
"2018-02-11 06:28","0","SSE","3"
"2018-02-11 06:48","0","E","0"
"2018-02-11 07:08","0","ESE","0"
"2018-02-11 07:28","0","W","2"
"2018-02-11 07:48","0","SSE","0"
"2018-02-11 08:08","0","SSE","0"
"2018-02-11 08:28","3","SE","5"
"2018-02-11 08:48","1","SSW","4"
"2018-02-11 09:08","1","SSW","6"
"2018-02-11 09:28","3","SSW","9"
"2018-02-11 09:48","4","W","10"
"2018-02-11 10:08","6","W","9"
"2018-02-11 10:28","6","W","11"
"2018-02-11 10:48","8","WSW","18"
"2018-02-11 11:08","6","W","15"
"2018-02-11 11:28","4","WSW","16"
"2018-02-11 11:48","8","WSW","20"
"2018-02-11 12:08","7","W","21"
"2018-02-11 12:28","12","WSW","28"
"2018-02-11 12:48","12","W","22"
"2018-02-11 13:08","16","W","27"
"2018-02-11 13:28","19","W","24"
"2018-02-11 13:48","13","W","24"
"2018-02-11 14:08","11","W","18"
"2018-02-11 14:28","9","W","18"
"2018-02-11 14:48","13","WSW","19"
"2018-02-11 15:08","11","WNW","18"
"2018-02-11 15:28","12","WNW","22"
"2018-02-11 15:48","18","W","28"
"2018-02-11 16:08","12","WNW","22"
"2018-02-11 16:28","15","W","27"
"2018-02-11 16:48","14","W","24"
"2018-02-11 17:08","14","W","28"
"2018-02-11 17:28","15","W","26"
"2018-02-11 17:48","12","WNW","21"
"2018-02-11 18:08","10","W","19"
"2018-02-11 18:28","13","W","19"
"2018-02-11 18:48","7","W","17"
"2018-02-11 19:08","10","W","19"
"2018-02-11 19:28","10","W","22"
"2018-02-11 19:48","12","WNW","22"
"2018-02-11 20:08","9","W","17"
"2018-02-11 20:28","11","W","21"
"2018-02-11 20:48","9","W","17"
"2018-02-11 21:08","9","WNW","22"
"2018-02-11 21:28","9","W","18"
"2018-02-11 21:48","7","WNW","19"
"2018-02-11 22:08","11","W","20"
"2018-02-11 22:28","11","WNW","19"
"2018-02-11 22:48","10","W","16"
"2018-02-11 23:08","13","W","19"
"2018-02-11 23:28","7","W","19"
"2018-02-11 23:48","7","NW","17"
"2018-02-12 00:08","9","WNW","22"
"2018-02-12 00:28","9","WNW","24"
"2018-02-12 00:48","10","WNW","20"
"2018-02-12 01:08","6","WNW","17"
"2018-02-12 01:28","6","NW","16"
"2018-02-12 01:48","8","WNW","22"
"2018-02-12 02:08","13","W","25"
"2018-02-12 02:28","8","WNW","22"
"2018-02-12 02:48","10","WNW","21"
"2018-02-12 03:08","8","W","14"
"2018-02-12 03:28","10","W","15"
"2018-02-12 03:48","6","W","10"
"2018-02-12 04:08","10","W","19"
"2018-02-12 04:28","8","NW","14"
"2018-02-12 04:48","6","WNW","12"
"2018-02-12 05:08","5","W","13"
"2018-02-12 05:28","7","WNW","15"
"2018-02-12 05:48","4","WNW","13"
"2018-02-12 06:08","4","W","7"
"2018-02-12 06:28","2","NW","6"
"2018-02-12 06:48","0","NW","5"
"2018-02-12 07:08","0","WSW","0"
"2018-02-12 07:28","6","W","8"
"2018-02-12 07:48","5","W","8"
"2018-02-12 08:08","5","W","11"
"2018-02-12 08:28","6","W","12"
"2018-02-12 08:48","6","W","8"
"2018-02-12 09:08","13","W","19"
"2018-02-12 09:28","10","W","16"
"2018-02-12 09:48","11","W","19"
"2018-02-12 10:08","14","W","23"
"2018-02-12 10:28","15","W","22"
"2018-02-12 10:48","19","W","28"
"2018-02-12 11:08","13","W","22"
"2018-02-12 11:28","17","W","25"
"2018-02-12 11:48","20","W","28"
"2018-02-12 12:08","13","NW","29"
"2018-02-12 12:28","15","W","23"
"2018-02-12 12:48","21","W","27"
"2018-02-12 13:08","17","W","26"
"2018-02-12 13:28","17","W","23"
"2018-02-12 13:48","16","W","22"
"2018-02-12 14:08","15","W","24"
"2018-02-12 14:28","15","W","24"
"2018-02-12 14:48","17","W","25"
"2018-02-12 15:08","19","W","28"
"2018-02-12 15:28","13","W","21"
"2018-02-12 15:48","17","W","26"
"2018-02-12 16:08","13","W","27"
"2018-02-12 16:28","13","W","27"
"2018-02-12 16:48","11","W","19"
"2018-02-12 17:08","10","W","24"
"2018-02-12 17:28","9","W","17"
"2018-02-12 17:48","7","W","20"
"2018-02-12 18:08","5","W","12"
"2018-02-12 18:28","0","SSW","6"
"2018-02-12 18:48","1","SW","8"
"2018-02-12 19:08","3","W","8"
"2018-02-12 19:28","2","SW","7"
"2018-02-12 19:48","2","SW","6"
"2018-02-12 20:08","0","SW","5"
"2018-02-12 20:28","2","WSW","8"
"2018-02-12 20:48","4","SW","10"
"2018-02-12 21:08","3","W","8"
"2018-02-12 21:28","0","SSW","10"
"2018-02-12 21:48","1","SSW","7"
"2018-02-12 22:08","2","SW","9"
"2018-02-12 22:28","3","NW","10"
"2018-02-12 22:48","5","SW","8"
"2018-02-12 23:08","1","SSE","10"
"2018-02-12 23:28","7","WSW","12"
"2018-02-12 23:48","5","W","24"
"2018-02-13 00:08","3","W","12"
"2018-02-13 00:28","4","W","13"
"2018-02-13 00:48","1","W","11"
"2018-02-13 01:08","1","W","10"
"2018-02-13 01:28","2","SW","7"
"2018-02-13 01:48","5","WSW","12"
"2018-02-13 02:08","7","W","16"
"2018-02-13 02:28","5","WSW","11"
"2018-02-13 02:48","5","WSW","13"
"2018-02-13 03:08","3","WSW","14"
"2018-02-13 03:28","3","SW","12"
"2018-02-13 03:48","3","S","8"
"2018-02-13 04:08","2","SW","8"
"2018-02-13 04:28","4","S","7"
"2018-02-13 04:48","2","SSE","8"
"2018-02-13 05:08","2","SSE","8"
"2018-02-13 05:28","3","S","9"
"2018-02-13 05:48","1","SSE","6"
"2018-02-13 06:08","3","SSE","6"
"2018-02-13 06:28","3","S","6"
"2018-02-13 06:48","3","SSW","6"
"2018-02-13 07:08","3","WSW","7"
"2018-02-13 07:28","2","SW","7"
"2018-02-13 07:48","5","SSW","14"
"2018-02-13 08:08","5","SSW","14"
"2018-02-13 08:28","5","SSW","15"
"2018-02-13 08:48","6","S","20"
"2018-02-13 09:08","9","SSW","22"
"2018-02-13 09:28","8","SSW","19"
"2018-02-13 09:48","7","W","19"
"2018-02-13 10:08","10","W","20"
"2018-02-13 10:28","7","SSW","27"
"2018-02-13 10:48","8","SW","25"
"2018-02-13 11:08","4","SSW","21"
"2018-02-13 11:28","9","WSW","21"
"2018-02-13 11:48","8","SSW","22"
"2018-02-13 12:08","7","S","27"
"2018-02-13 12:28","8","WSW","23"
"2018-02-13 12:48","6","W","27"
"2018-02-13 13:08","7","S","26"
"2018-02-13 13:28","8","SSW","27"
"2018-02-13 13:48","9","SSE","21"
"2018-02-13 14:08","9","WSW","27"
"2018-02-13 14:28","13","SW","33"
"2018-02-13 14:48","10","SSE","34"
"2018-02-13 15:08","12","WSW","25"
"2018-02-13 15:28","13","W","33"
"2018-02-13 15:48","9","SSW","32"
"2018-02-13 16:08","12","S","29"
"2018-02-13 16:28","13","SW","31"
"2018-02-13 16:48","12","SSW","25"
"2018-02-13 17:08","13","SSW","31"
"2018-02-13 17:28","10","SW","28"
"2018-02-13 17:48","8","SSW","23"
"2018-02-13 18:08","12","SSW","29"
"2018-02-13 18:28","7","SW","23"
"2018-02-13 18:48","6","SSW","30"
"2018-02-13 19:08","11","SSW","31"
"2018-02-13 19:28","7","SW","28"
"2018-02-13 19:48","6","SW","21"
"2018-02-13 20:08","6","SW","23"
"2018-02-13 20:28","10","SW","22"
"2018-02-13 20:48","10","SW","21"
"2018-02-13 21:08","6","W","19"
"2018-02-13 21:28","5","SSW","18"
"2018-02-13 21:48","9","WSW","22"
"2018-02-13 22:08","5","WSW","19"
"2018-02-13 22:28","10","SSW","29"
"2018-02-13 22:48","10","WSW","20"
"2018-02-13 23:08","8","SW","19"
"2018-02-13 23:28","7","SW","22"
"2018-02-13 23:48","10","W","18"
"2018-02-14 00:08","10","WSW","19"
"2018-02-14 00:28","9","WSW","19"
"2018-02-14 00:48","7","W","15"
"2018-02-14 01:08","5","SW","18"
"2018-02-14 01:28","6","W","14"
"2018-02-14 01:48","5","SW","17"
"2018-02-14 02:08","8","WSW","17"
"2018-02-14 02:28","8","SW","14"
"2018-02-14 02:49","8","W","15"
"2018-02-14 03:08","6","WSW","15"
"2018-02-14 03:28","8","W","15"
"2018-02-14 03:48","8","W","18"
"2018-02-14 04:08","9","W","18"
"2018-02-14 04:28","12","WSW","23"
"2018-02-14 04:48","12","WSW","21"
"2018-02-14 05:08","7","W","18"
"2018-02-14 05:28","9","W","21"
"2018-02-14 05:48","9","WSW","23"
"2018-02-14 06:08","8","W","16"
"2018-02-14 06:28","2","SW","12"
"2018-02-14 06:48","2","SW","9"
"2018-02-14 07:08","3","SSW","6"
"2018-02-14 07:28","4","SW","8"
"2018-02-14 07:48","3","SW","8"
"2018-02-14 08:08","3","SSW","7"
"2018-02-14 08:28","3","SSW","9"
"2018-02-14 08:48","2","SSW","5"
"2018-02-14 09:08","2","ESE","7"
"2018-02-14 09:28","2","SW","9"
"2018-02-14 09:48","4","WNW","9"
"2018-02-14 10:08","7","W","12"
"2018-02-14 10:28","10","W","21"
"2018-02-14 10:48","11","WSW","24"
"2018-02-14 11:08","10","W","24"
"2018-02-14 11:28","12","W","18"
"2018-02-14 11:48","10","W","15"
"2018-02-14 12:08","8","W","14"
"2018-02-14 12:28","2","SE","16"
"2018-02-14 12:48","4","WSW","11"
"2018-02-14 13:08","5","WNW","12"
"2018-02-14 13:28","4","SW","13"
"2018-02-14 13:48","3","S","11"
"2018-02-14 14:08","3","SSW","7"
"2018-02-14 14:28","4","SE","10"
"2018-02-14 14:48","2","S","9"
"2018-02-14 15:08","6","WSW","12"
"2018-02-14 15:28","4","S","13"
"2018-02-14 15:48","0","W","11"
"2018-02-14 16:08","1","W","9"
"2018-02-14 16:28","0","SSE","3"
"2018-02-14 16:48","0","W","4"
"2018-02-14 17:08","0","NW","0"
"2018-02-14 17:28","0","NE","0"
"2018-02-14 17:48","0","ESE","0"
"2018-02-14 18:08","2","E","9"
"2018-02-14 18:28","0","S","4"
"2018-02-14 18:48","1","SE","5"
"2018-02-14 19:08","1","S","9"
"2018-02-14 19:28","1","ESE","7"
"2018-02-14 19:48","0","S","0"
"2018-02-14 20:08","0","ESE","0"
"2018-02-14 20:28","0","SE","0"
"2018-02-14 20:48","0","E","0"
"2018-02-14 21:08","0","E","0"
"2018-02-14 21:28","0","ENE","0"
"2018-02-14 21:48","0","E","4"
"2018-02-14 22:08","5","ENE","12"
"2018-02-14 22:28","6","ENE","11"
"2018-02-14 22:48","4","ENE","9"
"2018-02-14 23:08","4","ENE","9"
"2018-02-14 23:28","10","ENE","20"
"2018-02-14 23:48","10","ENE","18"
"2018-02-15 00:08","9","ENE","14"
"2018-02-15 00:28","8","ENE","17"
"2018-02-15 00:48","6","ENE","19"
"2018-02-15 01:08","9","ENE","19"
"2018-02-15 01:28","13","ENE","19"
"2018-02-15 01:48","9","E","19"
"2018-02-15 02:08","11","ENE","23"
"2018-02-15 02:28","12","ENE","23"
"2018-02-15 02:48","8","ENE","23"
"2018-02-15 03:08","9","NE","18"
"2018-02-15 03:28","10","NE","23"
"2018-02-15 03:48","13","ENE","20"
"2018-02-15 04:08","6","NNE","14"
"2018-02-15 04:28","7","ENE","13"
"2018-02-15 04:48","10","ENE","21"
"2018-02-15 05:08","8","ENE","18"
"2018-02-15 05:28","10","ENE","17"
"2018-02-15 05:48","9","ENE","21"
"2018-02-15 06:08","6","ENE","17"
"2018-02-15 06:28","12","NE","26"
"2018-02-15 06:48","9","ENE","17"
"2018-02-15 07:08","7","NE","25"
"2018-02-15 07:28","6","ENE","21"
"2018-02-15 07:48","6","NE","18"
"2018-02-15 08:08","6","NNE","22"
"2018-02-15 08:28","7","N","14"
"2018-02-15 08:48","7","ENE","15"
"2018-02-15 09:08","8","N","24"
"2018-02-15 09:28","7","NE","22"
"2018-02-15 09:48","5","N","21"
"2018-02-15 10:08","6","NE","12"
"2018-02-15 10:28","9","NNE","21"
"2018-02-15 10:48","6","NE","15"
"2018-02-15 11:08","5","N","16"
"2018-02-15 11:28","6","NNE","13"
"2018-02-15 11:48","4","N","18"
"2018-02-15 12:08","5","NNW","13"
"2018-02-15 12:28","5","NW","16"
"2018-02-15 12:48","5","N","14"
"2018-02-15 13:08","3","N","13"
"2018-02-15 13:28","3","N","12"
"2018-02-15 13:48","7","N","11"
"2018-02-15 14:08","5","NNE","11"
"2018-02-15 14:28","5","WNW","13"
"2018-02-15 14:48","4","WSW","10"
"2018-02-15 15:08","5","NW","13"
"2018-02-15 15:28","6","NW","13"
"2018-02-15 15:48","1","N","9"
"2018-02-15 16:08","2","NE","7"
"2018-02-15 16:28","4","NW","11"
"2018-02-15 16:48","4","N","12"
"2018-02-15 17:08","3","N","10"
"2018-02-15 17:28","1","ENE","7"
"2018-02-15 17:48","0","ESE","4"
"2018-02-15 18:08","0","ENE","0"
"2018-02-15 18:28","0","NNE","0"
"2018-02-15 18:48","0","E","0"
"2018-02-15 19:08","0","NW","0"
"2018-02-15 19:28","0","WNW","2"
"2018-02-15 19:48","0","NNW","0"
"2018-02-15 20:08","5","W","9"
"2018-02-15 20:28","6","WNW","9"
"2018-02-15 20:48","5","W","12"
"2018-02-15 21:08","5","W","9"
"2018-02-15 21:28","6","W","10"
"2018-02-15 21:48","4","W","8"
"2018-02-15 22:08","4","WNW","9"
"2018-02-15 22:28","12","W","20"
"2018-02-15 22:48","14","W","23"
"2018-02-15 23:08","9","WNW","22"
"2018-02-15 23:28","9","WNW","21"
"2018-02-15 23:48","6","W","13"
"2018-02-16 00:08","5","WNW","17"
"2018-02-16 00:28","5","W","8"
"2018-02-16 00:48","5","W","8"
"2018-02-16 01:08","6","W","10"
"2018-02-16 01:28","6","WNW","16"
"2018-02-16 01:48","6","WNW","14"
"2018-02-16 02:08","6","W","12"
"2018-02-16 02:28","8","W","15"
"2018-02-16 02:48","5","W","9"
"2018-02-16 03:08","5","W","9"
"2018-02-16 03:28","5","W","11"
"2018-02-16 03:48","8","W","18"
"2018-02-16 04:08","5","WNW","14"
"2018-02-16 04:28","5","W","17"
"2018-02-16 04:48","5","WNW","13"
"2018-02-16 05:08","7","W","15"
"2018-02-16 05:28","9","W","18"
"2018-02-16 05:48","9","W","14"
"2018-02-16 06:08","12","W","31"
"2018-02-16 06:28","12","W","22"
"2018-02-16 06:48","12","W","21"
"2018-02-16 07:08","10","W","19"
"2018-02-16 07:28","6","W","14"
"2018-02-16 07:48","1","SW","10"
"2018-02-16 08:08","5","W","13"
"2018-02-16 08:28","6","WSW","13"
"2018-02-16 08:48","5","W","14"
"2018-02-16 09:08","10","WSW","18"
"2018-02-16 09:28","9","WSW","21"
"2018-02-16 09:48","8","W","18"
"2018-02-16 10:08","12","WSW","21"
"2018-02-16 10:28","14","W","25"
"2018-02-16 10:48","23","W","31"
"2018-02-16 11:08","14","W","35"
"2018-02-16 11:28","17","W","27"
"2018-02-16 11:48","17","W","27"
"2018-02-16 12:08","15","W","23"
"2018-02-16 12:28","17","W","26"
"2018-02-16 12:48","18","W","31"
"2018-02-16 13:08","23","W","32"
"2018-02-16 13:28","18","W","29"
"2018-02-16 13:48","16","W","29"
"2018-02-16 14:08","12","WSW","22"
"2018-02-16 14:28","13","W","28"
"2018-02-16 14:48","18","W","32"
"2018-02-16 15:08","20","W","28"
"2018-02-16 15:28","13","W","28"
"2018-02-16 15:48","18","W","29"
"2018-02-16 16:08","13","W","25"
"2018-02-16 16:28","17","W","28"
"2018-02-16 16:48","15","W","22"
"2018-02-16 17:08","10","W","26"
"2018-02-16 17:28","1","WSW","14"
"2018-02-16 17:48","1","SSE","3"
"2018-02-16 18:08","0","S","0"
"2018-02-16 18:28","2","S","3"
"2018-02-16 18:48","1","SSW","4"
"2018-02-16 19:08","1","WSW","5"
"2018-02-16 19:28","1","S","5"
"2018-02-16 19:48","1","S","7"
"2018-02-16 20:08","0","SSW","5"
"2018-02-16 20:28","0","ESE","6"
"2018-02-16 20:48","3","S","6"
"2018-02-16 21:08","1","SE","6"
"2018-02-16 21:28","3","SSW","8"
"2018-02-16 21:48","1","S","8"
"2018-02-16 22:08","3","S","8"
"2018-02-16 22:28","1","SSE","9"
"2018-02-16 22:48","3","SSW","10"
"2018-02-16 23:08","2","S","6"
"2018-02-16 23:28","4","S","9"
"2018-02-16 23:48","4","S","10"
"2018-02-17 00:08","3","S","9"
"2018-02-17 00:28","3","WSW","9"
"2018-02-17 00:48","3","SSE","10"
"2018-02-17 01:08","3","S","9"
"2018-02-17 01:28","2","SSW","9"
"2018-02-17 01:48","2","SSW","8"
"2018-02-17 02:08","1","S","5"
"2018-02-17 02:28","2","S","5"
"2018-02-17 02:48","4","SSE","8"
"2018-02-17 03:08","3","SSE","7"
"2018-02-17 03:28","3","ESE","8"
"2018-02-17 03:48","3","S","8"
"2018-02-17 04:08","3","SE","8"
"2018-02-17 04:28","2","ESE","8"
"2018-02-17 04:48","2","SSW","6"
"2018-02-17 05:08","1","SSE","4"
"2018-02-17 05:28","1","SE","4"
"2018-02-17 05:48","2","S","6"
"2018-02-17 06:08","1","SSW","9"
"2018-02-17 06:28","1","S","8"
"2018-02-17 06:48","3","SSE","7"
"2018-02-17 07:08","2","S","6"
"2018-02-17 07:28","1","WSW","6"
"2018-02-17 07:48","2","W","15"
"2018-02-17 08:08","5","SW","11"
"2018-02-17 08:28","8","WSW","14"
"2018-02-17 08:48","8","W","17"
"2018-02-17 09:08","9","WSW","14"
"2018-02-17 09:28","10","W","22"
"2018-02-17 09:48","9","W","19"
"2018-02-17 10:08","8","W","18"
"2018-02-17 10:28","12","W","25"
"2018-02-17 10:48","16","WSW","30"
"2018-02-17 11:08","20","W","27"
"2018-02-17 11:28","17","W","30"
"2018-02-17 11:48","17","W","34"
"2018-02-17 12:08","21","W","34"
"2018-02-17 12:28","22","W","33"
"2018-02-17 12:48","16","W","31"
"2018-02-17 13:08","11","W","20"
"2018-02-17 13:28","11","W","29"
"2018-02-17 13:48","13","W","27"
"2018-02-17 14:08","15","W","28"
"2018-02-17 14:28","15","WNW","35"
"2018-02-17 14:48","15","WSW","30"
"2018-02-17 15:08","10","W","26"
"2018-02-17 15:28","16","W","32"
"2018-02-17 15:48","17","W","27"
"2018-02-17 16:08","15","W","42"
"2018-02-17 16:28","19","W","28"
"2018-02-17 16:48","19","W","32"
"2018-02-17 17:08","14","W","35"
"2018-02-17 17:28","15","W","24"
"2018-02-17 17:48","7","W","16"
"2018-02-17 18:08","9","W","15"
"2018-02-17 18:28","0","W","7"
"2018-02-17 18:48","0","WSW","5"
"2018-02-17 19:08","0","S","6"
"2018-02-17 19:28","0","S","3"
"2018-02-17 19:48","1","W","4"
"2018-02-17 20:08","4","W","10"
"2018-02-17 20:28","5","W","8"
"2018-02-17 20:48","3","W","6"
"2018-02-17 21:08","4","W","8"
"2018-02-17 21:28","9","W","12"
"2018-02-17 21:48","6","W","14"
"2018-02-17 22:08","9","WNW","18"
"2018-02-17 22:28","7","WNW","28"
"2018-02-17 22:48","11","WNW","24"
"2018-02-17 23:08","10","WNW","17"
"2018-02-17 23:28","8","NW","18"
"2018-02-17 23:48","7","W","20"
"2018-02-18 00:08","6","NW","14"
"2018-02-18 00:28","8","WNW","18"
"2018-02-18 00:48","8","NW","16"
"2018-02-18 01:08","7","NW","20"
"2018-02-18 01:28","3","N","12"
"2018-02-18 01:48","3","W","9"
"2018-02-18 02:08","0","W","7"
"2018-02-18 02:28","0","NNE","0"
"2018-02-18 02:48","0","SE","0"
"2018-02-18 03:08","0","W","0"
"2018-02-18 03:28","2","W","8"
"2018-02-18 03:48","0","WSW","2"
"2018-02-18 04:08","0","S","3"
"2018-02-18 04:28","3","W","4"
"2018-02-18 04:48","0","SSW","0"
"2018-02-18 05:08","3","W","4"
"2018-02-18 05:28","0","WNW","3"
"2018-02-18 05:48","0","W","0"
"2018-02-18 06:08","0","W","0"
"2018-02-18 06:28","0","W","0"
"2018-02-18 06:48","0","W","0"
"2018-02-18 07:08","0","W","0"
"2018-02-18 07:28","0","W","0"
"2018-02-18 07:48","0","W","0"
"2018-02-18 08:08","0","W","0"
"2018-02-18 08:28","0","N","0"
"2018-02-18 08:48","0","S","0"
"2018-02-18 09:08","0","WSW","0"
"2018-02-18 09:28","3","S","5"
"2018-02-18 09:48","4","W","6"
"2018-02-18 10:08","5","WSW","12"
"2018-02-18 10:28","9","W","19"
"2018-02-18 10:48","8","W","14"
"2018-02-18 11:08","7","WSW","12"
"2018-02-18 11:28","7","WSW","11"
"2018-02-18 11:48","0","ESE","9"
"2018-02-18 12:08","6","WSW","9"
"2018-02-18 12:28","1","SW","9"
"2018-02-18 12:48","4","ENE","12"
"2018-02-18 13:08","6","ENE","11"
"2018-02-18 13:28","0","ESE","7"
"2018-02-18 13:48","3","E","7"
"2018-02-18 14:08","3","WNW","7"
"2018-02-18 14:28","1","NE","5"
"2018-02-18 14:48","7","E","10"
"2018-02-18 15:08","6","NE","8"
"2018-02-18 15:28","7","ENE","8"
"2018-02-18 15:48","1","ENE","8"
"2018-02-18 16:08","5","ENE","7"
"2018-02-18 16:28","2","NE","9"
"2018-02-18 16:48","4","E","8"
"2018-02-18 17:08","3","ENE","6"
"2018-02-18 17:28","1","NW","9"
"2018-02-18 17:48","4","ENE","9"
"2018-02-18 18:08","3","NE","10"
"2018-02-18 18:28","4","NNE","13"
"2018-02-18 18:48","4","NNE","11"
"2018-02-18 19:08","6","ENE","12"
"2018-02-18 19:28","5","ENE","10"
"2018-02-18 19:48","6","ENE","11"
"2018-02-18 20:08","5","ENE","12"
"2018-02-18 20:28","5","ENE","12"
"2018-02-18 20:48","4","ENE","7"
"2018-02-18 21:08","3","NE","10"
"2018-02-18 21:28","5","NNE","11"
"2018-02-18 21:48","6","NNE","12"
"2018-02-18 22:08","5","NE","10"
"2018-02-18 22:28","4","E","9"
"2018-02-18 22:48","4","NE","10"
"2018-02-18 23:08","3","NE","9"
"2018-02-18 23:28","2","N","7"
"2018-02-18 23:48","5","ENE","10"
"2018-02-19 00:08","4","NE","11"
"2018-02-19 00:28","7","NE","13"
"2018-02-19 00:48","6","NNE","13"
"2018-02-19 01:08","8","N","15"
"2018-02-19 01:28","4","N","11"
"2018-02-19 01:48","5","E","15"
"2018-02-19 02:08","4","E","11"
"2018-02-19 02:28","5","E","9"
"2018-02-19 02:48","5","NE","10"
"2018-02-19 03:08","6","ENE","13"
"2018-02-19 03:28","3","ENE","12"
"2018-02-19 03:48","5","ENE","13"
"2018-02-19 04:08","3","NE","9"
"2018-02-19 04:28","3","NE","7"
"2018-02-19 04:48","2","NE","7"
"2018-02-19 05:08","2","ENE","6"
"2018-02-19 05:28","0","E","6"
"2018-02-19 05:48","0","WNW","4"
"2018-02-19 06:08","0","NW","5"
"2018-02-19 06:28","3","NNE","9"
"2018-02-19 06:48","3","NNE","8"
"2018-02-19 07:08","3","NNE","6"
"2018-02-19 07:28","2","NE","6"
"2018-02-19 07:48","0","N","6"
"2018-02-19 08:08","3","N","8"
"2018-02-19 08:28","1","E","5"
"2018-02-19 08:48","4","NE","7"
"2018-02-19 09:08","5","NE","10"
"2018-02-19 09:28","4","NE","8"
"2018-02-19 09:48","7","NE","11"
"2018-02-19 10:08","6","ENE","15"
"2018-02-19 10:28","9","NE","21"
"2018-02-19 10:48","4","ENE","17"
"2018-02-19 11:08","4","NNE","12"
"2018-02-19 11:28","7","ENE","13"
"2018-02-19 11:48","9","E","20"
"2018-02-19 12:08","7","ENE","15"
"2018-02-19 12:28","9","ENE","19"
"2018-02-19 12:48","10","NE","17"
"2018-02-19 13:08","6","E","13"
"2018-02-19 13:28","5","NNW","15"
"2018-02-19 13:48","9","ENE","16"
"2018-02-19 14:08","11","NE","20"
"2018-02-19 14:28","6","N","18"
"2018-02-19 14:48","6","N","15"
"2018-02-19 15:08","13","ENE","19"
"2018-02-19 15:28","9","E","18"
"2018-02-19 15:48","14","ENE","22"
"2018-02-19 16:08","9","NE","18"
"2018-02-19 16:28","11","E","18"
"2018-02-19 16:48","14","ENE","18"
"2018-02-19 17:08","9","E","19"
"2018-02-19 17:28","8","NE","12"
"2018-02-19 17:48","8","ENE","18"
"2018-02-19 18:08","8","ENE","19"
"2018-02-19 18:28","7","NE","17"
"2018-02-19 18:48","10","ENE","18"
"2018-02-19 19:08","11","ENE","19"
"2018-02-19 19:28","13","E","19"
"2018-02-19 19:48","14","ENE","23"
"2018-02-19 20:08","12","ENE","16"
"2018-02-19 20:28","13","ENE","21"
"2018-02-19 20:48","11","ENE","23"
"2018-02-19 21:08","9","ENE","21"
"2018-02-19 21:28","12","ENE","20"
"2018-02-19 21:48","10","ENE","26"
"2018-02-19 22:08","9","E","23"
"2018-02-19 22:28","12","ENE","19"
"2018-02-19 22:48","12","E","20"
"2018-02-19 23:08","8","ENE","22"
"2018-02-19 23:28","10","ENE","22"
"2018-02-19 23:48","10","E","24"
"2018-02-20 00:08","12","ENE","22"
"2018-02-20 00:28","9","ENE","17"
"2018-02-20 00:48","11","ENE","21"
"2018-02-20 01:08","12","ENE","22"
"2018-02-20 01:28","10","E","26"
"2018-02-20 01:48","10","ENE","19"
"2018-02-20 02:08","10","ENE","18"
"2018-02-20 02:28","13","ENE","21"
"2018-02-20 02:48","12","E","27"
"2018-02-20 03:08","14","ENE","26"
"2018-02-20 03:28","15","ENE","33"
"2018-02-20 03:48","14","ENE","32"
"2018-02-20 04:08","13","ENE","28"
"2018-02-20 04:28","9","ENE","28"
"2018-02-20 04:48","13","ENE","23"
"2018-02-20 05:08","14","ENE","31"
"2018-02-20 05:28","17","ENE","33"
"2018-02-20 05:48","15","ENE","33"
"2018-02-20 06:08","18","ENE","36"
"2018-02-20 06:28","10","ENE","31"
"2018-02-20 06:48","12","ENE","24"
"2018-02-20 07:08","14","ENE","27"
"2018-02-20 07:28","9","E","29"
"2018-02-20 07:48","16","ENE","26"
"2018-02-20 08:08","15","NE","28"
"2018-02-20 08:28","12","ENE","25"
"2018-02-20 08:48","14","ENE","24"
"2018-02-20 09:08","9","ENE","25"
"2018-02-20 09:28","13","ENE","25"
"2018-02-20 09:48","10","ENE","30"
"2018-02-20 10:08","14","ENE","26"
"2018-02-20 10:28","11","E","27"
"2018-02-20 10:48","17","ENE","37"
"2018-02-20 11:08","18","ENE","30"
"2018-02-20 11:28","13","ENE","29"
"2018-02-20 11:48","14","NE","21"
"2018-02-20 12:08","15","ENE","32"
"2018-02-20 12:28","9","E","24"
"2018-02-20 12:48","15","ENE","21"
"2018-02-20 13:08","14","ENE","23"
"2018-02-20 13:28","14","ENE","22"
"2018-02-20 13:48","9","E","18"
"2018-02-20 14:08","7","E","18"
"2018-02-20 14:28","11","E","18"
"2018-02-20 14:48","7","ENE","13"
"2018-02-20 15:08","5","E","15"
"2018-02-20 15:28","6","E","16"
"2018-02-20 15:48","5","NE","13"
"2018-02-20 16:08","3","ENE","9"
"2018-02-20 16:28","4","NE","9"
"2018-02-20 16:48","3","ENE","6"
"2018-02-20 17:08","3","NNE","9"
"2018-02-20 17:28","1","NE","7"
"2018-02-20 17:48","2","NE","6"
"2018-02-20 18:08","0","N","5"
"2018-02-20 18:28","0","ENE","0"
"2018-02-20 18:48","0","W","2"
"2018-02-20 19:08","3","W","6"
"2018-02-20 19:28","3","WNW","8"
"2018-02-20 19:48","7","W","10"
"2018-02-20 20:08","4","WNW","9"
"2018-02-20 20:28","4","WNW","9"
"2018-02-20 20:48","3","WNW","6"
"2018-02-20 21:08","0","W","5"
"2018-02-20 21:28","0","SW","2"
"2018-02-20 21:48","0","SW","0"
"2018-02-20 22:08","0","WSW","0"
"2018-02-20 22:28","4","W","6"
"2018-02-20 22:48","5","W","9"
"2018-02-20 23:08","8","W","12"
"2018-02-20 23:28","7","W","10"
"2018-02-20 23:48","6","WNW","16"
"2018-02-21 00:08","8","W","12"
"2018-02-21 00:28","7","W","12"
"2018-02-21 00:48","5","W","16"
"2018-02-21 01:08","6","W","10"
"2018-02-21 01:28","7","WNW","12"
"2018-02-21 01:48","6","W","10"
"2018-02-21 02:08","4","W","10"
"2018-02-21 02:28","6","W","10"
"2018-02-21 02:48","6","W","12"
"2018-02-21 03:12","5","W","8"
"2018-02-21 03:28","3","WSW","8"
"2018-02-21 03:48","1","WSW","9"
"2018-02-21 04:08","3","W","8"
"2018-02-21 04:28","4","W","12"
"2018-02-21 04:48","8","W","13"
"2018-02-21 05:08","4","W","9"
"2018-02-21 05:28","8","W","12"
"2018-02-21 05:48","0","WSW","5"
"2018-02-21 06:08","4","W","8"
"2018-02-21 06:28","3","WSW","6"
"2018-02-21 06:48","4","W","7"
"2018-02-21 07:08","4","W","9"
"2018-02-21 07:28","7","W","10"
"2018-02-21 07:48","5","W","12"
"2018-02-21 08:08","5","WSW","14"
"2018-02-21 08:28","13","W","20"
"2018-02-21 08:48","9","W","14"
"2018-02-21 09:08","10","W","17"
"2018-02-21 09:28","8","W","18"
"2018-02-21 09:48","11","W","16"
"2018-02-21 10:08","13","W","21"
"2018-02-21 10:28","13","W","22"
"2018-02-21 10:48","20","W","31"
"2018-02-21 11:08","10","W","31"
"2018-02-21 11:28","14","W","26"
"2018-02-21 11:48","19","W","27"
"2018-02-21 12:08","13","WSW","23"
"2018-02-21 12:28","12","W","19"
"2018-02-21 12:48","13","W","26"
"2018-02-21 13:08","14","W","27"
"2018-02-21 13:28","13","WSW","24"
"2018-02-21 13:48","12","W","26"
"2018-02-21 14:08","22","W","35"
"2018-02-21 14:28","11","W","25"
"2018-02-21 14:48","12","W","23"
"2018-02-21 15:08","15","SW","26"
"2018-02-21 15:28","13","W","28"
"2018-02-21 15:48","13","W","21"
"2018-02-21 16:08","15","W","22"
"2018-02-21 16:28","8","SSW","14"
"2018-02-21 16:48","9","WSW","18"
"2018-02-21 17:08","9","W","15"
"2018-02-21 17:28","3","SW","12"
"2018-02-21 17:48","5","SSW","14"
"2018-02-21 18:08","5","S","9"
"2018-02-21 18:28","5","SW","11"
"2018-02-21 18:48","3","WSW","12"
"2018-02-21 19:08","8","SW","13"
"2018-02-21 19:28","6","W","13"
"2018-02-21 19:48","4","WSW","13"
"2018-02-21 20:08","4","WSW","12"
"2018-02-21 20:28","2","WSW","10"
"2018-02-21 20:48","3","WSW","7"
"2018-02-21 21:08","2","SW","9"
"2018-02-21 21:28","1","S","5"
"2018-02-21 21:48","1","SSW","6"
"2018-02-21 22:08","3","SSW","5"
"2018-02-21 22:28","3","S","6"
"2018-02-21 22:48","3","SW","5"
"2018-02-21 23:08","1","SSW","4"
"2018-02-21 23:28","1","SSE","4"
"2018-02-21 23:48","1","S","6"
"2018-02-22 00:08","1","SW","5"
"2018-02-22 00:28","1","S","5"
"2018-02-22 00:48","0","S","1"
"2018-02-22 01:08","0","S","4"
"2018-02-22 01:28","0","S","0"
"2018-02-22 01:48","0","SW","0"
"2018-02-22 02:08","1","S","3"
"2018-02-22 02:28","0","S","4"
"2018-02-22 02:48","3","S","6"
"2018-02-22 03:08","0","S","5"
"2018-02-22 03:28","3","S","5"
"2018-02-22 03:48","3","S","5"
"2018-02-22 04:08","2","SSW","6"
"2018-02-22 04:28","3","SSW","5"
"2018-02-22 04:48","1","S","4"
"2018-02-22 05:08","0","SSW","0"
"2018-02-22 05:28","0","S","0"
"2018-02-22 05:48","0","SW","4"
"2018-02-22 06:08","0","W","0"
"2018-02-22 06:28","0","W","0"
"2018-02-22 06:48","0","SW","0"
"2018-02-22 07:08","0","W","0"
"2018-02-22 07:28","0","S","0"
"2018-02-22 07:48","0","S","0"
"2018-02-22 08:08","0","S","2"
"2018-02-22 08:28","0","SW","5"
"2018-02-22 08:48","4","W","5"
"2018-02-22 09:08","2","SW","4"
"2018-02-22 09:28","0","S","3"
"2018-02-22 09:48","1","WNW","8"
"2018-02-22 10:08","9","W","14"
"2018-02-22 10:28","6","WSW","9"
"2018-02-22 10:48","6","W","11"
"2018-02-22 11:08","14","W","19"
"2018-02-22 11:28","10","W","17"
"2018-02-22 11:48","13","W","22"
"2018-02-22 12:08","12","W","18"
"2018-02-22 12:28","13","W","18"
"2018-02-22 12:48","10","WSW","15"
"2018-02-22 13:08","6","W","13"
"2018-02-22 13:28","3","SW","8"
"2018-02-22 13:48","7","W","17"
"2018-02-22 14:08","10","W","16"
"2018-02-22 14:28","11","SW","22"
"2018-02-22 14:48","9","SSW","15"
"2018-02-22 15:08","5","SSW","18"
"2018-02-22 15:28","9","SW","17"
"2018-02-22 15:48","","SSW","20"
"2018-02-22 16:08","5","N","21"
"2018-02-22 16:28","5","W","17"
"2018-02-22 16:48","10","S","21"
"2018-02-22 17:08","7","S","15"
"2018-02-22 17:28","6","SSW","17"
"2018-02-22 17:48","5","SW","15"
"2018-02-22 18:08","5","SSW","19"
"2018-02-22 18:28","6","SW","15"
"2018-02-22 18:48","6","W","25"
"2018-02-22 19:08","5","S","11"
"2018-02-22 19:28","13","SSW","27"
"2018-02-22 19:48","9","S","22"
"2018-02-22 20:08","5","S","20"
"2018-02-22 20:28","4","W","21"
"2018-02-22 20:48","8","SW","16"
"2018-02-22 21:08","3","SSW","22"
"2018-02-22 21:28","9","S","20"
"2018-02-22 21:48","4","SSE","15"
"2018-02-22 22:08","4","SSW","13"
"2018-02-22 22:28","7","SSW","17"
"2018-02-22 22:48","8","S","24"
"2018-02-22 23:08","7","SSW","18"
"2018-02-22 23:28","4","S","19"
"2018-02-22 23:48","4","SSW","19"
"2018-02-23 00:08","9","SSW","17"
"2018-02-23 00:28","7","S","18"
"2018-02-23 00:48","8","S","17"
"2018-02-23 01:08","5","SSW","17"
"2018-02-23 01:28","6","S","15"
"2018-02-23 01:48","6","S","18"
"2018-02-23 02:08","6","SSW","12"
"2018-02-23 02:28","4","S","12"
"2018-02-23 02:48","3","SSW","11"
"2018-02-23 03:08","5","S","12"
"2018-02-23 03:28","4","SSE","11"
"2018-02-23 03:48","2","SW","5"
"2018-02-23 04:08","0","SSE","4"
"2018-02-23 04:28","2","S","5"
"2018-02-23 04:48","1","SE","4"
"2018-02-23 05:08","0","ESE","3"
"2018-02-23 05:28","0","ENE","0"
"2018-02-23 05:48","0","E","0"
"2018-02-23 06:08","0","E","3"
"2018-02-23 06:28","0","ENE","1"
"2018-02-23 06:48","1","ESE","5"
"2018-02-23 07:08","0","ESE","0"
"2018-02-23 07:28","0","E","0"
"2018-02-23 07:48","0","ENE","0"
"2018-02-23 08:08","0","ESE","0"
"2018-02-23 08:28","0","NE","0"
"2018-02-23 08:48","0","ENE","0"
"2018-02-23 09:08","0","NNE","0"
"2018-02-23 09:28","0","ENE","0"
"2018-02-23 09:48","0","NE","0"
"2018-02-23 10:08","0","NE","0"
"2018-02-23 10:28","0","ENE","0"
"2018-02-23 10:48","0","NNE","0"
"2018-02-23 11:08","0","NE","0"
"2018-02-23 11:28","0","NNW","0"
"2018-02-23 11:48","0","NW","0"
"2018-02-23 12:08","5","N","9"
"2018-02-23 12:28","1","WNW","10"
"2018-02-23 12:48","3","NE","11"
"2018-02-23 13:08","3","N","10"
"2018-02-23 13:28","1","NNE","9"
"2018-02-23 13:48","1","E","11"
"2018-02-23 14:08","4","W","8"
"2018-02-23 14:28","7","NW","11"
"2018-02-23 14:48","3","W","8"
"2018-02-23 15:08","7","W","9"
"2018-02-23 15:28","4","NW","9"
"2018-02-23 15:48","5","W","8"
"2018-02-23 16:08","5","WNW","10"
"2018-02-23 16:28","5","W","12"
"2018-02-23 16:48","6","W","12"
"2018-02-23 17:08","5","WSW","8"
"2018-02-23 17:28","4","W","6"
"2018-02-23 17:48","5","W","8"
"2018-02-23 18:08","6","W","16"
"2018-02-23 18:28","5","WNW","13"
"2018-02-23 18:48","7","W","13"
"2018-02-23 19:08","5","W","9"
"2018-02-23 19:28","1","SW","4"
"2018-02-23 19:48","0","W","4"
"2018-02-23 20:08","0","WNW","5"
"2018-02-23 20:28","0","W","0"
"2018-02-23 20:48","0","WSW","0"
"2018-02-23 21:08","0","SSW","3"
"2018-02-23 21:28","0","SE","4"
"2018-02-23 21:48","2","W","4"
"2018-02-23 22:08","0","SSW","0"
"2018-02-23 22:28","0","W","0"
"2018-02-23 22:48","0","S","0"
"2018-02-23 23:08","0","SSW","0"
"2018-02-23 23:28","0","S","3"
"2018-02-23 23:48","0","W","8"
"2018-02-24 00:08","0","WSW","0"
"2018-02-24 00:28","0","S","0"
"2018-02-24 00:48","0","SE","0"
"2018-02-24 01:08","0","SSW","0"
"2018-02-24 01:28","0","WNW","0"
"2018-02-24 01:48","0","E","0"
"2018-02-24 02:08","0","SSE","0"
"2018-02-24 02:28","0","SSE","0"
"2018-02-24 02:48","0","SSE","0"
"2018-02-24 03:08","0","SSE","0"
"2018-02-24 03:28","0","WSW","0"
"2018-02-24 03:48","0","NW","0"
"2018-02-24 04:08","0","NE","0"
"2018-02-24 04:28","0","NE","0"
"2018-02-24 04:48","0","NE","0"
"2018-02-24 05:08","0","NE","0"
"2018-02-24 05:28","0","NE","0"
"2018-02-24 05:48","0","NE","0"
"2018-02-24 06:08","0","NE","0"
"2018-02-24 06:28","0","NE","0"
"2018-02-24 06:48","0","NE","0"
"2018-02-24 07:08","0","NE","0"
"2018-02-24 07:28","0","NE","0"
"2018-02-24 07:48","0","NE","0"
"2018-02-24 08:08","0","NE","0"
"2018-02-24 08:28","0","NE","0"
"2018-02-24 08:48","0","NE","0"
"2018-02-24 09:08","0","NE","0"
"2018-02-24 09:28","0","NE","0"
"2018-02-24 09:48","0","NE","0"
"2018-02-24 10:08","0","E","0"
"2018-02-24 10:28","0","NNW","0"
"2018-02-24 10:48","0","S","5"
"2018-02-24 11:08","4","SSW","8"
"2018-02-24 11:28","2","S","10"
"2018-02-24 11:48","5","SSE","12"
"2018-02-24 12:08","7","SSW","12"
"2018-02-24 12:28","6","W","12"
"2018-02-24 12:48","4","SSW","14"
"2018-02-24 13:08","5","SSW","13"
"2018-02-24 13:28","3","SW","12"
"2018-02-24 13:48","5","SSW","13"
"2018-02-24 14:08","3","NW","13"
"2018-02-24 14:28","4","SSW","14"
"2018-02-24 14:48","3","S","15"
"2018-02-24 15:08","3","WSW","10"
"2018-02-24 15:28","3","SSW","8"
"2018-02-24 15:48","1","SE","12"
"2018-02-24 16:08","6","SSE","12"
"2018-02-24 16:28","7","S","16"
"2018-02-24 16:48","6","S","13"
"2018-02-24 17:08","6","SSE","17"
"2018-02-24 17:28","4","S","15"
"2018-02-24 17:48","4","S","12"
"2018-02-24 18:08","4","S","15"
"2018-02-24 18:28","6","SSW","15"
"2018-02-24 18:48","5","SSE","16"
"2018-02-24 19:08","2","ESE","15"
"2018-02-24 19:28","4","SSE","11"
"2018-02-24 19:48","5","S","12"
"2018-02-24 20:08","1","SSE","9"
"2018-02-24 20:28","3","SE","7"
"2018-02-24 20:48","1","E","5"
"2018-02-24 21:08","4","SE","13"
"2018-02-24 21:28","1","ESE","6"
"2018-02-24 21:48","0","E","7"
"2018-02-24 22:08","0","ESE","3"
"2018-02-24 22:28","1","ENE","4"
"2018-02-24 22:48","3","ENE","5"
"2018-02-24 23:08","2","ENE","4"
"2018-02-24 23:28","3","ENE","6"
"2018-02-24 23:48","4","ENE","8"
"2018-02-25 00:08","3","ENE","7"
"2018-02-25 00:28","5","ENE","8"
"2018-02-25 00:48","8","ENE","10"
"2018-02-25 01:08","3","E","8"
"2018-02-25 01:28","6","ENE","12"
"2018-02-25 01:48","4","ESE","8"
"2018-02-25 02:08","6","NE","12"
"2018-02-25 02:28","1","E","5"
"2018-02-25 02:48","3","NE","6"
"2018-02-25 03:08","6","ENE","8"
"2018-02-25 03:28","9","E","15"
"2018-02-25 03:48","9","ENE","18"
"2018-02-25 04:08","9","ENE","12"
"2018-02-25 04:28","9","E","17"
"2018-02-25 04:48","8","ENE","20"
"2018-02-25 05:08","11","ENE","17"
"2018-02-25 05:28","8","E","18"
"2018-02-25 05:48","10","ENE","18"
"2018-02-25 06:08","13","ENE","22"
"2018-02-25 06:28","12","ENE","22"
"2018-02-25 06:48","12","ENE","24"
"2018-02-25 07:08","14","E","23"
"2018-02-25 07:28","12","ENE","21"
"2018-02-25 07:48","8","ENE","20"
"2018-02-25 08:08","9","ENE","22"
"2018-02-25 08:28","9","ENE","13"
"2018-02-25 08:48","7","ENE","14"
"2018-02-25 09:08","3","NE","10"
"2018-02-25 09:28","1","NE","7"
"2018-02-25 09:48","1","NE","5"
"2018-02-25 10:08","2","W","5"
"2018-02-25 10:28","1","NW","8"
"2018-02-25 10:48","4","NW","7"
"2018-02-25 11:08","2","N","8"
"2018-02-25 11:28","4","WSW","6"
"2018-02-25 11:48","4","N","9"
"2018-02-25 12:08","7","WNW","11"
"2018-02-25 12:28","8","WNW","12"
"2018-02-25 12:48","9","W","13"
"2018-02-25 13:08","10","W","18"
"2018-02-25 13:28","10","WNW","17"
"2018-02-25 13:48","9","W","18"
"2018-02-25 14:08","14","W","24"
"2018-02-25 14:28","20","W","38"
"2018-02-25 14:48","15","W","35"
"2018-02-25 15:08","14","W","36"
"2018-02-25 15:28","14","W","29"
"2018-02-25 15:48","18","W","27"
"2018-02-25 16:08","14","W","24"
"2018-02-25 16:28","14","W","30"
"2018-02-25 16:48","10","WNW","21"
"2018-02-25 17:08","15","W","27"
"2018-02-25 17:28","15","W","36"
"2018-02-25 17:48","16","W","29"
"2018-02-25 18:08","15","W","34"
"2018-02-25 18:28","14","W","26"
"2018-02-25 18:48","11","WNW","21"
"2018-02-25 19:08","15","W","31"
"2018-02-25 19:28","12","WNW","24"
"2018-02-25 19:48","13","W","24"
"2018-02-25 20:08","14","W","21"
"2018-02-25 20:28","13","W","25"
"2018-02-25 20:48","11","W","26"
"2018-02-25 21:08","16","W","23"
"2018-02-25 21:28","10","W","27"
"2018-02-25 21:48","11","W","20"
"2018-02-25 22:08","8","W","15"
"2018-02-25 22:28","11","W","19"
"2018-02-25 22:48","10","W","18"
"2018-02-25 23:08","8","W","20"
"2018-02-25 23:28","11","W","17"
"2018-02-25 23:48","14","W","19"
"2018-02-26 00:08","8","W","19"
"2018-02-26 00:28","8","WNW","18"
"2018-02-26 00:48","11","W","22"
"2018-02-26 01:08","10","W","22"
"2018-02-26 01:28","13","W","20"
"2018-02-26 01:48","11","W","20"
"2018-02-26 02:08","12","WSW","26"
"2018-02-26 02:28","10","W","24"
"2018-02-26 02:48","12","W","21"
"2018-02-26 03:08","18","W","25"
"2018-02-26 03:28","16","W","24"
"2018-02-26 03:48","13","W","19"
"2018-02-26 04:08","12","W","19"
"2018-02-26 04:28","12","W","25"
"2018-02-26 04:48","11","W","14"
"2018-02-26 05:08","15","W","25"
"2018-02-26 05:28","15","WSW","27"
"2018-02-26 05:48","15","WSW","27"
"2018-02-26 06:08","11","W","18"
"2018-02-26 06:28","10","W","27"
"2018-02-26 06:48","10","W","21"
"2018-02-26 07:08","12","W","18"
"2018-02-26 07:28","11","W","17"
"2018-02-26 07:48","12","W","18"
"2018-02-26 08:08","10","W","15"
"2018-02-26 08:28","8","W","18"
"2018-02-26 08:48","4","W","10"
"2018-02-26 09:08","9","W","15"
"2018-02-26 09:28","7","W","15"
"2018-02-26 09:48","9","W","15"
"2018-02-26 10:08","12","W","18"
"2018-02-26 10:28","14","W","22"
"2018-02-26 10:48","10","WSW","23"
"2018-02-26 11:08","15","W","23"
"2018-02-26 11:28","14","W","22"
"2018-02-26 11:48","10","W","21"
"2018-02-26 12:08","15","W","23"
"2018-02-26 12:28","12","W","22"
"2018-02-26 12:48","12","W","25"
"2018-02-26 13:08","10","W","24"
"2018-02-26 13:28","11","W","18"
"2018-02-26 13:48","16","W","23"
"2018-02-26 14:08","11","W","19"
"2018-02-26 14:28","10","W","17"
"2018-02-26 14:48","8","W","14"
"2018-02-26 15:08","7","WSW","17"
"2018-02-26 15:28","5","W","17"
"2018-02-26 15:48","5","SW","12"
"2018-02-26 16:08","3","SW","15"
"2018-02-26 16:28","4","SSW","11"
"2018-02-26 16:48","4","S","12"
"2018-02-26 17:08","5","S","11"
"2018-02-26 17:28","4","SSE","10"
"2018-02-26 17:48","4","S","10"
"2018-02-26 18:08","6","S","14"
"2018-02-26 18:28","5","SSE","15"
"2018-02-26 18:48","3","SSW","11"
"2018-02-26 19:08","4","ESE","9"
"2018-02-26 19:28","4","SSE","9"
"2018-02-26 19:48","5","SSE","10"
"2018-02-26 20:08","5","S","12"
"2018-02-26 20:28","4","SE","17"
"2018-02-26 20:48","8","S","19"
"2018-02-26 21:08","5","SSE","14"
"2018-02-26 21:28","2","SE","14"
"2018-02-26 21:48","4","SSE","12"
"2018-02-26 22:08","2","NE","13"
"2018-02-26 22:28","3","SSE","13"
"2018-02-26 22:48","5","S","10"
"2018-02-26 23:08","4","SW","13"
"2018-02-26 23:28","5","S","12"
"2018-02-26 23:48","4","SE","12"
"2018-02-27 00:08","4","SSE","12"
"2018-02-27 00:28","5","S","15"
"2018-02-27 00:48","5","SE","14"
"2018-02-27 01:08","3","S","13"
"2018-02-27 01:28","3","WSW","11"
"2018-02-27 01:48","1","W","12"
"2018-02-27 02:08","1","NE","9"
"2018-02-27 02:28","3","SW","13"
"2018-02-27 02:48","2","SSW","8"
"2018-02-27 03:08","3","SE","8"
"2018-02-27 03:28","3","SSW","10"
"2018-02-27 03:48","3","WSW","10"
"2018-02-27 04:08","5","W","11"
"2018-02-27 04:28","7","W","14"
"2018-02-27 04:48","10","W","14"
"2018-02-27 05:08","11","W","19"
"2018-02-27 05:28","7","W","13"
"2018-02-27 05:48","5","W","10"
"2018-02-27 06:08","5","W","10"
"2018-02-27 06:28","5","W","9"
"2018-02-27 06:48","3","W","8"
"2018-02-27 07:08","6","W","11"
"2018-02-27 07:28","5","WNW","10"
"2018-02-27 07:48","5","W","8"
"2018-02-27 08:08","6","W","12"
"2018-02-27 08:28","6","WNW","10"
"2018-02-27 08:48","8","W","15"
"2018-02-27 09:08","12","W","19"
"2018-02-27 09:28","9","W","17"
"2018-02-27 09:48","7","WNW","18"
"2018-02-27 10:08","7","WNW","17"
"2018-02-27 10:28","7","WSW","14"
"2018-02-27 10:48","6","W","14"
"2018-02-27 11:08","10","W","15"
"2018-02-27 11:28","14","W","22"
"2018-02-27 11:48","9","W","18"
"2018-02-27 12:08","6","W","14"
"2018-02-27 12:28","6","W","13"
"2018-02-27 12:48","9","W","19"
"2018-02-27 13:08","11","W","19"
"2018-02-27 13:28","8","W","16"
"2018-02-27 13:48","10","W","22"
"2018-02-27 14:08","10","NW","16"
"2018-02-27 14:28","10","W","18"
"2018-02-27 14:48","6","W","15"
"2018-02-27 15:08","5","SW","13"
"2018-02-27 15:28","10","W","16"
"2018-02-27 15:48","12","W","19"
"2018-02-27 16:08","10","W","20"
"2018-02-27 16:28","8","W","14"
"2018-02-27 16:48","5","W","11"
"2018-02-27 17:08","0","W","8"
"2018-02-27 17:28","1","N","5"
"2018-02-27 17:48","0","NE","3"
"2018-02-27 18:08","0","SE","0"
"2018-02-27 18:28","0","E","0"
"2018-02-27 18:48","0","W","0"
"2018-02-27 19:08","0","SSW","0"
"2018-02-27 19:28","0","W","0"
"2018-02-27 19:48","0","SE","0"
"2018-02-27 20:08","0","S","0"
"2018-02-27 20:28","0","E","0"
"2018-02-27 20:48","0","SE","0"
"2018-02-27 21:08","0","NNW","3"
"2018-02-27 21:28","0","SW","0"
"2018-02-27 21:48","0","NE","0"
"2018-02-27 22:08","9","W","16"
"2018-02-27 22:28","1","NNW","4"
"2018-02-27 22:48","1","W","3"
"2018-02-27 23:08","0","W","3"
"2018-02-27 23:28","0","W","0"
"2018-02-27 23:48","0","W","0"
"2018-02-28 00:08","0","SSW","0"
"2018-02-28 00:28","4","W","6"
"2018-02-28 00:48","0","SE","0"
"2018-02-28 01:08","0","WSW","5"
"2018-02-28 01:28","3","W","6"
"2018-02-28 01:48","2","W","5"
"2018-02-28 02:08","0","WNW","9"
"2018-02-28 02:28","0","NE","0"
"2018-02-28 02:48","1","WNW","5"
"2018-02-28 03:08","1","N","6"
"2018-02-28 03:28","0","NNW","0"
"2018-02-28 03:48","0","NNW","0"
"2018-02-28 04:08","0","WNW","4"
"2018-02-28 04:28","1","WNW","4"
"2018-02-28 04:48","0","N","3"
"2018-02-28 05:08","0","E","0"
"2018-02-28 05:28","3","WNW","6"
"2018-02-28 05:48","0","W","4"
"2018-02-28 06:08","0","N","0"
"2018-02-28 06:28","1","NW","4"
"2018-02-28 06:48","0","WNW","0"
"2018-02-28 07:08","0","NNW","1"
"2018-02-28 07:28","0","NNW","3"
"2018-02-28 07:48","0","WNW","4"
"2018-02-28 08:08","3","WNW","6"
"2018-02-28 08:28","1","WNW","6"
"2018-02-28 08:48","0","NE","4"
"2018-02-28 09:08","0","NW","5"
"2018-02-28 09:28","1","N","5"
"2018-02-28 09:48","5","NNE","8"
"2018-02-28 10:08","4","N","9"
"2018-02-28 10:28","8","NNE","14"
"2018-02-28 10:48","5","NE","12"
"2018-02-28 11:08","2","ENE","12"
"2018-02-28 11:28","4","N","8"
"2018-02-28 11:48","4","NW","9"
"2018-02-28 12:08","2","NE","9"
"2018-02-28 12:28","4","ENE","8"
"2018-02-28 12:48","4","ENE","9"
"2018-02-28 13:08","3","N","6"
"2018-02-28 13:28","5","NE","9"
"2018-02-28 13:48","5","ENE","11"
"2018-02-28 14:08","4","ENE","9"
"2018-02-28 14:28","3","NNE","12"
"2018-02-28 14:48","7","ENE","12"
"2018-02-28 15:08","8","NE","13"
"2018-02-28 15:28","4","NE","13"
"2018-02-28 15:48","5","E","11"
"2018-02-28 16:08","3","NE","11"
"2018-02-28 16:28","2","NNE","12"
"2018-02-28 16:48","3","NE","6"
"2018-02-28 17:08","4","NNE","11"
"2018-02-28 17:28","3","N","7"
"2018-02-28 17:48","1","NE","8"
"2018-02-28 18:08","1","N","6"
"2018-02-28 18:28","2","N","6"
"2018-02-28 18:48","1","N","4"
"2018-02-28 19:08","2","E","6"
"2018-02-28 19:28","4","NNE","10"
"2018-02-28 19:48","5","ENE","10"
"2018-02-28 20:08","4","ENE","10"
"2018-02-28 20:28","6","E","13"
"2018-02-28 20:48","11","ENE","17"
"2018-02-28 21:08","14","ENE","19"
"2018-02-28 21:28","8","E","15"
"2018-02-28 21:48","8","E","16"
"2018-02-28 22:08","5","ESE","10"
"2018-02-28 22:28","4","SE","8"
"2018-02-28 22:48","3","ESE","10"
"2018-02-28 23:08","2","E","8"
"2018-02-28 23:28","5","ENE","11"
"2018-02-28 23:48","8","ENE","17"